user_id,product_id,rating,timestamp,user_idx,product_idx
U0488,P0089,4.3,2025-07-01 17:15:17,487,88
U0265,P0185,3.8,2025-11-13 17:15:17,264,184
U0086,P0096,1.0,2026-01-20 17:15:17,85,95
U0384,P0200,2.6,2025-11-08 17:15:17,383,199
U0376,P0031,2.3,2026-03-10 17:15:17,375,30
U0172,P0110,3.2,2025-11-06 17:15:17,171,109
U0269,P0017,2.7,2025-11-11 17:15:17,268,16
U0365,P0148,3.2,2025-05-08 17:15:17,364,147
U0040,P0128,3.7,2025-08-04 17:15:17,39,127
U0262,P0093,1.7,2026-02-25 17:15:17,261,92
U0256,P0146,3.6,2025-12-30 17:15:17,255,145
U0189,P0041,4.0,2025-11-15 17:15:17,188,40
U0396,P0027,5.0,2025-06-05 17:15:17,395,26
U0346,P0186,2.4,2026-01-25 17:15:17,345,185
U0117,P0190,1.8,2025-07-08 17:15:17,116,189
U0002,P0012,1.0,2026-03-19 17:15:17,1,11
U0126,P0012,1.0,2025-07-27 17:15:17,125,11
U0187,P0099,2.4,2026-01-08 17:15:17,186,98
U0092,P0010,2.8,2025-06-15 17:15:17,91,9
U0412,P0183,3.0,2025-04-24 17:15:17,411,182
U0215,P0058,2.4,2025-10-12 17:15:17,214,57
U0128,P0107,3.4,2025-10-13 17:15:17,127,106
U0139,P0020,3.5,2025-06-06 17:15:17,138,19
U0191,P0031,2.6,2025-07-11 17:15:17,190,30
U0345,P0014,5.0,2025-12-24 17:15:17,344,13
U0115,P0133,4.9,2026-03-02 17:15:17,114,132
U0489,P0103,2.2,2026-02-18 17:15:17,488,102
U0450,P0120,1.6,2025-11-01 17:15:17,449,119
U0397,P0080,1.8,2025-10-09 17:15:17,396,79
U0045,P0142,1.8,2025-08-04 17:15:17,44,141
U0005,P0095,2.3,2025-12-13 17:15:17,4,94
U0150,P0145,3.0,2025-10-21 17:15:17,149,144
U0379,P0160,2.4,2025-11-21 17:15:17,378,159
U0238,P0095,2.6,2025-05-27 17:15:17,237,94
U0498,P0127,3.8,2025-12-15 17:15:17,497,126
U0376,P0140,3.3,2025-11-20 17:15:17,375,139
U0078,P0002,2.7,2025-08-28 17:15:17,77,1
U0013,P0060,4.4,2025-06-21 17:15:17,12,59
U0178,P0163,1.4,2025-04-04 17:15:17,177,162
U0450,P0003,3.9,2025-10-05 17:15:17,449,2
U0001,P0195,3.9,2025-04-23 17:15:17,0,194
U0193,P0189,2.5,2025-10-19 17:15:17,192,188
U0054,P0053,3.2,2025-06-27 17:15:17,53,52
U0122,P0108,4.2,2025-07-17 17:15:17,121,107
U0493,P0016,3.5,2026-01-12 17:15:17,492,15
U0365,P0072,4.3,2026-02-06 17:15:17,364,71
U0023,P0060,3.4,2025-07-02 17:15:17,22,59
U0212,P0180,4.4,2025-09-16 17:15:17,211,179
U0235,P0192,1.4,2026-02-10 17:15:17,234,191
U0298,P0025,2.6,2025-07-10 17:15:17,297,24
U0069,P0164,4.0,2025-09-05 17:15:17,68,163
U0039,P0152,2.3,2025-06-08 17:15:17,38,151
U0032,P0112,2.4,2025-04-20 17:15:17,31,111
U0494,P0034,1.0,2025-11-24 17:15:17,493,33
U0150,P0067,3.5,2025-10-15 17:15:17,149,66
U0475,P0101,4.1,2025-04-01 17:15:17,474,100
U0426,P0189,4.2,2025-10-09 17:15:17,425,188
U0163,P0116,1.5,2025-11-06 17:15:17,162,115
U0120,P0020,3.8,2025-12-12 17:15:17,119,19
U0070,P0200,1.6,2025-05-30 17:15:17,69,199
U0056,P0040,3.5,2026-01-30 17:15:17,55,39
U0085,P0116,2.9,2025-07-30 17:15:17,84,115
U0161,P0105,1.9,2026-01-23 17:15:17,160,104
U0275,P0092,5.0,2025-12-09 17:15:17,274,91
U0232,P0079,2.8,2025-07-31 17:15:17,231,78
U0136,P0031,3.4,2026-02-07 17:15:17,135,30
U0081,P0176,3.5,2025-10-21 17:15:17,80,175
U0424,P0181,1.8,2025-04-03 17:15:17,423,180
U0309,P0011,5.0,2025-12-05 17:15:17,308,10
U0428,P0084,3.7,2026-01-09 17:15:17,427,83
U0047,P0183,2.8,2025-11-18 17:15:17,46,182
U0496,P0092,4.3,2025-09-04 17:15:17,495,91
U0263,P0013,2.4,2025-04-13 17:15:17,262,12
U0154,P0067,4.8,2025-12-26 17:15:17,153,66
U0016,P0104,4.8,2025-08-06 17:15:17,15,103
U0285,P0192,1.0,2025-06-17 17:15:17,284,191
U0128,P0025,3.8,2025-08-01 17:15:17,127,24
U0053,P0036,1.0,2026-01-22 17:15:17,52,35
U0007,P0016,3.5,2025-12-02 17:15:17,6,15
U0067,P0051,3.6,2025-09-01 17:15:17,66,50
U0191,P0176,1.4,2025-05-07 17:15:17,190,175
U0481,P0166,3.6,2026-02-10 17:15:17,480,165
U0299,P0151,2.9,2025-11-13 17:15:17,298,150
U0470,P0020,3.8,2026-03-14 17:15:17,469,19
U0034,P0051,2.2,2025-04-29 17:15:17,33,50
U0228,P0033,3.3,2026-02-06 17:15:17,227,32
U0464,P0085,3.8,2026-01-22 17:15:17,463,84
U0022,P0119,5.0,2026-02-28 17:15:17,21,118
U0087,P0147,3.4,2025-08-16 17:15:17,86,146
U0421,P0186,2.3,2025-09-04 17:15:17,420,185
U0255,P0008,1.0,2025-09-11 17:15:17,254,7
U0350,P0110,1.7,2025-12-27 17:15:17,349,109
U0182,P0055,3.5,2025-12-20 17:15:17,181,54
U0141,P0072,4.1,2025-08-09 17:15:17,140,71
U0453,P0039,1.3,2026-03-08 17:15:17,452,38
U0315,P0159,1.9,2025-05-14 17:15:17,314,158
U0126,P0166,2.5,2025-10-25 17:15:17,125,165
U0256,P0106,4.3,2025-06-17 17:15:17,255,105
U0246,P0016,1.7,2026-02-09 17:15:17,245,15
U0144,P0099,2.9,2026-01-14 17:15:17,143,98
U0215,P0052,2.0,2025-04-30 17:15:17,214,51
U0453,P0135,4.0,2025-11-18 17:15:17,452,134
U0323,P0140,3.0,2026-03-16 17:15:17,322,139
U0196,P0183,2.5,2025-09-23 17:15:17,195,182
U0246,P0140,3.6,2025-07-20 17:15:17,245,139
U0177,P0145,2.4,2025-07-11 17:15:17,176,144
U0165,P0100,3.9,2025-11-07 17:15:17,164,99
U0093,P0007,3.6,2025-10-13 17:15:17,92,6
U0306,P0057,3.7,2026-03-10 17:15:17,305,56
U0459,P0200,4.1,2025-11-02 17:15:17,458,199
U0030,P0121,3.1,2025-06-27 17:15:17,29,120
U0184,P0197,3.7,2025-05-30 17:15:17,183,196
U0120,P0041,4.7,2026-02-02 17:15:17,119,40
U0127,P0169,3.7,2025-11-22 17:15:17,126,168
U0137,P0137,3.7,2026-02-25 17:15:17,136,136
U0392,P0057,2.9,2025-06-04 17:15:17,391,56
U0434,P0100,2.4,2025-09-25 17:15:17,433,99
U0479,P0045,4.4,2025-12-25 17:15:17,478,44
U0122,P0152,1.0,2025-10-14 17:15:17,121,151
U0413,P0189,1.4,2025-04-02 17:15:17,412,188
U0184,P0152,2.8,2026-03-11 17:15:17,183,151
U0361,P0180,2.6,2025-09-26 17:15:17,360,179
U0486,P0146,4.2,2025-06-10 17:15:17,485,145
U0073,P0145,5.0,2025-12-19 17:15:17,72,144
U0429,P0127,4.6,2025-06-21 17:15:17,428,126
U0159,P0045,3.0,2025-07-17 17:15:17,158,44
U0020,P0024,2.2,2026-02-25 17:15:17,19,23
U0120,P0155,2.0,2025-12-03 17:15:17,119,154
U0011,P0135,3.2,2025-07-24 17:15:17,10,134
U0001,P0085,1.9,2025-05-15 17:15:17,0,84
U0104,P0034,2.3,2025-10-02 17:15:17,103,33
U0368,P0046,2.0,2025-10-11 17:15:17,367,45
U0031,P0006,1.0,2026-01-09 17:15:17,30,5
U0301,P0181,3.2,2026-01-12 17:15:17,300,180
U0397,P0029,2.9,2025-06-29 17:15:17,396,28
U0441,P0094,2.7,2026-02-16 17:15:17,440,93
U0192,P0181,5.0,2025-04-20 17:15:17,191,180
U0203,P0151,3.1,2026-02-02 17:15:17,202,150
U0173,P0078,1.5,2025-10-11 17:15:17,172,77
U0070,P0041,2.2,2025-08-14 17:15:17,69,40
U0406,P0164,5.0,2025-07-19 17:15:17,405,163
U0333,P0082,5.0,2025-12-26 17:15:17,332,81
U0363,P0144,2.8,2025-04-04 17:15:17,362,143
U0456,P0158,3.0,2025-09-24 17:15:17,455,157
U0115,P0171,3.5,2025-05-28 17:15:17,114,170
U0418,P0045,3.9,2025-09-13 17:15:17,417,44
U0158,P0188,5.0,2025-04-07 17:15:17,157,187
U0151,P0033,1.0,2025-12-25 17:15:17,150,32
U0374,P0001,4.3,2025-03-31 17:15:17,373,0
U0486,P0147,3.0,2025-09-06 17:15:17,485,146
U0436,P0198,5.0,2025-06-08 17:15:17,435,197
U0017,P0047,2.6,2025-05-21 17:15:17,16,46
U0163,P0157,4.3,2025-12-02 17:15:17,162,156
U0328,P0145,3.6,2026-01-31 17:15:17,327,144
U0480,P0128,4.3,2026-01-12 17:15:17,479,127
U0170,P0191,2.2,2026-02-14 17:15:17,169,190
U0122,P0089,4.6,2025-10-13 17:15:17,121,88
U0086,P0163,3.6,2026-02-08 17:15:17,85,162
U0421,P0182,2.9,2025-04-16 17:15:17,420,181
U0328,P0187,4.0,2025-10-05 17:15:17,327,186
U0229,P0003,3.6,2025-11-10 17:15:17,228,2
U0108,P0064,3.9,2025-04-05 17:15:17,107,63
U0035,P0090,2.2,2025-11-14 17:15:17,34,89
U0403,P0028,5.0,2026-03-25 17:15:17,402,27
U0025,P0099,1.6,2025-08-13 17:15:17,24,98
U0376,P0108,1.8,2025-12-30 17:15:17,375,107
U0453,P0106,1.9,2025-07-16 17:15:17,452,105
U0452,P0097,5.0,2025-09-27 17:15:17,451,96
U0280,P0097,1.9,2026-02-02 17:15:17,279,96
U0425,P0123,5.0,2025-06-03 17:15:17,424,122
U0334,P0195,5.0,2025-04-08 17:15:17,333,194
U0116,P0042,4.2,2025-08-06 17:15:17,115,41
U0038,P0009,3.9,2025-10-26 17:15:17,37,8
U0011,P0082,4.3,2025-11-12 17:15:17,10,81
U0488,P0027,4.5,2026-02-16 17:15:17,487,26
U0176,P0044,3.1,2025-09-14 17:15:17,175,43
U0083,P0188,3.1,2026-02-15 17:15:17,82,187
U0281,P0024,4.1,2025-10-03 17:15:17,280,23
U0305,P0158,2.3,2025-07-21 17:15:17,304,157
U0361,P0008,2.3,2025-08-17 17:15:17,360,7
U0483,P0168,2.3,2025-12-31 17:15:17,482,167
U0311,P0112,3.6,2026-01-04 17:15:17,310,111
U0028,P0026,4.6,2025-10-07 17:15:17,27,25
U0106,P0049,1.0,2025-08-28 17:15:17,105,48
U0357,P0142,4.7,2025-06-22 17:15:17,356,141
U0136,P0170,2.7,2025-11-01 17:15:17,135,169
U0153,P0061,2.5,2026-02-04 17:15:17,152,60
U0026,P0101,2.1,2025-06-06 17:15:17,25,100
U0282,P0126,5.0,2026-01-06 17:15:17,281,125
U0028,P0093,3.4,2026-03-24 17:15:17,27,92
U0219,P0023,3.2,2025-10-26 17:15:17,218,22
U0422,P0170,4.4,2025-05-09 17:15:17,421,169
U0308,P0123,3.0,2025-12-13 17:15:17,307,122
U0050,P0007,1.1,2025-12-10 17:15:17,49,6
U0088,P0164,3.4,2025-10-27 17:15:17,87,163
U0042,P0122,3.4,2026-01-25 17:15:17,41,121
U0158,P0102,3.5,2025-07-27 17:15:17,157,101
U0251,P0170,3.0,2025-11-10 17:15:17,250,169
U0047,P0165,4.7,2025-06-20 17:15:17,46,164
U0199,P0048,4.5,2025-09-17 17:15:17,198,47
U0454,P0098,3.4,2025-09-17 17:15:17,453,97
U0096,P0115,4.4,2026-03-03 17:15:17,95,114
U0135,P0113,3.3,2025-07-30 17:15:17,134,112
U0135,P0058,3.3,2025-11-08 17:15:17,134,57
U0289,P0016,3.7,2026-01-07 17:15:17,288,15
U0386,P0179,4.7,2025-04-18 17:15:17,385,178
U0050,P0022,2.9,2025-04-17 17:15:17,49,21
U0177,P0139,3.6,2025-08-26 17:15:17,176,138
U0498,P0194,2.5,2025-05-28 17:15:17,497,193
U0117,P0142,1.6,2026-02-22 17:15:17,116,141
U0431,P0100,3.8,2025-07-01 17:15:17,430,99
U0215,P0138,3.3,2025-04-08 17:15:17,214,137
U0444,P0122,1.8,2025-06-05 17:15:17,443,121
U0452,P0061,3.9,2025-07-25 17:15:17,451,60
U0154,P0021,3.2,2025-09-04 17:15:17,153,20
U0463,P0183,2.2,2026-03-08 17:15:17,462,182
U0258,P0147,2.1,2025-07-04 17:15:17,257,146
U0410,P0147,4.2,2025-04-13 17:15:17,409,146
U0318,P0038,2.5,2026-01-23 17:15:17,317,37
U0487,P0194,3.2,2025-08-08 17:15:17,486,193
U0089,P0043,3.2,2025-12-07 17:15:17,88,42
U0414,P0050,4.9,2026-01-20 17:15:17,413,49
U0022,P0109,2.4,2026-02-13 17:15:17,21,108
U0350,P0112,1.7,2025-12-12 17:15:17,349,111
U0422,P0161,3.2,2026-01-09 17:15:17,421,160
U0428,P0153,3.1,2025-11-13 17:15:17,427,152
U0164,P0187,3.3,2026-02-19 17:15:17,163,186
U0045,P0100,2.3,2025-06-14 17:15:17,44,99
U0204,P0142,3.7,2025-10-10 17:15:17,203,141
U0439,P0071,1.0,2025-07-02 17:15:17,438,70
U0235,P0004,4.6,2025-04-01 17:15:17,234,3
U0320,P0151,2.8,2025-07-01 17:15:17,319,150
U0401,P0108,2.6,2026-01-27 17:15:17,400,107
U0213,P0039,4.3,2026-01-09 17:15:17,212,38
U0291,P0151,3.9,2025-05-31 17:15:17,290,150
U0389,P0026,1.2,2026-01-30 17:15:17,388,25
U0289,P0200,1.0,2026-02-02 17:15:17,288,199
U0403,P0074,2.7,2025-06-24 17:15:17,402,73
U0451,P0089,5.0,2025-08-27 17:15:17,450,88
U0136,P0099,3.7,2025-04-24 17:15:17,135,98
U0249,P0147,4.2,2025-05-18 17:15:17,248,146
U0243,P0010,2.0,2025-12-27 17:15:17,242,9
U0142,P0104,3.3,2026-01-11 17:15:17,141,103
U0317,P0156,3.0,2025-04-11 17:15:17,316,155
U0356,P0103,4.5,2026-03-06 17:15:17,355,102
U0203,P0085,3.0,2025-04-06 17:15:17,202,84
U0122,P0013,5.0,2025-07-25 17:15:17,121,12
U0472,P0069,5.0,2025-09-16 17:15:17,471,68
U0011,P0087,4.4,2025-10-21 17:15:17,10,86
U0160,P0072,3.5,2025-07-17 17:15:17,159,71
U0440,P0179,2.5,2025-04-09 17:15:17,439,178
U0051,P0059,1.0,2026-01-16 17:15:17,50,58
U0154,P0191,3.3,2025-08-11 17:15:17,153,190
U0397,P0083,3.6,2025-11-08 17:15:17,396,82
U0374,P0107,2.0,2025-05-20 17:15:17,373,106
U0331,P0023,4.2,2025-12-19 17:15:17,330,22
U0227,P0055,1.7,2025-08-29 17:15:17,226,54
U0380,P0125,3.6,2025-07-04 17:15:17,379,124
U0445,P0096,4.0,2026-02-25 17:15:17,444,95
U0264,P0041,4.0,2026-02-20 17:15:17,263,40
U0160,P0182,3.7,2025-07-09 17:15:17,159,181
U0207,P0035,2.7,2025-06-30 17:15:17,206,34
U0451,P0146,4.8,2026-03-11 17:15:17,450,145
U0089,P0050,1.6,2025-12-13 17:15:17,88,49
U0429,P0015,1.8,2025-11-18 17:15:17,428,14
U0017,P0117,3.7,2026-02-28 17:15:17,16,116
U0471,P0093,1.2,2025-03-30 17:15:17,470,92
U0102,P0071,3.2,2025-09-18 17:15:17,101,70
U0422,P0119,3.5,2025-07-10 17:15:17,421,118
U0204,P0163,3.4,2026-01-21 17:15:17,203,162
U0349,P0008,4.3,2025-11-22 17:15:17,348,7
U0191,P0126,2.7,2025-05-25 17:15:17,190,125
U0229,P0046,3.4,2025-07-26 17:15:17,228,45
U0301,P0142,2.4,2025-09-27 17:15:17,300,141
U0177,P0042,2.9,2025-11-13 17:15:17,176,41
U0384,P0177,2.4,2026-02-07 17:15:17,383,176
U0146,P0008,2.8,2025-09-09 17:15:17,145,7
U0026,P0042,3.4,2025-06-06 17:15:17,25,41
U0400,P0055,1.6,2025-12-02 17:15:17,399,54
U0332,P0058,2.4,2025-04-13 17:15:17,331,57
U0106,P0069,5.0,2025-04-26 17:15:17,105,68
U0210,P0132,3.4,2026-03-15 17:15:17,209,131
U0443,P0200,3.5,2025-04-10 17:15:17,442,199
U0005,P0122,5.0,2026-01-17 17:15:17,4,121
U0332,P0045,4.1,2025-05-22 17:15:17,331,44
U0411,P0003,4.2,2025-12-01 17:15:17,410,2
U0130,P0156,1.9,2025-10-20 17:15:17,129,155
U0365,P0182,3.7,2025-04-30 17:15:17,364,181
U0141,P0109,4.6,2025-09-14 17:15:17,140,108
U0437,P0090,3.7,2025-08-02 17:15:17,436,89
U0130,P0056,3.9,2025-07-30 17:15:17,129,55
U0155,P0174,3.5,2025-07-02 17:15:17,154,173
U0423,P0160,4.0,2025-09-03 17:15:17,422,159
U0300,P0027,3.1,2026-03-22 17:15:17,299,26
U0262,P0170,2.6,2025-09-15 17:15:17,261,169
U0288,P0166,1.0,2025-05-25 17:15:17,287,165
U0312,P0073,1.9,2025-10-24 17:15:17,311,72
U0351,P0028,2.8,2025-07-22 17:15:17,350,27
U0033,P0087,2.0,2025-11-04 17:15:17,32,86
U0328,P0084,2.4,2025-11-04 17:15:17,327,83
U0134,P0168,2.0,2025-03-26 17:15:17,133,167
U0488,P0167,4.0,2025-10-24 17:15:17,487,166
U0097,P0039,2.8,2025-07-04 17:15:17,96,38
U0392,P0062,2.8,2026-02-24 17:15:17,391,61
U0413,P0154,4.6,2025-08-31 17:15:17,412,153
U0339,P0082,2.9,2025-04-11 17:15:17,338,81
U0072,P0185,5.0,2026-03-12 17:15:17,71,184
U0336,P0128,2.4,2025-10-25 17:15:17,335,127
U0133,P0108,4.7,2025-08-30 17:15:17,132,107
U0199,P0189,2.9,2026-03-07 17:15:17,198,188
U0299,P0182,1.0,2025-06-06 17:15:17,298,181
U0418,P0049,4.8,2025-10-01 17:15:17,417,48
U0372,P0183,4.4,2025-12-02 17:15:17,371,182
U0352,P0137,3.1,2025-05-03 17:15:17,351,136
U0402,P0122,3.1,2025-04-16 17:15:17,401,121
U0184,P0130,3.6,2025-10-23 17:15:17,183,129
U0433,P0044,1.3,2025-04-23 17:15:17,432,43
U0449,P0143,4.1,2025-12-23 17:15:17,448,142
U0151,P0025,3.1,2025-07-27 17:15:17,150,24
U0066,P0190,3.1,2025-11-13 17:15:17,65,189
U0372,P0144,3.7,2025-12-22 17:15:17,371,143
U0485,P0175,4.6,2025-10-05 17:15:17,484,174
U0336,P0023,2.0,2025-12-02 17:15:17,335,22
U0182,P0058,3.8,2025-10-19 17:15:17,181,57
U0216,P0085,4.0,2025-09-16 17:15:17,215,84
U0134,P0150,1.5,2025-10-26 17:15:17,133,149
U0238,P0031,3.2,2025-07-28 17:15:17,237,30
U0028,P0163,2.0,2025-05-31 17:15:17,27,162
U0298,P0159,3.8,2026-02-17 17:15:17,297,158
U0242,P0050,1.5,2025-07-12 17:15:17,241,49
U0062,P0175,1.0,2025-09-11 17:15:17,61,174
U0272,P0077,3.8,2025-08-26 17:15:17,271,76
U0028,P0039,4.9,2026-01-14 17:15:17,27,38
U0103,P0088,4.8,2025-08-28 17:15:17,102,87
U0292,P0118,2.5,2026-01-11 17:15:17,291,117
U0162,P0184,2.2,2025-12-23 17:15:17,161,183
U0399,P0021,2.5,2025-07-19 17:15:17,398,20
U0171,P0162,4.5,2025-12-25 17:15:17,170,161
U0161,P0163,2.8,2026-02-24 17:15:17,160,162
U0003,P0116,5.0,2025-11-05 17:15:17,2,115
U0108,P0195,3.2,2025-12-29 17:15:17,107,194
U0296,P0196,4.7,2026-01-03 17:15:17,295,195
U0251,P0196,4.4,2026-02-08 17:15:17,250,195
U0067,P0158,4.0,2025-08-15 17:15:17,66,157
U0325,P0110,4.7,2025-08-31 17:15:17,324,109
U0220,P0123,3.1,2025-09-10 17:15:17,219,122
U0003,P0010,2.1,2025-06-25 17:15:17,2,9
U0103,P0188,1.9,2025-09-15 17:15:17,102,187
U0487,P0004,4.1,2025-10-12 17:15:17,486,3
U0388,P0136,5.0,2025-12-18 17:15:17,387,135
U0010,P0174,1.3,2026-03-23 17:15:17,9,173
U0321,P0188,2.5,2025-11-18 17:15:17,320,187
U0116,P0178,2.7,2025-09-30 17:15:17,115,177
U0160,P0034,2.6,2026-02-01 17:15:17,159,33
U0197,P0129,2.7,2025-05-28 17:15:17,196,128
U0157,P0043,4.2,2026-02-20 17:15:17,156,42
U0422,P0012,3.8,2025-10-24 17:15:17,421,11
U0486,P0075,4.0,2025-08-04 17:15:17,485,74
U0373,P0134,2.4,2025-05-24 17:15:17,372,133
U0269,P0087,3.2,2025-08-15 17:15:17,268,86
U0455,P0176,2.4,2026-01-16 17:15:17,454,175
U0176,P0126,1.0,2025-09-23 17:15:17,175,125
U0385,P0049,2.3,2025-12-31 17:15:17,384,48
U0486,P0104,4.2,2026-03-16 17:15:17,485,103
U0117,P0058,2.5,2026-01-17 17:15:17,116,57
U0109,P0188,2.7,2026-03-14 17:15:17,108,187
U0302,P0130,2.7,2025-12-29 17:15:17,301,129
U0064,P0094,1.9,2025-03-26 17:15:17,63,93
U0334,P0010,2.1,2025-09-14 17:15:17,333,9
U0449,P0164,3.7,2025-11-15 17:15:17,448,163
U0395,P0137,3.8,2025-05-10 17:15:17,394,136
U0025,P0153,4.6,2026-03-01 17:15:17,24,152
U0339,P0028,2.9,2025-04-25 17:15:17,338,27
U0429,P0006,4.2,2026-03-01 17:15:17,428,5
U0354,P0030,3.0,2025-08-24 17:15:17,353,29
U0228,P0098,5.0,2026-01-21 17:15:17,227,97
U0281,P0065,4.1,2025-07-26 17:15:17,280,64
U0360,P0040,3.0,2025-12-10 17:15:17,359,39
U0356,P0176,1.7,2025-05-07 17:15:17,355,175
U0005,P0078,2.7,2025-08-22 17:15:17,4,77
U0339,P0026,2.3,2025-04-20 17:15:17,338,25
U0267,P0070,3.0,2025-05-11 17:15:17,266,69
U0311,P0180,3.5,2026-01-14 17:15:17,310,179
U0215,P0027,2.4,2025-07-07 17:15:17,214,26
U0369,P0159,3.7,2026-01-24 17:15:17,368,158
U0145,P0030,2.7,2026-01-30 17:15:17,144,29
U0255,P0051,1.7,2025-05-18 17:15:17,254,50
U0103,P0200,4.6,2025-11-11 17:15:17,102,199
U0426,P0134,2.4,2025-12-12 17:15:17,425,133
U0184,P0181,2.7,2025-08-28 17:15:17,183,180
U0152,P0042,4.5,2026-03-05 17:15:17,151,41
U0281,P0128,2.5,2025-12-09 17:15:17,280,127
U0353,P0124,2.3,2025-10-07 17:15:17,352,123
U0121,P0001,2.1,2026-03-19 17:15:17,120,0
U0344,P0023,3.8,2026-01-28 17:15:17,343,22
U0428,P0147,3.9,2025-04-17 17:15:17,427,146
U0253,P0039,1.8,2026-02-07 17:15:17,252,38
U0400,P0131,4.0,2026-02-15 17:15:17,399,130
U0371,P0186,1.1,2026-02-02 17:15:17,370,185
U0464,P0066,2.2,2025-04-30 17:15:17,463,65
U0119,P0117,2.1,2025-10-25 17:15:17,118,116
U0136,P0119,4.6,2026-02-28 17:15:17,135,118
U0052,P0045,2.4,2026-03-05 17:15:17,51,44
U0437,P0075,3.0,2025-09-22 17:15:17,436,74
U0411,P0174,5.0,2025-10-16 17:15:17,410,173
U0219,P0190,1.1,2026-01-25 17:15:17,218,189
U0049,P0195,4.2,2026-03-02 17:15:17,48,194
U0005,P0036,1.8,2025-04-20 17:15:17,4,35
U0332,P0044,4.4,2025-10-08 17:15:17,331,43
U0184,P0113,2.5,2025-05-11 17:15:17,183,112
U0138,P0188,3.4,2026-02-06 17:15:17,137,187
U0191,P0088,3.0,2025-12-22 17:15:17,190,87
U0059,P0103,4.3,2025-09-02 17:15:17,58,102
U0493,P0117,2.3,2025-11-06 17:15:17,492,116
U0428,P0099,3.2,2025-04-06 17:15:17,427,98
U0436,P0123,1.2,2025-08-22 17:15:17,435,122
U0333,P0043,3.0,2026-01-27 17:15:17,332,42
U0068,P0179,3.0,2026-02-23 17:15:17,67,178
U0483,P0041,4.0,2026-01-31 17:15:17,482,40
U0214,P0152,4.4,2025-07-21 17:15:17,213,151
U0411,P0146,2.2,2025-04-12 17:15:17,410,145
U0225,P0047,2.5,2025-05-17 17:15:17,224,46
U0195,P0200,1.2,2025-09-23 17:15:17,194,199
U0314,P0008,4.6,2025-04-09 17:15:17,313,7
U0451,P0187,4.9,2026-01-18 17:15:17,450,186
U0248,P0125,3.5,2026-01-27 17:15:17,247,124
U0455,P0106,2.0,2025-08-12 17:15:17,454,105
U0024,P0017,2.8,2025-11-12 17:15:17,23,16
U0336,P0081,2.1,2026-03-19 17:15:17,335,80
U0361,P0174,3.9,2025-06-30 17:15:17,360,173
U0393,P0191,4.6,2025-06-03 17:15:17,392,190
U0371,P0145,2.3,2025-12-01 17:15:17,370,144
U0490,P0172,2.1,2025-10-03 17:15:17,489,171
U0266,P0134,3.4,2025-04-07 17:15:17,265,133
U0359,P0159,4.7,2026-02-05 17:15:17,358,158
U0222,P0170,2.3,2025-11-18 17:15:17,221,169
U0247,P0089,1.9,2025-04-20 17:15:17,246,88
U0347,P0165,3.8,2025-09-09 17:15:17,346,164
U0077,P0143,5.0,2025-05-16 17:15:17,76,142
U0028,P0003,1.9,2025-04-30 17:15:17,27,2
U0479,P0041,1.0,2025-07-10 17:15:17,478,40
U0435,P0121,5.0,2025-07-15 17:15:17,434,120
U0446,P0043,3.3,2026-02-15 17:15:17,445,42
U0385,P0126,3.3,2025-10-12 17:15:17,384,125
U0124,P0085,2.0,2025-11-03 17:15:17,123,84
U0026,P0130,3.4,2025-12-01 17:15:17,25,129
U0282,P0165,1.3,2025-09-13 17:15:17,281,164
U0207,P0061,3.2,2026-02-13 17:15:17,206,60
U0236,P0114,2.5,2025-06-05 17:15:17,235,113
U0230,P0023,3.0,2025-07-13 17:15:17,229,22
U0229,P0081,3.6,2026-01-24 17:15:17,228,80
U0255,P0191,4.7,2025-04-25 17:15:17,254,190
U0010,P0027,4.1,2025-08-31 17:15:17,9,26
U0212,P0010,3.1,2025-06-13 17:15:17,211,9
U0282,P0001,4.5,2026-02-07 17:15:17,281,0
U0406,P0155,1.0,2025-05-13 17:15:17,405,154
U0327,P0078,4.1,2025-07-08 17:15:17,326,77
U0288,P0053,2.6,2025-04-24 17:15:17,287,52
U0344,P0117,1.6,2025-10-02 17:15:17,343,116
U0187,P0014,2.7,2025-12-01 17:15:17,186,13
U0433,P0117,3.8,2025-10-07 17:15:17,432,116
U0287,P0197,4.9,2025-05-12 17:15:17,286,196
U0308,P0122,3.9,2025-04-23 17:15:17,307,121
U0187,P0184,5.0,2025-08-06 17:15:17,186,183
U0059,P0025,2.5,2025-04-22 17:15:17,58,24
U0114,P0001,4.0,2025-10-02 17:15:17,113,0
U0182,P0163,1.2,2025-10-27 17:15:17,181,162
U0281,P0134,2.9,2025-09-15 17:15:17,280,133
U0360,P0028,3.4,2026-03-02 17:15:17,359,27
U0460,P0043,3.6,2025-07-16 17:15:17,459,42
U0072,P0184,1.0,2025-08-28 17:15:17,71,183
U0055,P0066,2.7,2025-05-17 17:15:17,54,65
U0101,P0049,2.9,2026-01-23 17:15:17,100,48
U0477,P0101,4.4,2025-12-05 17:15:17,476,100
U0235,P0049,5.0,2025-10-03 17:15:17,234,48
U0056,P0194,2.9,2025-08-25 17:15:17,55,193
U0024,P0163,4.7,2025-04-15 17:15:17,23,162
U0302,P0032,3.7,2025-08-07 17:15:17,301,31
U0235,P0169,1.0,2025-05-28 17:15:17,234,168
U0490,P0130,2.8,2026-01-16 17:15:17,489,129
U0494,P0128,3.5,2026-03-23 17:15:17,493,127
U0272,P0189,2.4,2026-03-01 17:15:17,271,188
U0284,P0111,2.8,2025-05-30 17:15:17,283,110
U0248,P0131,2.0,2025-12-25 17:15:17,247,130
U0355,P0149,3.3,2025-12-27 17:15:17,354,148
U0375,P0033,4.0,2026-01-31 17:15:17,374,32
U0199,P0169,2.9,2025-05-22 17:15:17,198,168
U0311,P0083,1.4,2025-07-10 17:15:17,310,82
U0452,P0099,3.2,2025-08-23 17:15:17,451,98
U0312,P0178,2.9,2025-11-18 17:15:17,311,177
U0141,P0102,4.7,2025-10-01 17:15:17,140,101
U0497,P0076,4.5,2025-08-06 17:15:17,496,75
U0413,P0035,2.3,2026-01-14 17:15:17,412,34
U0212,P0155,1.8,2025-04-01 17:15:17,211,154
U0454,P0192,5.0,2025-07-06 17:15:17,453,191
U0154,P0180,1.5,2025-06-18 17:15:17,153,179
U0441,P0081,2.0,2025-03-26 17:15:17,440,80
U0378,P0142,4.5,2025-05-06 17:15:17,377,141
U0112,P0052,4.8,2025-12-08 17:15:17,111,51
U0320,P0183,2.2,2025-10-28 17:15:17,319,182
U0352,P0089,1.9,2025-04-15 17:15:17,351,88
U0068,P0182,3.9,2025-04-27 17:15:17,67,181
U0500,P0046,4.2,2025-07-11 17:15:17,499,45
U0278,P0178,3.5,2025-05-03 17:15:17,277,177
U0166,P0182,2.6,2026-01-25 17:15:17,165,181
U0390,P0091,3.2,2025-06-11 17:15:17,389,90
U0246,P0150,3.2,2025-06-06 17:15:17,245,149
U0483,P0171,4.5,2025-03-27 17:15:17,482,170
U0214,P0173,4.4,2025-06-25 17:15:17,213,172
U0147,P0109,3.9,2026-03-19 17:15:17,146,108
U0268,P0028,3.2,2026-03-13 17:15:17,267,27
U0196,P0038,2.5,2026-02-26 17:15:17,195,37
U0344,P0015,5.0,2025-12-13 17:15:17,343,14
U0137,P0193,1.5,2026-01-02 17:15:17,136,192
U0147,P0175,3.6,2025-11-17 17:15:17,146,174
U0075,P0016,4.3,2025-04-06 17:15:17,74,15
U0402,P0076,4.5,2025-12-11 17:15:17,401,75
U0386,P0139,5.0,2026-03-09 17:15:17,385,138
U0184,P0116,3.1,2026-02-01 17:15:17,183,115
U0316,P0173,2.3,2025-06-11 17:15:17,315,172
U0443,P0058,4.5,2025-04-28 17:15:17,442,57
U0288,P0100,4.9,2025-11-24 17:15:17,287,99
U0262,P0179,3.7,2025-10-29 17:15:17,261,178
U0355,P0171,5.0,2026-03-01 17:15:17,354,170
U0475,P0098,2.7,2025-09-08 17:15:17,474,97
U0214,P0176,3.0,2025-10-16 17:15:17,213,175
U0495,P0142,4.7,2026-02-26 17:15:17,494,141
U0007,P0191,4.4,2025-11-17 17:15:17,6,190
U0104,P0159,4.8,2025-08-11 17:15:17,103,158
U0425,P0058,1.9,2025-05-05 17:15:17,424,57
U0361,P0182,3.4,2025-04-28 17:15:17,360,181
U0189,P0194,1.4,2025-05-28 17:15:17,188,193
U0280,P0190,4.4,2025-05-21 17:15:17,279,189
U0101,P0199,4.8,2025-12-16 17:15:17,100,198
U0151,P0115,4.5,2025-12-25 17:15:17,150,114
U0350,P0020,4.2,2025-12-20 17:15:17,349,19
U0493,P0045,2.5,2025-07-05 17:15:17,492,44
U0062,P0097,3.2,2026-03-05 17:15:17,61,96
U0220,P0072,1.4,2025-06-14 17:15:17,219,71
U0136,P0034,2.1,2026-01-02 17:15:17,135,33
U0300,P0066,3.2,2026-03-23 17:15:17,299,65
U0170,P0120,3.3,2025-03-27 17:15:17,169,119
U0480,P0040,3.7,2026-03-05 17:15:17,479,39
U0079,P0083,3.9,2025-05-24 17:15:17,78,82
U0027,P0199,1.0,2025-05-09 17:15:17,26,198
U0316,P0170,3.6,2025-10-22 17:15:17,315,169
U0252,P0147,3.4,2025-06-17 17:15:17,251,146
U0184,P0019,3.1,2025-03-28 17:15:17,183,18
U0163,P0135,4.5,2025-12-03 17:15:17,162,134
U0490,P0048,2.5,2025-07-02 17:15:17,489,47
U0035,P0130,4.0,2026-01-03 17:15:17,34,129
U0213,P0140,3.3,2025-06-24 17:15:17,212,139
U0207,P0024,3.2,2025-09-28 17:15:17,206,23
U0114,P0055,2.9,2025-04-20 17:15:17,113,54
U0170,P0085,3.0,2025-09-22 17:15:17,169,84
U0151,P0056,2.0,2025-05-13 17:15:17,150,55
U0272,P0122,1.0,2025-06-11 17:15:17,271,121
U0422,P0193,5.0,2025-04-27 17:15:17,421,192
U0005,P0030,3.5,2025-04-17 17:15:17,4,29
U0178,P0115,1.6,2025-11-22 17:15:17,177,114
U0464,P0165,3.2,2025-05-15 17:15:17,463,164
U0471,P0160,2.1,2025-11-21 17:15:17,470,159
U0491,P0011,5.0,2025-04-10 17:15:17,490,10
U0454,P0083,4.6,2025-09-11 17:15:17,453,82
U0469,P0030,3.2,2025-09-09 17:15:17,468,29
U0132,P0139,2.6,2025-11-01 17:15:17,131,138
U0013,P0133,3.7,2025-09-15 17:15:17,12,132
U0264,P0131,2.8,2025-08-09 17:15:17,263,130
U0250,P0012,3.6,2025-10-25 17:15:17,249,11
U0460,P0167,2.6,2025-12-17 17:15:17,459,166
U0165,P0132,1.0,2026-02-11 17:15:17,164,131
U0486,P0025,2.9,2025-12-30 17:15:17,485,24
U0498,P0198,3.0,2025-06-23 17:15:17,497,197
U0274,P0002,2.6,2025-05-09 17:15:17,273,1
U0034,P0054,1.0,2025-04-16 17:15:17,33,53
U0323,P0199,3.6,2025-12-06 17:15:17,322,198
U0443,P0176,1.9,2025-08-20 17:15:17,442,175
U0428,P0027,4.0,2025-12-10 17:15:17,427,26
U0276,P0180,3.5,2025-08-15 17:15:17,275,179
U0332,P0019,1.0,2025-04-08 17:15:17,331,18
U0079,P0007,2.9,2025-08-02 17:15:17,78,6
U0368,P0085,3.7,2026-03-06 17:15:17,367,84
U0045,P0019,2.3,2026-02-26 17:15:17,44,18
U0092,P0065,2.0,2025-06-13 17:15:17,91,64
U0037,P0148,2.7,2025-11-29 17:15:17,36,147
U0467,P0067,4.5,2025-08-29 17:15:17,466,66
U0199,P0116,5.0,2025-05-07 17:15:17,198,115
U0208,P0111,3.9,2025-10-15 17:15:17,207,110
U0009,P0100,2.1,2025-04-15 17:15:17,8,99
U0061,P0137,1.2,2026-03-22 17:15:17,60,136
U0329,P0185,3.6,2025-05-13 17:15:17,328,184
U0033,P0194,4.3,2025-05-30 17:15:17,32,193
U0024,P0180,1.5,2026-02-16 17:15:17,23,179
U0184,P0129,1.5,2026-01-30 17:15:17,183,128
U0149,P0176,2.8,2025-10-22 17:15:17,148,175
U0311,P0023,4.0,2025-11-01 17:15:17,310,22
U0392,P0113,4.0,2025-09-11 17:15:17,391,112
U0203,P0170,3.2,2026-03-10 17:15:17,202,169
U0243,P0041,2.3,2025-06-25 17:15:17,242,40
U0113,P0035,3.1,2025-09-06 17:15:17,112,34
U0408,P0140,3.4,2025-10-25 17:15:17,407,139
U0492,P0163,3.5,2026-01-11 17:15:17,491,162
U0153,P0174,1.0,2025-04-28 17:15:17,152,173
U0192,P0003,1.6,2025-06-15 17:15:17,191,2
U0448,P0143,2.5,2026-01-12 17:15:17,447,142
U0064,P0011,1.8,2026-03-23 17:15:17,63,10
U0294,P0153,2.4,2025-09-05 17:15:17,293,152
U0276,P0141,1.1,2026-02-10 17:15:17,275,140
U0157,P0054,3.1,2025-09-30 17:15:17,156,53
U0109,P0106,1.5,2025-04-29 17:15:17,108,105
U0436,P0132,2.7,2026-01-12 17:15:17,435,131
U0083,P0048,4.1,2025-12-02 17:15:17,82,47
U0316,P0065,3.3,2025-12-16 17:15:17,315,64
U0059,P0047,4.2,2025-04-16 17:15:17,58,46
U0410,P0146,2.0,2026-02-26 17:15:17,409,145
U0436,P0193,3.7,2025-06-17 17:15:17,435,192
U0237,P0166,5.0,2025-06-17 17:15:17,236,165
U0038,P0075,5.0,2025-04-16 17:15:17,37,74
U0035,P0065,2.7,2026-02-03 17:15:17,34,64
U0102,P0186,4.8,2025-06-01 17:15:17,101,185
U0250,P0085,4.8,2025-09-24 17:15:17,249,84
U0066,P0172,2.9,2025-04-24 17:15:17,65,171
U0121,P0026,3.3,2025-10-31 17:15:17,120,25
U0318,P0018,4.0,2025-12-16 17:15:17,317,17
U0163,P0125,2.9,2025-08-07 17:15:17,162,124
U0169,P0158,1.6,2025-04-22 17:15:17,168,157
U0157,P0178,5.0,2025-05-30 17:15:17,156,177
U0079,P0145,2.8,2025-06-08 17:15:17,78,144
U0187,P0081,3.1,2025-08-18 17:15:17,186,80
U0087,P0002,2.8,2025-10-16 17:15:17,86,1
U0127,P0057,2.9,2025-03-26 17:15:17,126,56
U0379,P0165,2.7,2025-08-14 17:15:17,378,164
U0142,P0093,3.5,2026-01-16 17:15:17,141,92
U0348,P0188,5.0,2025-10-07 17:15:17,347,187
U0450,P0123,2.3,2025-08-01 17:15:17,449,122
U0229,P0092,4.0,2025-10-20 17:15:17,228,91
U0250,P0142,2.5,2026-01-29 17:15:17,249,141
U0090,P0166,3.0,2025-05-19 17:15:17,89,165
U0042,P0072,3.1,2026-01-13 17:15:17,41,71
U0457,P0138,2.4,2025-12-15 17:15:17,456,137
U0135,P0188,5.0,2025-05-09 17:15:17,134,187
U0040,P0187,3.7,2026-02-15 17:15:17,39,186
U0457,P0005,3.1,2025-07-09 17:15:17,456,4
U0324,P0008,3.0,2025-06-01 17:15:17,323,7
U0297,P0104,4.0,2025-05-27 17:15:17,296,103
U0109,P0010,3.8,2025-06-16 17:15:17,108,9
U0134,P0140,4.2,2025-06-22 17:15:17,133,139
U0242,P0168,2.1,2026-01-08 17:15:17,241,167
U0188,P0101,2.4,2025-12-01 17:15:17,187,100
U0457,P0198,3.3,2025-05-28 17:15:17,456,197
U0376,P0075,2.1,2026-01-16 17:15:17,375,74
U0238,P0129,1.0,2025-07-07 17:15:17,237,128
U0047,P0102,4.2,2025-09-20 17:15:17,46,101
U0258,P0003,3.9,2025-04-20 17:15:17,257,2
U0123,P0158,2.7,2025-04-09 17:15:17,122,157
U0085,P0194,4.7,2025-07-05 17:15:17,84,193
U0072,P0115,3.5,2026-01-03 17:15:17,71,114
U0092,P0145,2.8,2025-06-09 17:15:17,91,144
U0338,P0038,2.8,2025-07-21 17:15:17,337,37
U0481,P0092,2.3,2026-03-05 17:15:17,480,91
U0113,P0195,1.7,2025-07-19 17:15:17,112,194
U0119,P0017,3.3,2025-11-10 17:15:17,118,16
U0190,P0060,3.1,2026-03-04 17:15:17,189,59
U0343,P0053,1.7,2025-07-03 17:15:17,342,52
U0465,P0093,2.4,2025-09-08 17:15:17,464,92
U0241,P0117,1.8,2026-03-02 17:15:17,240,116
U0021,P0167,3.2,2025-10-11 17:15:17,20,166
U0053,P0181,5.0,2025-07-02 17:15:17,52,180
U0325,P0071,3.4,2025-11-11 17:15:17,324,70
U0297,P0140,2.7,2025-06-07 17:15:17,296,139
U0090,P0097,4.5,2025-04-25 17:15:17,89,96
U0194,P0094,4.5,2025-05-29 17:15:17,193,93
U0335,P0020,2.6,2025-07-04 17:15:17,334,19
U0129,P0097,4.7,2025-12-01 17:15:17,128,96
U0265,P0104,3.0,2025-09-26 17:15:17,264,103
U0419,P0089,1.3,2025-07-19 17:15:17,418,88
U0406,P0124,3.4,2025-05-20 17:15:17,405,123
U0004,P0129,3.4,2026-01-13 17:15:17,3,128
U0226,P0043,3.2,2025-11-28 17:15:17,225,42
U0040,P0132,4.0,2025-04-30 17:15:17,39,131
U0144,P0055,3.2,2026-01-08 17:15:17,143,54
U0096,P0041,2.3,2025-09-21 17:15:17,95,40
U0309,P0184,3.6,2026-01-24 17:15:17,308,183
U0339,P0059,4.9,2025-08-25 17:15:17,338,58
U0416,P0085,1.7,2026-01-26 17:15:17,415,84
U0247,P0173,1.1,2025-07-23 17:15:17,246,172
U0246,P0054,4.3,2025-05-27 17:15:17,245,53
U0083,P0166,3.2,2025-08-27 17:15:17,82,165
U0012,P0063,3.8,2026-03-03 17:15:17,11,62
U0066,P0147,4.0,2025-05-26 17:15:17,65,146
U0083,P0035,1.2,2025-05-07 17:15:17,82,34
U0263,P0011,3.2,2025-06-05 17:15:17,262,10
U0076,P0015,1.9,2025-12-30 17:15:17,75,14
U0133,P0047,4.2,2025-07-04 17:15:17,132,46
U0491,P0104,4.5,2025-05-23 17:15:17,490,103
U0497,P0145,3.2,2025-05-03 17:15:17,496,144
U0010,P0185,2.0,2025-04-21 17:15:17,9,184
U0421,P0073,4.9,2026-02-10 17:15:17,420,72
U0111,P0115,2.1,2025-05-19 17:15:17,110,114
U0242,P0124,4.0,2025-12-28 17:15:17,241,123
U0113,P0106,2.5,2025-05-22 17:15:17,112,105
U0074,P0150,1.0,2025-12-22 17:15:17,73,149
U0320,P0169,2.5,2025-07-07 17:15:17,319,168
U0136,P0043,1.8,2025-04-08 17:15:17,135,42
U0176,P0117,2.0,2025-05-24 17:15:17,175,116
U0303,P0018,5.0,2025-11-28 17:15:17,302,17
U0194,P0099,2.7,2026-01-17 17:15:17,193,98
U0056,P0005,3.3,2025-12-12 17:15:17,55,4
U0268,P0130,2.2,2025-04-09 17:15:17,267,129
U0215,P0039,2.2,2025-05-19 17:15:17,214,38
U0050,P0046,4.8,2025-07-25 17:15:17,49,45
U0462,P0158,4.3,2025-05-22 17:15:17,461,157
U0020,P0137,4.6,2025-07-11 17:15:17,19,136
U0386,P0031,3.5,2026-02-06 17:15:17,385,30
U0247,P0169,3.7,2026-01-18 17:15:17,246,168
U0462,P0155,3.4,2025-06-22 17:15:17,461,154
U0424,P0001,1.4,2025-04-12 17:15:17,423,0
U0333,P0111,3.2,2025-07-01 17:15:17,332,110
U0216,P0095,5.0,2026-03-03 17:15:17,215,94
U0358,P0136,3.7,2025-08-18 17:15:17,357,135
U0118,P0124,1.1,2025-09-11 17:15:17,117,123
U0180,P0151,1.2,2025-04-03 17:15:17,179,150
U0295,P0026,3.0,2025-08-20 17:15:17,294,25
U0069,P0066,4.5,2025-07-24 17:15:17,68,65
U0393,P0060,4.5,2026-02-11 17:15:17,392,59
U0146,P0154,2.2,2025-06-20 17:15:17,145,153
U0210,P0066,2.4,2025-12-19 17:15:17,209,65
U0003,P0182,2.8,2026-03-22 17:15:17,2,181
U0296,P0134,2.6,2026-01-24 17:15:17,295,133
U0267,P0002,1.8,2025-09-14 17:15:17,266,1
U0336,P0053,2.3,2025-04-07 17:15:17,335,52
U0412,P0081,1.6,2025-08-28 17:15:17,411,80
U0186,P0028,4.2,2026-01-05 17:15:17,185,27
U0219,P0167,5.0,2025-05-30 17:15:17,218,166
U0130,P0067,4.4,2025-06-24 17:15:17,129,66
U0217,P0145,3.7,2025-09-19 17:15:17,216,144
U0314,P0071,3.4,2025-04-11 17:15:17,313,70
U0204,P0194,4.5,2025-12-11 17:15:17,203,193
U0212,P0142,2.9,2025-06-13 17:15:17,211,141
U0248,P0046,4.6,2025-09-17 17:15:17,247,45
U0287,P0143,5.0,2025-07-21 17:15:17,286,142
U0130,P0079,2.9,2025-06-03 17:15:17,129,78
U0177,P0199,3.0,2025-03-29 17:15:17,176,198
U0204,P0189,1.6,2026-01-14 17:15:17,203,188
U0438,P0169,4.6,2026-01-24 17:15:17,437,168
U0383,P0059,1.6,2025-08-09 17:15:17,382,58
U0401,P0180,2.1,2026-01-02 17:15:17,400,179
U0052,P0055,2.2,2025-07-08 17:15:17,51,54
U0206,P0087,3.5,2025-06-17 17:15:17,205,86
U0315,P0179,4.9,2025-04-09 17:15:17,314,178
U0362,P0014,2.8,2026-01-02 17:15:17,361,13
U0200,P0163,2.6,2026-03-23 17:15:17,199,162
U0412,P0024,1.8,2026-01-10 17:15:17,411,23
U0242,P0154,2.7,2025-08-15 17:15:17,241,153
U0046,P0017,3.8,2025-11-11 17:15:17,45,16
U0114,P0095,3.7,2026-02-13 17:15:17,113,94
U0312,P0010,5.0,2025-09-10 17:15:17,311,9
U0477,P0103,4.4,2025-05-15 17:15:17,476,102
U0336,P0134,1.1,2025-10-30 17:15:17,335,133
U0365,P0153,3.4,2026-02-24 17:15:17,364,152
U0485,P0199,5.0,2025-12-26 17:15:17,484,198
U0328,P0127,4.6,2025-08-13 17:15:17,327,126
U0006,P0052,2.4,2025-04-23 17:15:17,5,51
U0477,P0133,2.1,2025-10-30 17:15:17,476,132
U0100,P0009,5.0,2025-05-23 17:15:17,99,8
U0262,P0133,2.9,2025-04-02 17:15:17,261,132
U0119,P0158,3.1,2025-12-29 17:15:17,118,157
U0346,P0010,3.0,2025-09-22 17:15:17,345,9
U0123,P0168,1.4,2026-03-25 17:15:17,122,167
U0500,P0041,4.0,2026-02-09 17:15:17,499,40
U0142,P0200,2.8,2025-09-02 17:15:17,141,199
U0181,P0172,3.4,2025-09-04 17:15:17,180,171
U0208,P0151,3.0,2025-12-13 17:15:17,207,150
U0266,P0004,4.1,2025-03-30 17:15:17,265,3
U0036,P0024,1.6,2025-06-17 17:15:17,35,23
U0146,P0186,2.8,2025-06-12 17:15:17,145,185
U0469,P0150,3.1,2025-09-28 17:15:17,468,149
U0178,P0071,3.6,2025-11-30 17:15:17,177,70
U0311,P0050,1.5,2025-08-05 17:15:17,310,49
U0477,P0104,3.2,2025-06-04 17:15:17,476,103
U0003,P0067,3.4,2025-12-26 17:15:17,2,66
U0209,P0130,3.8,2026-01-30 17:15:17,208,129
U0287,P0019,4.0,2025-07-11 17:15:17,286,18
U0151,P0088,1.1,2026-01-25 17:15:17,150,87
U0412,P0132,3.7,2025-11-14 17:15:17,411,131
U0449,P0138,3.9,2025-06-04 17:15:17,448,137
U0129,P0178,5.0,2025-08-11 17:15:17,128,177
U0495,P0097,1.4,2025-06-10 17:15:17,494,96
U0248,P0198,5.0,2025-11-21 17:15:17,247,197
U0388,P0087,3.5,2025-08-03 17:15:17,387,86
U0349,P0118,4.3,2025-05-29 17:15:17,348,117
U0442,P0008,4.3,2025-07-22 17:15:17,441,7
U0060,P0067,2.9,2026-02-19 17:15:17,59,66
U0196,P0163,4.4,2025-12-03 17:15:17,195,162
U0347,P0180,3.9,2025-11-28 17:15:17,346,179
U0410,P0081,5.0,2025-08-26 17:15:17,409,80
U0490,P0091,3.6,2025-07-04 17:15:17,489,90
U0275,P0003,1.9,2025-04-01 17:15:17,274,2
U0427,P0068,2.7,2025-11-18 17:15:17,426,67
U0148,P0024,2.3,2025-09-02 17:15:17,147,23
U0345,P0192,3.2,2025-10-01 17:15:17,344,191
U0039,P0142,3.9,2025-12-24 17:15:17,38,141
U0244,P0081,3.7,2025-09-25 17:15:17,243,80
U0112,P0147,3.5,2025-11-08 17:15:17,111,146
U0094,P0192,4.0,2025-04-10 17:15:17,93,191
U0477,P0049,2.6,2025-07-13 17:15:17,476,48
U0378,P0052,4.8,2025-11-25 17:15:17,377,51
U0377,P0062,1.8,2025-11-10 17:15:17,376,61
U0106,P0059,1.9,2025-12-12 17:15:17,105,58
U0428,P0064,2.7,2025-05-13 17:15:17,427,63
U0183,P0040,5.0,2026-01-30 17:15:17,182,39
U0062,P0021,3.5,2025-04-13 17:15:17,61,20
U0490,P0170,1.0,2025-07-16 17:15:17,489,169
U0315,P0002,4.6,2025-06-21 17:15:17,314,1
U0435,P0124,3.4,2025-09-16 17:15:17,434,123
U0318,P0081,2.8,2025-07-16 17:15:17,317,80
U0460,P0148,1.9,2025-11-05 17:15:17,459,147
U0252,P0047,2.3,2025-07-07 17:15:17,251,46
U0144,P0102,1.9,2025-12-02 17:15:17,143,101
U0385,P0148,1.0,2026-01-19 17:15:17,384,147
U0028,P0135,4.9,2025-08-21 17:15:17,27,134
U0245,P0139,5.0,2026-03-09 17:15:17,244,138
U0258,P0089,4.7,2025-09-05 17:15:17,257,88
U0441,P0176,1.4,2025-12-26 17:15:17,440,175
U0235,P0031,3.8,2025-04-02 17:15:17,234,30
U0266,P0118,4.0,2025-10-15 17:15:17,265,117
U0353,P0003,3.1,2026-03-19 17:15:17,352,2
U0346,P0054,4.7,2025-09-12 17:15:17,345,53
U0298,P0026,3.3,2025-10-10 17:15:17,297,25
U0186,P0157,2.6,2025-11-13 17:15:17,185,156
U0096,P0141,3.0,2025-11-11 17:15:17,95,140
U0122,P0069,5.0,2025-07-27 17:15:17,121,68
U0491,P0157,3.2,2025-10-01 17:15:17,490,156
U0188,P0048,4.8,2025-07-13 17:15:17,187,47
U0218,P0054,2.6,2025-08-23 17:15:17,217,53
U0359,P0193,3.9,2025-09-16 17:15:17,358,192
U0187,P0103,4.4,2025-11-02 17:15:17,186,102
U0231,P0047,1.6,2025-06-06 17:15:17,230,46
U0068,P0148,3.9,2025-04-08 17:15:17,67,147
U0118,P0026,3.2,2025-11-07 17:15:17,117,25
U0412,P0061,2.1,2025-06-14 17:15:17,411,60
U0222,P0098,3.5,2025-12-15 17:15:17,221,97
U0075,P0190,4.3,2026-01-08 17:15:17,74,189
U0243,P0003,3.0,2025-12-25 17:15:17,242,2
U0216,P0128,4.2,2026-01-16 17:15:17,215,127
U0458,P0162,4.3,2025-07-04 17:15:17,457,161
U0274,P0185,5.0,2025-10-15 17:15:17,273,184
U0403,P0125,3.6,2025-10-23 17:15:17,402,124
U0129,P0144,4.2,2025-06-08 17:15:17,128,143
U0025,P0102,3.4,2026-02-03 17:15:17,24,101
U0354,P0042,1.5,2026-02-23 17:15:17,353,41
U0111,P0066,4.4,2025-07-25 17:15:17,110,65
U0430,P0162,4.3,2026-02-04 17:15:17,429,161
U0231,P0191,2.3,2025-10-05 17:15:17,230,190
U0134,P0093,1.7,2025-09-22 17:15:17,133,92
U0478,P0066,1.8,2025-09-30 17:15:17,477,65
U0011,P0106,2.9,2026-01-22 17:15:17,10,105
U0180,P0174,1.7,2025-05-19 17:15:17,179,173
U0102,P0148,3.6,2025-06-04 17:15:17,101,147
U0333,P0167,2.6,2025-06-23 17:15:17,332,166
U0090,P0200,4.0,2025-10-31 17:15:17,89,199
U0182,P0084,3.4,2025-04-15 17:15:17,181,83
U0262,P0125,3.1,2025-08-09 17:15:17,261,124
U0456,P0021,4.0,2025-09-11 17:15:17,455,20
U0315,P0074,3.0,2025-07-31 17:15:17,314,73
U0324,P0038,3.5,2025-12-30 17:15:17,323,37
U0328,P0087,3.3,2025-08-22 17:15:17,327,86
U0324,P0157,4.9,2025-06-06 17:15:17,323,156
U0208,P0019,2.9,2026-02-13 17:15:17,207,18
U0083,P0088,4.9,2025-11-29 17:15:17,82,87
U0161,P0082,2.7,2025-04-25 17:15:17,160,81
U0150,P0182,4.6,2025-11-09 17:15:17,149,181
U0310,P0166,2.8,2025-09-04 17:15:17,309,165
U0139,P0114,3.1,2025-09-21 17:15:17,138,113
U0383,P0151,4.6,2025-07-02 17:15:17,382,150
U0495,P0116,3.1,2025-08-26 17:15:17,494,115
U0086,P0048,3.0,2026-03-14 17:15:17,85,47
U0065,P0187,2.6,2025-11-25 17:15:17,64,186
U0339,P0065,3.3,2025-04-01 17:15:17,338,64
U0384,P0021,1.3,2025-12-08 17:15:17,383,20
U0086,P0102,4.6,2026-02-01 17:15:17,85,101
U0049,P0017,4.6,2025-07-26 17:15:17,48,16
U0281,P0014,1.8,2026-03-12 17:15:17,280,13
U0395,P0102,4.6,2025-06-30 17:15:17,394,101
U0392,P0022,2.8,2026-01-31 17:15:17,391,21
U0135,P0159,2.0,2026-01-05 17:15:17,134,158
U0044,P0168,3.0,2025-09-07 17:15:17,43,167
U0159,P0059,2.0,2025-11-19 17:15:17,158,58
U0378,P0073,4.3,2025-08-11 17:15:17,377,72
U0321,P0033,2.4,2026-01-17 17:15:17,320,32
U0270,P0044,2.6,2026-03-11 17:15:17,269,43
U0018,P0170,2.2,2025-09-24 17:15:17,17,169
U0441,P0084,3.2,2025-07-25 17:15:17,440,83
U0240,P0139,3.7,2025-11-06 17:15:17,239,138
U0281,P0114,3.7,2026-01-15 17:15:17,280,113
U0497,P0179,4.7,2025-06-22 17:15:17,496,178
U0091,P0152,4.3,2025-05-24 17:15:17,90,151
U0234,P0162,2.8,2025-05-04 17:15:17,233,161
U0450,P0145,3.0,2025-08-15 17:15:17,449,144
U0269,P0164,1.0,2025-05-02 17:15:17,268,163
U0274,P0080,4.8,2025-09-29 17:15:17,273,79
U0247,P0139,3.1,2025-11-29 17:15:17,246,138
U0413,P0023,1.5,2025-08-11 17:15:17,412,22
U0158,P0094,3.8,2025-08-26 17:15:17,157,93
U0134,P0040,2.5,2025-10-21 17:15:17,133,39
U0006,P0001,3.9,2025-07-01 17:15:17,5,0
U0418,P0195,2.8,2026-01-15 17:15:17,417,194
U0177,P0074,5.0,2025-07-28 17:15:17,176,73
U0274,P0003,5.0,2025-04-07 17:15:17,273,2
U0473,P0126,2.7,2025-07-24 17:15:17,472,125
U0154,P0003,3.1,2025-08-17 17:15:17,153,2
U0409,P0075,3.8,2025-05-24 17:15:17,408,74
U0119,P0002,2.9,2025-06-18 17:15:17,118,1
U0192,P0049,5.0,2025-08-27 17:15:17,191,48
U0452,P0144,5.0,2025-08-14 17:15:17,451,143
U0203,P0064,3.5,2026-01-01 17:15:17,202,63
U0367,P0189,4.2,2025-04-29 17:15:17,366,188
U0200,P0097,3.5,2025-12-03 17:15:17,199,96
U0135,P0021,2.6,2025-08-21 17:15:17,134,20
U0321,P0062,4.0,2025-07-04 17:15:17,320,61
U0392,P0157,2.1,2025-04-04 17:15:17,391,156
U0351,P0070,4.1,2025-10-31 17:15:17,350,69
U0333,P0191,3.2,2025-06-26 17:15:17,332,190
U0415,P0069,4.0,2025-08-26 17:15:17,414,68
U0097,P0018,4.5,2025-12-22 17:15:17,96,17
U0070,P0075,2.6,2026-01-28 17:15:17,69,74
U0327,P0117,2.9,2025-05-13 17:15:17,326,116
U0232,P0070,1.9,2025-04-01 17:15:17,231,69
U0319,P0126,4.6,2025-12-19 17:15:17,318,125
U0165,P0005,4.9,2026-01-07 17:15:17,164,4
U0026,P0137,3.4,2026-03-14 17:15:17,25,136
U0096,P0027,2.6,2025-11-01 17:15:17,95,26
U0138,P0033,5.0,2025-08-13 17:15:17,137,32
U0373,P0003,3.5,2025-11-26 17:15:17,372,2
U0047,P0039,1.4,2026-03-18 17:15:17,46,38
U0253,P0056,5.0,2025-10-01 17:15:17,252,55
U0216,P0080,4.5,2025-07-13 17:15:17,215,79
U0191,P0119,2.5,2025-04-03 17:15:17,190,118
U0406,P0009,5.0,2025-10-07 17:15:17,405,8
U0042,P0193,3.8,2026-01-10 17:15:17,41,192
U0029,P0069,3.3,2025-09-06 17:15:17,28,68
U0037,P0140,2.0,2025-07-28 17:15:17,36,139
U0093,P0050,5.0,2025-11-17 17:15:17,92,49
U0419,P0098,5.0,2026-03-19 17:15:17,418,97
U0063,P0197,3.1,2025-11-18 17:15:17,62,196
U0198,P0198,3.1,2025-08-11 17:15:17,197,197
U0127,P0189,4.5,2026-03-08 17:15:17,126,188
U0102,P0118,2.0,2026-02-05 17:15:17,101,117
U0267,P0171,2.2,2025-12-09 17:15:17,266,170
U0243,P0100,4.3,2025-04-11 17:15:17,242,99
U0493,P0080,4.1,2025-10-11 17:15:17,492,79
U0082,P0162,3.4,2026-03-04 17:15:17,81,161
U0382,P0141,4.4,2025-07-02 17:15:17,381,140
U0063,P0065,3.0,2025-07-22 17:15:17,62,64
U0327,P0077,2.5,2025-12-14 17:15:17,326,76
U0185,P0014,3.1,2025-04-18 17:15:17,184,13
U0112,P0029,1.5,2025-11-25 17:15:17,111,28
U0325,P0112,2.2,2025-10-10 17:15:17,324,111
U0008,P0043,2.7,2025-11-04 17:15:17,7,42
U0300,P0031,2.8,2025-09-04 17:15:17,299,30
U0405,P0063,2.9,2026-03-21 17:15:17,404,62
U0497,P0011,3.8,2025-06-01 17:15:17,496,10
U0402,P0177,5.0,2025-07-25 17:15:17,401,176
U0353,P0153,4.1,2026-01-05 17:15:17,352,152
U0191,P0198,2.0,2026-02-08 17:15:17,190,197
U0128,P0041,2.3,2025-07-13 17:15:17,127,40
U0047,P0176,3.9,2025-05-13 17:15:17,46,175
U0174,P0195,2.0,2025-05-09 17:15:17,173,194
U0031,P0016,4.2,2025-09-24 17:15:17,30,15
U0331,P0040,3.2,2025-03-31 17:15:17,330,39
U0275,P0028,1.4,2026-01-20 17:15:17,274,27
U0250,P0060,3.1,2025-10-14 17:15:17,249,59
U0286,P0166,3.1,2025-09-29 17:15:17,285,165
U0413,P0113,3.2,2025-12-17 17:15:17,412,112
U0011,P0177,4.9,2025-09-13 17:15:17,10,176
U0184,P0186,1.9,2026-01-16 17:15:17,183,185
U0129,P0011,2.8,2025-07-20 17:15:17,128,10
U0362,P0113,4.8,2025-06-12 17:15:17,361,112
U0151,P0139,4.0,2025-04-03 17:15:17,150,138
U0251,P0049,4.5,2025-06-08 17:15:17,250,48
U0096,P0140,3.5,2025-09-28 17:15:17,95,139
U0166,P0188,3.8,2025-07-29 17:15:17,165,187
U0141,P0154,3.8,2025-06-15 17:15:17,140,153
U0083,P0018,1.8,2025-06-27 17:15:17,82,17
U0080,P0116,3.8,2025-10-25 17:15:17,79,115
U0420,P0068,1.0,2025-06-21 17:15:17,419,67
U0188,P0117,2.0,2026-03-25 17:15:17,187,116
U0398,P0164,3.7,2025-07-09 17:15:17,397,163
U0195,P0188,2.2,2025-12-21 17:15:17,194,187
U0453,P0005,2.3,2025-05-12 17:15:17,452,4
U0439,P0094,2.4,2025-05-12 17:15:17,438,93
U0123,P0083,3.0,2026-02-21 17:15:17,122,82
U0338,P0138,4.9,2025-09-08 17:15:17,337,137
U0098,P0135,3.4,2025-04-10 17:15:17,97,134
U0255,P0197,1.3,2025-06-16 17:15:17,254,196
U0079,P0157,3.0,2025-11-01 17:15:17,78,156
U0166,P0105,3.5,2025-05-01 17:15:17,165,104
U0165,P0029,2.1,2026-02-04 17:15:17,164,28
U0268,P0169,1.7,2026-02-19 17:15:17,267,168
U0023,P0034,2.7,2025-12-24 17:15:17,22,33
U0448,P0009,3.5,2025-12-12 17:15:17,447,8
U0055,P0125,2.7,2025-12-17 17:15:17,54,124
U0051,P0009,4.6,2025-06-06 17:15:17,50,8
U0329,P0100,1.9,2025-04-23 17:15:17,328,99
U0251,P0135,3.6,2025-05-10 17:15:17,250,134
U0360,P0152,1.6,2025-11-14 17:15:17,359,151
U0026,P0094,4.0,2025-12-02 17:15:17,25,93
U0311,P0184,1.7,2026-02-17 17:15:17,310,183
U0007,P0054,4.6,2025-04-24 17:15:17,6,53
U0252,P0021,2.2,2025-07-29 17:15:17,251,20
U0411,P0164,3.6,2026-02-22 17:15:17,410,163
U0185,P0143,4.3,2025-08-25 17:15:17,184,142
U0421,P0095,2.7,2025-03-28 17:15:17,420,94
U0030,P0158,5.0,2025-11-09 17:15:17,29,157
U0271,P0011,4.3,2026-02-17 17:15:17,270,10
U0428,P0078,1.5,2026-02-14 17:15:17,427,77
U0484,P0056,3.9,2025-07-03 17:15:17,483,55
U0050,P0026,2.2,2025-11-27 17:15:17,49,25
U0273,P0099,2.4,2025-12-18 17:15:17,272,98
U0099,P0135,1.7,2025-04-23 17:15:17,98,134
U0128,P0146,3.4,2025-05-09 17:15:17,127,145
U0486,P0046,3.5,2025-06-13 17:15:17,485,45
U0384,P0143,2.4,2025-08-25 17:15:17,383,142
U0383,P0028,1.9,2025-05-03 17:15:17,382,27
U0296,P0092,4.2,2025-04-14 17:15:17,295,91
U0235,P0180,2.2,2025-04-19 17:15:17,234,179
U0219,P0027,4.3,2025-12-30 17:15:17,218,26
U0406,P0047,4.8,2025-06-17 17:15:17,405,46
U0206,P0130,4.5,2025-10-04 17:15:17,205,129
U0337,P0041,2.9,2025-06-25 17:15:17,336,40
U0308,P0114,2.9,2025-09-26 17:15:17,307,113
U0463,P0081,1.0,2025-06-17 17:15:17,462,80
U0167,P0096,2.2,2025-08-26 17:15:17,166,95
U0392,P0163,4.8,2025-08-17 17:15:17,391,162
U0423,P0186,2.5,2025-10-11 17:15:17,422,185
U0312,P0062,1.1,2025-06-10 17:15:17,311,61
U0280,P0055,3.9,2025-09-14 17:15:17,279,54
U0393,P0141,4.2,2025-11-15 17:15:17,392,140
U0185,P0116,3.7,2025-08-08 17:15:17,184,115
U0492,P0102,2.4,2026-03-25 17:15:17,491,101
U0372,P0009,5.0,2025-10-31 17:15:17,371,8
U0306,P0005,2.1,2025-07-03 17:15:17,305,4
U0070,P0078,2.3,2026-03-22 17:15:17,69,77
U0154,P0057,1.6,2025-12-06 17:15:17,153,56
U0439,P0081,5.0,2026-03-14 17:15:17,438,80
U0396,P0177,3.7,2025-11-04 17:15:17,395,176
U0471,P0142,2.3,2025-07-07 17:15:17,470,141
U0285,P0147,3.7,2025-06-06 17:15:17,284,146
U0080,P0025,5.0,2026-03-06 17:15:17,79,24
U0236,P0092,5.0,2026-01-05 17:15:17,235,91
U0071,P0068,4.7,2025-09-19 17:15:17,70,67
U0456,P0150,2.3,2025-11-18 17:15:17,455,149
U0120,P0066,2.8,2025-10-23 17:15:17,119,65
U0048,P0147,2.5,2025-09-02 17:15:17,47,146
U0292,P0056,5.0,2026-02-14 17:15:17,291,55
U0371,P0084,2.8,2025-07-21 17:15:17,370,83
U0089,P0125,4.2,2025-04-06 17:15:17,88,124
U0360,P0148,1.4,2026-02-05 17:15:17,359,147
U0305,P0165,3.4,2025-10-23 17:15:17,304,164
U0020,P0188,3.2,2025-06-03 17:15:17,19,187
U0196,P0021,3.4,2026-02-25 17:15:17,195,20
U0472,P0198,2.0,2025-10-05 17:15:17,471,197
U0179,P0112,2.0,2025-08-24 17:15:17,178,111
U0477,P0031,3.3,2025-11-29 17:15:17,476,30
U0383,P0168,1.4,2025-05-21 17:15:17,382,167
U0476,P0003,4.2,2025-05-05 17:15:17,475,2
U0399,P0162,5.0,2025-09-11 17:15:17,398,161
U0028,P0079,3.5,2025-06-30 17:15:17,27,78
U0022,P0082,3.3,2025-06-22 17:15:17,21,81
U0290,P0039,2.3,2025-10-09 17:15:17,289,38
U0258,P0179,5.0,2025-12-02 17:15:17,257,178
U0079,P0013,2.7,2025-04-15 17:15:17,78,12
U0375,P0101,3.5,2025-08-09 17:15:17,374,100
U0386,P0153,4.5,2025-06-04 17:15:17,385,152
U0259,P0024,1.4,2025-12-02 17:15:17,258,23
U0222,P0075,4.7,2025-09-05 17:15:17,221,74
U0076,P0034,4.4,2025-10-04 17:15:17,75,33
U0043,P0122,3.7,2025-06-06 17:15:17,42,121
U0382,P0013,1.7,2025-06-18 17:15:17,381,12
U0205,P0068,1.6,2026-02-10 17:15:17,204,67
U0205,P0129,4.5,2025-08-15 17:15:17,204,128
U0397,P0179,5.0,2026-01-18 17:15:17,396,178
U0391,P0035,3.4,2025-07-22 17:15:17,390,34
U0287,P0051,4.5,2025-07-19 17:15:17,286,50
U0203,P0167,1.0,2025-06-06 17:15:17,202,166
U0101,P0144,3.4,2025-05-14 17:15:17,100,143
U0377,P0135,4.0,2025-11-19 17:15:17,376,134
U0125,P0019,1.6,2025-11-09 17:15:17,124,18
U0398,P0111,3.1,2025-10-11 17:15:17,397,110
U0351,P0148,1.8,2026-02-08 17:15:17,350,147
U0058,P0172,4.3,2025-08-26 17:15:17,57,171
U0217,P0094,3.8,2025-09-28 17:15:17,216,93
U0098,P0083,1.8,2025-09-30 17:15:17,97,82
U0305,P0168,1.9,2026-03-13 17:15:17,304,167
U0395,P0079,1.9,2025-12-29 17:15:17,394,78
U0180,P0158,4.5,2025-08-11 17:15:17,179,157
U0320,P0038,1.0,2025-08-12 17:15:17,319,37
U0103,P0176,3.5,2025-09-15 17:15:17,102,175
U0080,P0194,2.0,2026-02-10 17:15:17,79,193
U0058,P0190,5.0,2026-02-26 17:15:17,57,189
U0125,P0159,2.1,2026-01-09 17:15:17,124,158
U0445,P0074,2.9,2026-03-18 17:15:17,444,73
U0176,P0178,2.6,2026-01-28 17:15:17,175,177
U0157,P0116,1.9,2025-07-27 17:15:17,156,115
U0012,P0085,4.8,2025-12-08 17:15:17,11,84
U0379,P0138,2.7,2025-12-07 17:15:17,378,137
U0105,P0140,3.0,2025-07-01 17:15:17,104,139
U0385,P0067,5.0,2025-06-18 17:15:17,384,66
U0248,P0160,1.9,2026-01-12 17:15:17,247,159
U0356,P0179,5.0,2025-04-17 17:15:17,355,178
U0010,P0097,3.7,2025-05-31 17:15:17,9,96
U0464,P0170,4.3,2025-06-29 17:15:17,463,169
U0023,P0066,2.5,2025-12-28 17:15:17,22,65
U0031,P0073,2.1,2025-12-13 17:15:17,30,72
U0405,P0179,3.4,2025-05-13 17:15:17,404,178
U0139,P0014,4.3,2025-07-30 17:15:17,138,13
U0336,P0003,1.0,2026-02-19 17:15:17,335,2
U0199,P0170,4.8,2025-11-07 17:15:17,198,169
U0340,P0169,2.1,2025-09-22 17:15:17,339,168
U0443,P0028,2.9,2026-03-16 17:15:17,442,27
U0150,P0167,2.0,2025-09-09 17:15:17,149,166
U0119,P0098,3.8,2025-07-08 17:15:17,118,97
U0364,P0026,2.0,2025-10-15 17:15:17,363,25
U0249,P0153,2.9,2025-06-26 17:15:17,248,152
U0046,P0048,1.8,2025-12-14 17:15:17,45,47
U0257,P0118,3.3,2025-06-11 17:15:17,256,117
U0475,P0183,4.7,2026-03-14 17:15:17,474,182
U0021,P0064,4.3,2025-06-27 17:15:17,20,63
U0157,P0086,2.3,2025-07-18 17:15:17,156,85
U0202,P0191,4.7,2026-01-04 17:15:17,201,190
U0010,P0089,4.1,2025-04-09 17:15:17,9,88
U0181,P0091,3.8,2025-05-09 17:15:17,180,90
U0155,P0061,3.3,2025-07-12 17:15:17,154,60
U0142,P0016,3.2,2025-05-09 17:15:17,141,15
U0132,P0100,2.3,2026-03-10 17:15:17,131,99
U0484,P0143,3.9,2025-11-02 17:15:17,483,142
U0116,P0039,4.1,2025-10-02 17:15:17,115,38
U0460,P0101,4.3,2025-04-23 17:15:17,459,100
U0071,P0023,2.4,2025-09-11 17:15:17,70,22
U0267,P0174,2.7,2025-05-16 17:15:17,266,173
U0447,P0161,4.1,2025-04-08 17:15:17,446,160
U0117,P0107,3.5,2025-11-22 17:15:17,116,106
U0294,P0040,4.9,2025-08-19 17:15:17,293,39
U0497,P0080,3.5,2025-05-20 17:15:17,496,79
U0169,P0115,1.6,2025-06-21 17:15:17,168,114
U0068,P0053,5.0,2025-04-25 17:15:17,67,52
U0071,P0149,4.9,2025-06-21 17:15:17,70,148
U0351,P0052,5.0,2026-01-14 17:15:17,350,51
U0159,P0177,1.9,2025-03-29 17:15:17,158,176
U0461,P0135,2.3,2026-01-15 17:15:17,460,134
U0221,P0198,2.4,2026-01-10 17:15:17,220,197
U0336,P0145,2.1,2026-01-04 17:15:17,335,144
U0163,P0018,3.5,2025-06-13 17:15:17,162,17
U0273,P0185,2.0,2026-01-24 17:15:17,272,184
U0095,P0082,4.6,2026-01-10 17:15:17,94,81
U0373,P0008,2.3,2025-10-13 17:15:17,372,7
U0451,P0106,4.3,2025-08-27 17:15:17,450,105
U0156,P0114,2.9,2025-05-03 17:15:17,155,113
U0478,P0190,2.6,2025-11-05 17:15:17,477,189
U0078,P0200,1.0,2025-12-19 17:15:17,77,199
U0055,P0034,2.3,2025-12-21 17:15:17,54,33
U0014,P0196,2.4,2025-05-16 17:15:17,13,195
U0316,P0069,3.7,2025-05-19 17:15:17,315,68
U0291,P0157,4.8,2025-11-27 17:15:17,290,156
U0306,P0060,4.5,2025-11-27 17:15:17,305,59
U0352,P0007,4.0,2025-09-23 17:15:17,351,6
U0041,P0177,3.1,2025-07-24 17:15:17,40,176
U0069,P0129,4.2,2025-05-20 17:15:17,68,128
U0241,P0183,3.4,2025-04-27 17:15:17,240,182
U0192,P0048,2.3,2025-09-08 17:15:17,191,47
U0252,P0122,3.6,2026-01-14 17:15:17,251,121
U0084,P0050,1.4,2025-11-30 17:15:17,83,49
U0017,P0105,1.7,2026-03-18 17:15:17,16,104
U0474,P0070,1.9,2025-08-26 17:15:17,473,69
U0114,P0191,2.0,2025-04-16 17:15:17,113,190
U0104,P0194,2.9,2025-12-11 17:15:17,103,193
U0034,P0046,5.0,2025-08-13 17:15:17,33,45
U0444,P0158,2.2,2025-07-18 17:15:17,443,157
U0353,P0084,4.4,2025-08-03 17:15:17,352,83
U0455,P0064,3.4,2025-08-19 17:15:17,454,63
U0208,P0199,2.2,2026-03-04 17:15:17,207,198
U0312,P0189,4.3,2025-09-12 17:15:17,311,188
U0369,P0081,1.0,2025-09-05 17:15:17,368,80
U0314,P0191,2.4,2025-06-06 17:15:17,313,190
U0305,P0138,2.6,2025-06-30 17:15:17,304,137
U0329,P0181,4.5,2026-03-06 17:15:17,328,180
U0267,P0028,4.9,2025-08-06 17:15:17,266,27
U0234,P0011,2.6,2025-11-20 17:15:17,233,10
U0266,P0138,5.0,2025-09-04 17:15:17,265,137
U0377,P0011,1.7,2025-06-13 17:15:17,376,10
U0199,P0133,4.5,2025-05-07 17:15:17,198,132
U0493,P0013,2.7,2025-12-18 17:15:17,492,12
U0150,P0113,2.8,2025-09-03 17:15:17,149,112
U0453,P0078,3.8,2025-10-30 17:15:17,452,77
U0237,P0043,4.7,2025-08-21 17:15:17,236,42
U0151,P0157,2.8,2026-02-26 17:15:17,150,156
U0354,P0133,1.0,2026-01-12 17:15:17,353,132
U0238,P0166,1.5,2025-08-06 17:15:17,237,165
U0047,P0185,3.9,2025-07-12 17:15:17,46,184
U0058,P0047,4.1,2025-05-30 17:15:17,57,46
U0481,P0179,1.4,2025-06-19 17:15:17,480,178
U0070,P0101,4.9,2025-08-26 17:15:17,69,100
U0166,P0116,5.0,2026-03-13 17:15:17,165,115
U0092,P0117,4.6,2025-05-27 17:15:17,91,116
U0460,P0183,4.1,2025-12-12 17:15:17,459,182
U0452,P0117,2.3,2026-02-07 17:15:17,451,116
U0129,P0083,1.5,2025-04-05 17:15:17,128,82
U0333,P0183,2.6,2026-01-01 17:15:17,332,182
U0368,P0188,2.8,2026-01-21 17:15:17,367,187
U0047,P0030,1.3,2025-03-29 17:15:17,46,29
U0231,P0163,2.8,2025-09-21 17:15:17,230,162
U0044,P0135,3.8,2025-03-28 17:15:17,43,134
U0197,P0187,2.1,2025-07-07 17:15:17,196,186
U0314,P0041,1.6,2025-09-13 17:15:17,313,40
U0282,P0098,3.6,2026-03-03 17:15:17,281,97
U0394,P0044,4.4,2025-10-05 17:15:17,393,43
U0290,P0169,3.1,2026-01-08 17:15:17,289,168
U0084,P0038,1.2,2025-12-24 17:15:17,83,37
U0394,P0183,4.5,2026-02-27 17:15:17,393,182
U0215,P0079,1.0,2025-10-18 17:15:17,214,78
U0374,P0197,3.6,2025-08-09 17:15:17,373,196
U0148,P0161,2.0,2025-12-23 17:15:17,147,160
U0061,P0034,2.4,2025-12-12 17:15:17,60,33
U0002,P0160,5.0,2025-11-16 17:15:17,1,159
U0007,P0118,2.7,2025-07-14 17:15:17,6,117
U0438,P0128,2.6,2025-06-20 17:15:17,437,127
U0414,P0002,3.4,2025-05-18 17:15:17,413,1
U0452,P0127,3.5,2025-11-24 17:15:17,451,126
U0112,P0151,1.0,2025-04-22 17:15:17,111,150
U0244,P0117,1.2,2025-08-28 17:15:17,243,116
U0227,P0021,2.0,2025-05-22 17:15:17,226,20
U0308,P0002,4.6,2025-11-20 17:15:17,307,1
U0452,P0141,3.7,2025-11-03 17:15:17,451,140
U0318,P0161,2.0,2025-06-13 17:15:17,317,160
U0420,P0054,3.6,2026-02-28 17:15:17,419,53
U0095,P0038,3.7,2026-02-25 17:15:17,94,37
U0335,P0090,2.1,2026-03-07 17:15:17,334,89
U0075,P0009,2.1,2025-04-18 17:15:17,74,8
U0296,P0155,2.7,2025-10-24 17:15:17,295,154
U0170,P0023,4.4,2026-02-28 17:15:17,169,22
U0056,P0107,3.5,2025-12-24 17:15:17,55,106
U0083,P0173,2.5,2025-10-31 17:15:17,82,172
U0313,P0170,1.0,2025-04-05 17:15:17,312,169
U0359,P0153,3.3,2025-06-05 17:15:17,358,152
U0404,P0144,3.0,2025-12-25 17:15:17,403,143
U0495,P0117,1.5,2025-06-02 17:15:17,494,116
U0185,P0010,4.1,2026-02-06 17:15:17,184,9
U0394,P0077,4.4,2025-10-11 17:15:17,393,76
U0189,P0098,2.2,2026-02-19 17:15:17,188,97
U0389,P0110,2.7,2025-06-17 17:15:17,388,109
U0034,P0075,1.5,2025-07-27 17:15:17,33,74
U0069,P0032,3.8,2025-04-04 17:15:17,68,31
U0441,P0071,3.1,2025-10-08 17:15:17,440,70
U0270,P0106,2.7,2025-06-30 17:15:17,269,105
U0108,P0179,3.4,2025-12-08 17:15:17,107,178
U0314,P0015,4.2,2026-01-29 17:15:17,313,14
U0293,P0187,4.7,2025-05-07 17:15:17,292,186
U0271,P0023,1.0,2025-07-21 17:15:17,270,22
U0371,P0177,5.0,2025-05-20 17:15:17,370,176
U0479,P0181,2.2,2025-10-29 17:15:17,478,180
U0219,P0156,4.4,2025-10-14 17:15:17,218,155
U0133,P0135,3.7,2025-06-04 17:15:17,132,134
U0320,P0091,2.6,2026-01-18 17:15:17,319,90
U0315,P0145,3.3,2025-07-14 17:15:17,314,144
U0267,P0187,3.7,2025-05-06 17:15:17,266,186
U0255,P0127,3.2,2025-12-23 17:15:17,254,126
U0453,P0157,4.2,2025-11-26 17:15:17,452,156
U0363,P0075,1.6,2025-12-16 17:15:17,362,74
U0001,P0031,3.4,2026-03-13 17:15:17,0,30
U0239,P0161,4.2,2026-01-24 17:15:17,238,160
U0378,P0054,2.8,2025-05-14 17:15:17,377,53
U0213,P0106,3.6,2026-03-02 17:15:17,212,105
U0171,P0090,4.3,2025-06-12 17:15:17,170,89
U0413,P0164,2.2,2025-12-07 17:15:17,412,163
U0006,P0164,2.4,2025-12-12 17:15:17,5,163
U0354,P0073,2.0,2025-11-15 17:15:17,353,72
U0405,P0018,2.5,2025-10-19 17:15:17,404,17
U0154,P0130,2.8,2025-06-17 17:15:17,153,129
U0166,P0197,5.0,2026-03-22 17:15:17,165,196
U0059,P0176,4.0,2025-10-06 17:15:17,58,175
U0175,P0102,2.7,2025-06-07 17:15:17,174,101
U0316,P0008,3.2,2025-12-26 17:15:17,315,7
U0100,P0085,1.2,2025-10-03 17:15:17,99,84
U0473,P0173,5.0,2025-07-23 17:15:17,472,172
U0470,P0122,4.2,2026-03-07 17:15:17,469,121
U0331,P0035,5.0,2025-07-22 17:15:17,330,34
U0080,P0161,1.8,2025-08-02 17:15:17,79,160
U0459,P0086,4.3,2025-08-01 17:15:17,458,85
U0402,P0106,4.8,2026-02-25 17:15:17,401,105
U0428,P0134,4.6,2025-10-23 17:15:17,427,133
U0290,P0186,4.2,2025-04-12 17:15:17,289,185
U0162,P0143,3.8,2025-06-24 17:15:17,161,142
U0010,P0054,3.7,2025-06-03 17:15:17,9,53
U0351,P0085,4.1,2025-09-25 17:15:17,350,84
U0034,P0039,1.0,2025-11-02 17:15:17,33,38
U0431,P0008,2.9,2025-10-03 17:15:17,430,7
U0193,P0161,3.8,2025-06-25 17:15:17,192,160
U0432,P0043,4.3,2025-06-06 17:15:17,431,42
U0311,P0100,2.4,2025-12-20 17:15:17,310,99
U0305,P0030,5.0,2025-10-19 17:15:17,304,29
U0362,P0081,2.0,2025-03-27 17:15:17,361,80
U0017,P0070,2.6,2025-08-26 17:15:17,16,69
U0045,P0128,1.0,2025-11-24 17:15:17,44,127
U0191,P0116,4.8,2025-10-22 17:15:17,190,115
U0111,P0135,3.9,2025-10-22 17:15:17,110,134
U0090,P0029,4.4,2025-09-15 17:15:17,89,28
U0402,P0010,1.6,2025-12-12 17:15:17,401,9
U0468,P0024,5.0,2025-08-10 17:15:17,467,23
U0260,P0007,5.0,2025-07-21 17:15:17,259,6
U0464,P0129,4.6,2026-01-06 17:15:17,463,128
U0098,P0088,3.9,2025-07-21 17:15:17,97,87
U0376,P0135,4.6,2025-10-18 17:15:17,375,134
U0398,P0084,3.3,2026-01-11 17:15:17,397,83
U0394,P0026,3.4,2025-07-04 17:15:17,393,25
U0347,P0034,4.1,2025-12-10 17:15:17,346,33
U0371,P0010,3.6,2025-08-02 17:15:17,370,9
U0199,P0183,3.3,2025-07-01 17:15:17,198,182
U0060,P0002,2.9,2025-10-17 17:15:17,59,1
U0478,P0012,1.2,2025-04-08 17:15:17,477,11
U0435,P0153,3.1,2026-02-09 17:15:17,434,152
U0171,P0120,3.0,2026-03-02 17:15:17,170,119
U0053,P0134,1.0,2025-04-22 17:15:17,52,133
U0382,P0080,1.3,2026-03-14 17:15:17,381,79
U0296,P0195,3.7,2025-10-17 17:15:17,295,194
U0328,P0054,2.2,2025-10-12 17:15:17,327,53
U0103,P0050,2.8,2025-10-30 17:15:17,102,49
U0142,P0137,2.9,2025-10-13 17:15:17,141,136
U0396,P0113,4.3,2025-04-16 17:15:17,395,112
U0061,P0070,2.3,2026-01-08 17:15:17,60,69
U0081,P0071,3.2,2026-01-26 17:15:17,80,70
U0008,P0160,3.5,2025-06-12 17:15:17,7,159
U0264,P0027,4.2,2025-12-10 17:15:17,263,26
U0278,P0090,2.0,2025-06-17 17:15:17,277,89
U0164,P0070,1.9,2026-01-12 17:15:17,163,69
U0483,P0181,3.0,2025-10-31 17:15:17,482,180
U0294,P0063,3.6,2025-12-28 17:15:17,293,62
U0037,P0080,3.9,2025-05-16 17:15:17,36,79
U0457,P0087,3.2,2025-06-22 17:15:17,456,86
U0228,P0013,2.1,2026-01-18 17:15:17,227,12
U0015,P0121,3.8,2025-04-14 17:15:17,14,120
U0026,P0028,4.1,2025-09-10 17:15:17,25,27
U0028,P0023,3.6,2025-08-19 17:15:17,27,22
U0201,P0046,2.4,2025-03-30 17:15:17,200,45
U0306,P0152,4.0,2025-05-07 17:15:17,305,151
U0429,P0177,2.3,2025-04-01 17:15:17,428,176
U0229,P0158,5.0,2025-09-24 17:15:17,228,157
U0160,P0086,2.5,2025-12-14 17:15:17,159,85
U0366,P0195,2.9,2025-04-16 17:15:17,365,194
U0415,P0137,3.5,2026-02-13 17:15:17,414,136
U0499,P0194,3.0,2025-07-30 17:15:17,498,193
U0291,P0034,3.0,2026-02-06 17:15:17,290,33
U0417,P0179,2.2,2025-07-29 17:15:17,416,178
U0050,P0117,3.3,2025-10-18 17:15:17,49,116
U0351,P0165,1.9,2025-03-27 17:15:17,350,164
U0393,P0120,3.9,2025-07-28 17:15:17,392,119
U0119,P0058,1.9,2026-01-11 17:15:17,118,57
U0441,P0158,2.9,2025-11-13 17:15:17,440,157
U0468,P0094,3.0,2025-09-06 17:15:17,467,93
U0094,P0180,1.8,2025-04-19 17:15:17,93,179
U0170,P0084,3.3,2025-08-05 17:15:17,169,83
U0250,P0008,3.9,2026-02-20 17:15:17,249,7
U0244,P0029,3.1,2025-09-27 17:15:17,243,28
U0246,P0119,3.3,2025-12-28 17:15:17,245,118
U0145,P0197,2.1,2025-09-28 17:15:17,144,196
U0310,P0148,1.1,2026-01-19 17:15:17,309,147
U0261,P0027,3.6,2025-08-30 17:15:17,260,26
U0419,P0183,1.5,2026-01-30 17:15:17,418,182
U0167,P0143,2.4,2025-04-27 17:15:17,166,142
U0037,P0078,2.8,2025-06-26 17:15:17,36,77
U0237,P0103,2.6,2025-05-27 17:15:17,236,102
U0212,P0062,5.0,2025-05-12 17:15:17,211,61
U0125,P0141,2.8,2026-01-03 17:15:17,124,140
U0499,P0124,1.9,2025-09-10 17:15:17,498,123
U0034,P0088,3.0,2025-12-09 17:15:17,33,87
U0417,P0178,2.0,2025-05-27 17:15:17,416,177
U0221,P0112,3.3,2025-06-08 17:15:17,220,111
U0404,P0088,1.3,2025-06-20 17:15:17,403,87
U0356,P0061,2.2,2025-12-27 17:15:17,355,60
U0340,P0172,3.6,2026-02-14 17:15:17,339,171
U0379,P0183,2.7,2025-06-05 17:15:17,378,182
U0429,P0125,2.4,2026-01-26 17:15:17,428,124
U0304,P0153,2.1,2025-07-31 17:15:17,303,152
U0050,P0114,1.6,2025-12-25 17:15:17,49,113
U0158,P0104,4.6,2026-02-18 17:15:17,157,103
U0307,P0028,1.2,2025-04-09 17:15:17,306,27
U0417,P0153,3.3,2025-09-12 17:15:17,416,152
U0168,P0127,1.5,2025-04-29 17:15:17,167,126
U0339,P0016,1.7,2026-02-07 17:15:17,338,15
U0112,P0036,2.5,2025-06-01 17:15:17,111,35
U0463,P0194,3.5,2025-05-04 17:15:17,462,193
U0415,P0001,5.0,2026-01-09 17:15:17,414,0
U0339,P0039,4.5,2025-08-06 17:15:17,338,38
U0273,P0075,5.0,2025-09-07 17:15:17,272,74
U0316,P0148,4.5,2025-08-09 17:15:17,315,147
U0101,P0053,2.9,2025-04-11 17:15:17,100,52
U0450,P0082,2.2,2025-10-23 17:15:17,449,81
U0292,P0174,3.2,2025-10-21 17:15:17,291,173
U0471,P0112,3.8,2025-09-30 17:15:17,470,111
U0046,P0150,1.3,2026-03-21 17:15:17,45,149
U0314,P0131,4.9,2025-08-31 17:15:17,313,130
U0434,P0033,4.9,2025-10-26 17:15:17,433,32
U0032,P0095,5.0,2025-06-17 17:15:17,31,94
U0496,P0014,2.1,2026-03-25 17:15:17,495,13
U0361,P0144,4.7,2025-09-23 17:15:17,360,143
U0057,P0073,5.0,2026-03-10 17:15:17,56,72
U0121,P0111,3.4,2025-03-31 17:15:17,120,110
U0303,P0101,1.0,2025-05-09 17:15:17,302,100
U0163,P0183,2.1,2025-09-11 17:15:17,162,182
U0208,P0098,3.2,2025-08-15 17:15:17,207,97
U0340,P0045,1.0,2025-07-25 17:15:17,339,44
U0072,P0049,3.6,2025-06-14 17:15:17,71,48
U0197,P0093,4.4,2025-08-24 17:15:17,196,92
U0079,P0074,2.7,2025-04-16 17:15:17,78,73
U0065,P0035,2.9,2026-03-20 17:15:17,64,34
U0037,P0166,2.7,2026-03-17 17:15:17,36,165
U0074,P0185,3.8,2025-07-19 17:15:17,73,184
U0337,P0112,1.5,2026-01-15 17:15:17,336,111
U0044,P0036,1.8,2025-05-01 17:15:17,43,35
U0413,P0107,3.2,2025-08-04 17:15:17,412,106
U0458,P0179,4.8,2025-05-20 17:15:17,457,178
U0477,P0109,4.9,2025-05-10 17:15:17,476,108
U0093,P0117,4.5,2025-07-08 17:15:17,92,116
U0218,P0142,5.0,2025-08-07 17:15:17,217,141
U0197,P0091,1.3,2025-11-30 17:15:17,196,90
U0096,P0109,5.0,2025-05-20 17:15:17,95,108
U0004,P0148,5.0,2025-07-13 17:15:17,3,147
U0434,P0188,4.7,2025-11-24 17:15:17,433,187
U0365,P0129,5.0,2025-11-08 17:15:17,364,128
U0211,P0140,2.3,2025-06-03 17:15:17,210,139
U0188,P0009,3.5,2026-03-06 17:15:17,187,8
U0291,P0124,3.3,2025-03-30 17:15:17,290,123
U0189,P0029,4.7,2025-06-01 17:15:17,188,28
U0247,P0177,2.9,2026-02-13 17:15:17,246,176
U0073,P0187,3.3,2025-06-29 17:15:17,72,186
U0440,P0193,3.9,2025-11-02 17:15:17,439,192
U0239,P0133,4.7,2026-02-13 17:15:17,238,132
U0268,P0157,4.3,2026-02-08 17:15:17,267,156
U0126,P0121,1.5,2025-05-07 17:15:17,125,120
U0380,P0170,3.2,2025-04-17 17:15:17,379,169
U0040,P0176,5.0,2025-05-05 17:15:17,39,175
U0277,P0149,3.3,2025-10-17 17:15:17,276,148
U0314,P0014,4.0,2025-10-01 17:15:17,313,13
U0274,P0200,3.6,2026-03-20 17:15:17,273,199
U0263,P0121,2.0,2025-06-05 17:15:17,262,120
U0376,P0085,1.4,2025-08-22 17:15:17,375,84
U0181,P0076,5.0,2025-10-28 17:15:17,180,75
U0086,P0010,1.2,2025-04-04 17:15:17,85,9
U0473,P0153,4.2,2025-10-21 17:15:17,472,152
U0373,P0145,5.0,2025-11-12 17:15:17,372,144
U0032,P0162,2.7,2025-07-26 17:15:17,31,161
U0297,P0044,2.7,2025-06-05 17:15:17,296,43
U0027,P0169,4.9,2025-10-27 17:15:17,26,168
U0415,P0189,2.5,2025-05-10 17:15:17,414,188
U0014,P0074,5.0,2025-07-20 17:15:17,13,73
U0043,P0033,1.0,2025-07-10 17:15:17,42,32
U0040,P0072,5.0,2025-11-16 17:15:17,39,71
U0068,P0158,3.8,2025-11-02 17:15:17,67,157
U0141,P0066,3.3,2026-03-18 17:15:17,140,65
U0380,P0029,4.4,2025-05-20 17:15:17,379,28
U0090,P0152,3.3,2026-01-07 17:15:17,89,151
U0338,P0115,4.2,2025-09-17 17:15:17,337,114
U0414,P0045,1.0,2025-11-12 17:15:17,413,44
U0121,P0125,3.1,2025-12-23 17:15:17,120,124
U0410,P0136,4.3,2026-03-09 17:15:17,409,135
U0176,P0022,3.1,2026-01-10 17:15:17,175,21
U0305,P0040,5.0,2025-07-15 17:15:17,304,39
U0386,P0106,4.4,2025-09-10 17:15:17,385,105
U0122,P0170,2.6,2025-08-12 17:15:17,121,169
U0372,P0164,3.1,2025-12-30 17:15:17,371,163
U0108,P0148,1.8,2025-09-30 17:15:17,107,147
U0028,P0165,3.7,2025-11-10 17:15:17,27,164
U0387,P0030,3.9,2026-02-27 17:15:17,386,29
U0086,P0119,3.8,2025-09-02 17:15:17,85,118
U0244,P0078,4.0,2025-07-25 17:15:17,243,77
U0383,P0193,3.1,2025-06-26 17:15:17,382,192
U0120,P0098,3.7,2025-04-10 17:15:17,119,97
U0362,P0100,4.7,2025-07-26 17:15:17,361,99
U0135,P0038,5.0,2025-06-27 17:15:17,134,37
U0446,P0112,3.1,2026-03-19 17:15:17,445,111
U0148,P0115,2.1,2025-09-11 17:15:17,147,114
U0348,P0081,4.2,2025-06-27 17:15:17,347,80
U0350,P0011,4.6,2026-02-04 17:15:17,349,10
U0470,P0137,3.8,2025-05-03 17:15:17,469,136
U0182,P0111,3.1,2025-05-17 17:15:17,181,110
U0471,P0167,4.9,2025-11-06 17:15:17,470,166
U0172,P0070,4.7,2025-11-09 17:15:17,171,69
U0411,P0026,1.6,2025-11-15 17:15:17,410,25
U0336,P0150,5.0,2025-09-06 17:15:17,335,149
U0237,P0198,5.0,2025-04-14 17:15:17,236,197
U0384,P0062,4.1,2025-04-15 17:15:17,383,61
U0302,P0198,4.1,2025-12-16 17:15:17,301,197
U0267,P0087,3.1,2025-04-13 17:15:17,266,86
U0354,P0047,1.6,2025-10-16 17:15:17,353,46
U0281,P0003,2.5,2025-04-15 17:15:17,280,2
U0005,P0018,1.8,2026-03-19 17:15:17,4,17
U0211,P0026,4.9,2025-06-30 17:15:17,210,25
U0054,P0176,2.4,2025-08-09 17:15:17,53,175
U0180,P0057,4.0,2025-10-31 17:15:17,179,56
U0129,P0050,2.2,2026-03-08 17:15:17,128,49
U0013,P0159,2.3,2026-02-06 17:15:17,12,158
U0030,P0153,3.4,2025-04-23 17:15:17,29,152
U0458,P0056,3.7,2025-05-23 17:15:17,457,55
U0327,P0032,5.0,2025-03-28 17:15:17,326,31
U0491,P0031,1.0,2026-02-09 17:15:17,490,30
U0439,P0155,5.0,2026-01-18 17:15:17,438,154
U0193,P0169,4.3,2025-04-28 17:15:17,192,168
U0290,P0048,1.3,2026-01-28 17:15:17,289,47
U0357,P0048,1.4,2025-11-16 17:15:17,356,47
U0151,P0120,5.0,2025-04-21 17:15:17,150,119
U0480,P0020,3.1,2025-05-02 17:15:17,479,19
U0233,P0071,1.3,2025-08-19 17:15:17,232,70
U0395,P0198,5.0,2025-10-11 17:15:17,394,197
U0132,P0042,2.8,2026-02-16 17:15:17,131,41
U0142,P0199,3.1,2026-02-22 17:15:17,141,198
U0196,P0100,4.2,2025-10-06 17:15:17,195,99
U0031,P0067,3.0,2025-11-10 17:15:17,30,66
U0092,P0113,5.0,2026-02-18 17:15:17,91,112
U0252,P0052,5.0,2025-05-17 17:15:17,251,51
U0202,P0046,3.0,2025-04-29 17:15:17,201,45
U0252,P0028,4.4,2026-01-11 17:15:17,251,27
U0277,P0197,4.3,2025-08-17 17:15:17,276,196
U0112,P0158,2.5,2025-04-30 17:15:17,111,157
U0055,P0114,2.8,2025-11-13 17:15:17,54,113
U0053,P0009,2.9,2026-02-16 17:15:17,52,8
U0037,P0147,5.0,2025-11-17 17:15:17,36,146
U0398,P0115,3.0,2026-03-16 17:15:17,397,114
U0460,P0128,3.6,2026-01-08 17:15:17,459,127
U0335,P0164,4.4,2026-03-25 17:15:17,334,163
U0478,P0010,3.9,2025-04-19 17:15:17,477,9
U0200,P0069,3.0,2026-01-07 17:15:17,199,68
U0359,P0085,3.6,2025-09-06 17:15:17,358,84
U0295,P0001,4.8,2025-07-05 17:15:17,294,0
U0363,P0198,4.2,2025-07-17 17:15:17,362,197
U0245,P0112,1.6,2025-08-31 17:15:17,244,111
U0433,P0187,1.0,2026-02-18 17:15:17,432,186
U0277,P0058,4.3,2026-03-24 17:15:17,276,57
U0197,P0177,3.6,2025-07-22 17:15:17,196,176
U0063,P0146,4.5,2025-06-24 17:15:17,62,145
U0479,P0092,2.5,2025-10-06 17:15:17,478,91
U0350,P0078,1.9,2025-09-01 17:15:17,349,77
U0029,P0162,2.9,2025-04-28 17:15:17,28,161
U0047,P0094,3.3,2025-06-25 17:15:17,46,93
U0437,P0088,3.4,2026-02-12 17:15:17,436,87
U0431,P0118,2.5,2025-10-28 17:15:17,430,117
U0332,P0052,5.0,2025-12-25 17:15:17,331,51
U0284,P0011,4.6,2025-09-10 17:15:17,283,10
U0339,P0049,3.9,2025-10-23 17:15:17,338,48
U0357,P0100,2.7,2026-01-30 17:15:17,356,99
U0323,P0177,1.1,2025-09-23 17:15:17,322,176
U0250,P0022,3.9,2025-05-06 17:15:17,249,21
U0225,P0189,4.5,2025-12-18 17:15:17,224,188
U0072,P0010,5.0,2025-12-17 17:15:17,71,9
U0013,P0185,4.7,2025-05-26 17:15:17,12,184
U0123,P0126,2.3,2025-09-07 17:15:17,122,125
U0033,P0139,1.5,2025-04-30 17:15:17,32,138
U0158,P0128,3.7,2025-06-25 17:15:17,157,127
U0495,P0005,3.0,2026-03-07 17:15:17,494,4
U0174,P0015,4.1,2025-10-04 17:15:17,173,14
U0404,P0185,2.2,2026-03-04 17:15:17,403,184
U0208,P0031,4.1,2025-12-07 17:15:17,207,30
U0414,P0168,4.7,2025-04-18 17:15:17,413,167
U0268,P0118,3.9,2025-04-12 17:15:17,267,117
U0446,P0138,3.5,2026-01-08 17:15:17,445,137
U0380,P0149,3.7,2025-11-26 17:15:17,379,148
U0474,P0019,2.9,2026-03-07 17:15:17,473,18
U0377,P0037,4.1,2025-07-18 17:15:17,376,36
U0335,P0005,1.9,2025-07-27 17:15:17,334,4
U0465,P0159,2.3,2026-03-02 17:15:17,464,158
U0125,P0180,2.6,2025-04-27 17:15:17,124,179
U0067,P0004,1.0,2025-12-27 17:15:17,66,3
U0324,P0013,3.0,2025-10-19 17:15:17,323,12
U0421,P0025,3.0,2025-08-04 17:15:17,420,24
U0313,P0044,2.8,2025-05-27 17:15:17,312,43
U0033,P0028,2.3,2026-01-26 17:15:17,32,27
U0255,P0153,1.0,2025-05-14 17:15:17,254,152
U0113,P0017,1.1,2025-12-12 17:15:17,112,16
U0219,P0087,1.8,2025-04-12 17:15:17,218,86
U0206,P0084,4.5,2026-01-23 17:15:17,205,83
U0500,P0176,2.0,2025-06-04 17:15:17,499,175
U0280,P0036,2.7,2025-10-12 17:15:17,279,35
U0429,P0055,4.4,2026-03-02 17:15:17,428,54
U0304,P0045,4.1,2025-10-05 17:15:17,303,44
U0033,P0031,3.9,2025-11-05 17:15:17,32,30
U0073,P0194,1.3,2025-08-25 17:15:17,72,193
U0087,P0179,5.0,2025-09-17 17:15:17,86,178
U0284,P0043,5.0,2025-08-13 17:15:17,283,42
U0125,P0149,2.3,2026-03-05 17:15:17,124,148
U0069,P0026,1.5,2025-05-06 17:15:17,68,25
U0314,P0097,2.2,2026-01-04 17:15:17,313,96
U0009,P0125,1.5,2026-02-12 17:15:17,8,124
U0004,P0002,4.5,2025-12-24 17:15:17,3,1
U0475,P0023,3.3,2025-03-29 17:15:17,474,22
U0334,P0152,4.7,2025-10-31 17:15:17,333,151
U0214,P0178,3.7,2025-07-25 17:15:17,213,177
U0355,P0033,4.2,2025-12-10 17:15:17,354,32
U0074,P0164,3.5,2025-11-07 17:15:17,73,163
U0268,P0116,3.6,2025-08-27 17:15:17,267,115
U0123,P0045,3.4,2025-05-17 17:15:17,122,44
U0355,P0010,3.2,2025-05-24 17:15:17,354,9
U0093,P0184,4.1,2025-07-13 17:15:17,92,183
U0314,P0023,3.4,2025-05-08 17:15:17,313,22
U0424,P0078,2.6,2025-09-28 17:15:17,423,77
U0215,P0002,1.0,2025-06-13 17:15:17,214,1
U0121,P0050,3.2,2026-01-24 17:15:17,120,49
U0272,P0025,2.4,2025-05-13 17:15:17,271,24
U0186,P0195,3.9,2025-06-22 17:15:17,185,194
U0260,P0057,4.5,2025-07-31 17:15:17,259,56
U0395,P0161,2.6,2025-04-22 17:15:17,394,160
U0107,P0071,4.5,2026-02-26 17:15:17,106,70
U0100,P0029,4.0,2026-01-08 17:15:17,99,28
U0351,P0122,4.8,2025-07-14 17:15:17,350,121
U0091,P0041,3.6,2025-04-16 17:15:17,90,40
U0473,P0012,3.0,2026-02-26 17:15:17,472,11
U0331,P0094,3.1,2025-10-31 17:15:17,330,93
U0108,P0112,2.7,2025-11-17 17:15:17,107,111
U0172,P0158,2.4,2025-08-05 17:15:17,171,157
U0023,P0027,4.4,2026-02-27 17:15:17,22,26
U0474,P0138,1.0,2025-12-25 17:15:17,473,137
U0081,P0008,3.2,2025-07-20 17:15:17,80,7
U0264,P0030,2.6,2026-02-17 17:15:17,263,29
U0459,P0061,2.3,2025-08-10 17:15:17,458,60
U0304,P0149,4.5,2025-10-10 17:15:17,303,148
U0215,P0051,1.8,2025-04-13 17:15:17,214,50
U0460,P0084,3.6,2025-11-28 17:15:17,459,83
U0399,P0029,5.0,2025-10-10 17:15:17,398,28
U0117,P0026,1.7,2025-11-24 17:15:17,116,25
U0378,P0106,1.9,2025-12-13 17:15:17,377,105
U0193,P0057,2.4,2026-02-16 17:15:17,192,56
U0242,P0150,3.3,2025-07-20 17:15:17,241,149
U0028,P0112,4.2,2026-01-10 17:15:17,27,111
U0111,P0157,1.2,2025-08-05 17:15:17,110,156
U0092,P0100,3.5,2025-09-15 17:15:17,91,99
U0070,P0118,3.4,2025-12-16 17:15:17,69,117
U0324,P0092,2.4,2025-11-07 17:15:17,323,91
U0104,P0086,4.4,2026-01-19 17:15:17,103,85
U0017,P0178,4.4,2025-06-07 17:15:17,16,177
U0031,P0072,1.0,2026-01-15 17:15:17,30,71
U0057,P0120,5.0,2025-08-03 17:15:17,56,119
U0215,P0044,2.8,2025-10-01 17:15:17,214,43
U0113,P0076,5.0,2025-05-20 17:15:17,112,75
U0081,P0164,2.9,2025-05-16 17:15:17,80,163
U0464,P0044,3.6,2025-06-03 17:15:17,463,43
U0497,P0142,3.0,2025-11-28 17:15:17,496,141
U0045,P0106,3.8,2025-07-01 17:15:17,44,105
U0251,P0056,4.5,2025-05-27 17:15:17,250,55
U0243,P0119,2.4,2025-11-03 17:15:17,242,118
U0008,P0187,4.8,2025-08-18 17:15:17,7,186
U0377,P0064,3.4,2025-11-19 17:15:17,376,63
U0168,P0112,3.1,2025-06-02 17:15:17,167,111
U0114,P0152,1.2,2026-01-08 17:15:17,113,151
U0468,P0147,2.7,2026-03-23 17:15:17,467,146
U0214,P0012,2.8,2026-03-05 17:15:17,213,11
U0241,P0188,2.6,2025-07-10 17:15:17,240,187
U0018,P0109,3.4,2025-06-27 17:15:17,17,108
U0202,P0123,4.1,2025-04-03 17:15:17,201,122
U0421,P0026,5.0,2025-08-06 17:15:17,420,25
U0254,P0062,3.2,2026-02-11 17:15:17,253,61
U0286,P0193,2.9,2026-03-19 17:15:17,285,192
U0355,P0188,3.9,2025-08-29 17:15:17,354,187
U0487,P0056,1.7,2026-01-17 17:15:17,486,55
U0184,P0076,2.1,2025-11-23 17:15:17,183,75
U0332,P0024,3.6,2026-03-17 17:15:17,331,23
U0246,P0172,3.5,2025-10-20 17:15:17,245,171
U0083,P0181,1.2,2025-08-02 17:15:17,82,180
U0440,P0147,2.4,2025-05-31 17:15:17,439,146
U0013,P0117,3.4,2025-07-31 17:15:17,12,116
U0396,P0036,1.0,2025-03-30 17:15:17,395,35
U0208,P0048,4.6,2025-09-17 17:15:17,207,47
U0321,P0119,3.6,2025-03-30 17:15:17,320,118
U0325,P0001,2.1,2025-05-08 17:15:17,324,0
U0037,P0099,4.0,2025-04-06 17:15:17,36,98
U0171,P0136,2.8,2026-03-09 17:15:17,170,135
U0152,P0110,5.0,2025-11-07 17:15:17,151,109
U0358,P0157,4.4,2025-06-21 17:15:17,357,156
U0295,P0054,2.7,2025-04-09 17:15:17,294,53
U0042,P0159,5.0,2025-10-05 17:15:17,41,158
U0377,P0015,4.2,2025-07-05 17:15:17,376,14
U0485,P0173,2.7,2025-09-20 17:15:17,484,172
U0455,P0014,3.6,2026-01-28 17:15:17,454,13
U0197,P0094,4.1,2025-07-30 17:15:17,196,93
U0317,P0011,2.0,2025-09-19 17:15:17,316,10
U0188,P0045,3.8,2025-04-28 17:15:17,187,44
U0287,P0181,2.4,2026-02-19 17:15:17,286,180
U0288,P0182,3.9,2025-12-11 17:15:17,287,181
U0071,P0086,2.6,2025-11-23 17:15:17,70,85
U0277,P0030,2.9,2025-04-27 17:15:17,276,29
U0245,P0189,1.8,2025-06-01 17:15:17,244,188
U0447,P0180,1.2,2025-12-08 17:15:17,446,179
U0386,P0191,3.5,2025-11-30 17:15:17,385,190
U0165,P0091,1.9,2025-11-09 17:15:17,164,90
U0258,P0175,5.0,2025-08-21 17:15:17,257,174
U0142,P0014,3.9,2026-02-21 17:15:17,141,13
U0191,P0089,2.2,2025-08-06 17:15:17,190,88
U0249,P0129,1.4,2025-06-29 17:15:17,248,128
U0425,P0032,3.6,2025-07-28 17:15:17,424,31
U0364,P0137,2.4,2025-04-12 17:15:17,363,136
U0423,P0137,3.0,2025-10-27 17:15:17,422,136
U0232,P0159,3.5,2025-09-18 17:15:17,231,158
U0410,P0173,4.0,2025-04-05 17:15:17,409,172
U0415,P0017,3.2,2025-12-19 17:15:17,414,16
U0457,P0118,1.6,2026-02-09 17:15:17,456,117
U0042,P0101,1.0,2025-12-24 17:15:17,41,100
U0148,P0020,2.2,2026-01-29 17:15:17,147,19
U0085,P0071,3.8,2026-01-27 17:15:17,84,70
U0357,P0038,3.0,2025-07-14 17:15:17,356,37
U0078,P0053,2.0,2025-07-02 17:15:17,77,52
U0488,P0161,4.5,2026-03-14 17:15:17,487,160
U0151,P0107,5.0,2025-04-10 17:15:17,150,106
U0278,P0034,4.8,2025-07-26 17:15:17,277,33
U0178,P0108,2.5,2025-08-10 17:15:17,177,107
U0378,P0166,2.3,2026-03-15 17:15:17,377,165
U0150,P0049,3.6,2026-02-21 17:15:17,149,48
U0012,P0060,3.7,2025-07-02 17:15:17,11,59
U0331,P0086,3.4,2025-08-27 17:15:17,330,85
U0297,P0088,4.0,2025-04-24 17:15:17,296,87
U0331,P0084,4.1,2025-07-20 17:15:17,330,83
U0304,P0171,2.0,2025-04-03 17:15:17,303,170
U0272,P0141,1.1,2025-08-10 17:15:17,271,140
U0235,P0078,4.3,2025-06-08 17:15:17,234,77
U0068,P0079,2.4,2025-12-28 17:15:17,67,78
U0405,P0067,4.5,2025-11-29 17:15:17,404,66
U0248,P0096,3.5,2025-10-29 17:15:17,247,95
U0395,P0013,3.7,2026-01-09 17:15:17,394,12
U0181,P0073,3.1,2025-08-04 17:15:17,180,72
U0490,P0043,4.2,2025-05-13 17:15:17,489,42
U0474,P0042,1.0,2025-03-26 17:15:17,473,41
U0275,P0074,2.9,2025-12-22 17:15:17,274,73
U0499,P0045,4.5,2025-03-28 17:15:17,498,44
U0407,P0040,3.2,2026-01-02 17:15:17,406,39
U0122,P0030,4.4,2026-03-04 17:15:17,121,29
U0163,P0148,3.8,2026-01-20 17:15:17,162,147
U0226,P0067,1.8,2025-09-17 17:15:17,225,66
U0095,P0053,3.0,2025-06-11 17:15:17,94,52
U0363,P0009,1.0,2025-04-19 17:15:17,362,8
U0163,P0089,3.0,2026-01-09 17:15:17,162,88
U0191,P0115,4.1,2025-06-22 17:15:17,190,114
U0500,P0042,1.9,2025-06-25 17:15:17,499,41
U0155,P0032,1.3,2026-03-13 17:15:17,154,31
U0208,P0128,2.3,2026-01-10 17:15:17,207,127
U0486,P0118,4.6,2025-10-13 17:15:17,485,117
U0080,P0002,2.2,2025-06-19 17:15:17,79,1
U0500,P0130,1.4,2025-10-07 17:15:17,499,129
U0332,P0181,4.0,2025-10-25 17:15:17,331,180
U0243,P0075,5.0,2025-06-05 17:15:17,242,74
U0342,P0038,3.9,2025-06-09 17:15:17,341,37
U0374,P0114,1.3,2025-10-03 17:15:17,373,113
U0353,P0029,5.0,2025-07-23 17:15:17,352,28
U0461,P0011,5.0,2026-01-13 17:15:17,460,10
U0348,P0142,3.2,2026-01-25 17:15:17,347,141
U0158,P0007,1.7,2025-09-01 17:15:17,157,6
U0317,P0057,2.5,2025-08-09 17:15:17,316,56
U0183,P0024,2.3,2025-10-09 17:15:17,182,23
U0029,P0156,4.3,2025-05-01 17:15:17,28,155
U0100,P0150,5.0,2025-06-29 17:15:17,99,149
U0114,P0197,3.4,2025-11-03 17:15:17,113,196
U0101,P0006,1.4,2026-02-11 17:15:17,100,5
U0276,P0115,5.0,2025-04-13 17:15:17,275,114
U0500,P0132,2.8,2025-09-05 17:15:17,499,131
U0100,P0126,3.2,2025-10-14 17:15:17,99,125
U0309,P0155,5.0,2025-07-07 17:15:17,308,154
U0484,P0015,2.9,2025-04-18 17:15:17,483,14
U0185,P0102,2.5,2026-01-09 17:15:17,184,101
U0367,P0110,2.0,2025-09-17 17:15:17,366,109
U0198,P0096,1.0,2026-03-19 17:15:17,197,95
U0146,P0089,4.3,2025-09-27 17:15:17,145,88
U0158,P0115,5.0,2025-06-11 17:15:17,157,114
U0045,P0056,1.0,2025-08-10 17:15:17,44,55
U0380,P0107,4.0,2025-08-11 17:15:17,379,106
U0148,P0042,3.1,2025-08-20 17:15:17,147,41
U0072,P0151,4.1,2025-05-23 17:15:17,71,150
U0045,P0037,3.9,2025-12-09 17:15:17,44,36
U0156,P0122,1.2,2025-06-30 17:15:17,155,121
U0172,P0017,2.7,2025-05-27 17:15:17,171,16
U0388,P0097,1.7,2026-02-08 17:15:17,387,96
U0004,P0105,1.0,2025-05-02 17:15:17,3,104
U0469,P0070,3.7,2025-08-25 17:15:17,468,69
U0090,P0143,3.5,2025-08-01 17:15:17,89,142
U0364,P0146,4.1,2026-01-14 17:15:17,363,145
U0103,P0048,4.2,2025-09-11 17:15:17,102,47
U0149,P0142,3.6,2025-07-17 17:15:17,148,141
U0022,P0078,2.7,2025-05-30 17:15:17,21,77
U0156,P0127,3.4,2025-06-12 17:15:17,155,126
U0379,P0119,3.7,2025-12-01 17:15:17,378,118
U0014,P0001,3.8,2026-01-06 17:15:17,13,0
U0135,P0077,2.8,2025-05-02 17:15:17,134,76
U0428,P0163,4.2,2025-07-27 17:15:17,427,162
U0064,P0168,1.2,2025-04-19 17:15:17,63,167
U0458,P0074,4.3,2025-08-24 17:15:17,457,73
U0092,P0126,3.2,2025-04-07 17:15:17,91,125
U0331,P0063,1.9,2026-03-11 17:15:17,330,62
U0062,P0196,3.2,2025-11-04 17:15:17,61,195
U0253,P0018,1.4,2025-05-23 17:15:17,252,17
U0382,P0093,5.0,2025-06-01 17:15:17,381,92
U0247,P0145,3.8,2025-08-14 17:15:17,246,144
U0445,P0067,5.0,2025-05-08 17:15:17,444,66
U0352,P0122,2.8,2025-04-04 17:15:17,351,121
U0419,P0031,2.6,2025-09-15 17:15:17,418,30
U0263,P0188,1.2,2025-06-04 17:15:17,262,187
U0009,P0067,3.3,2026-01-01 17:15:17,8,66
U0298,P0015,3.1,2026-01-10 17:15:17,297,14
U0164,P0119,5.0,2025-04-05 17:15:17,163,118
U0070,P0092,2.1,2026-01-01 17:15:17,69,91
U0028,P0070,5.0,2025-09-22 17:15:17,27,69
U0215,P0163,3.1,2025-09-24 17:15:17,214,162
U0025,P0075,5.0,2025-10-27 17:15:17,24,74
U0272,P0164,1.0,2026-02-14 17:15:17,271,163
U0264,P0050,5.0,2025-05-08 17:15:17,263,49
U0094,P0196,5.0,2026-02-05 17:15:17,93,195
U0307,P0193,3.0,2025-12-30 17:15:17,306,192
U0279,P0083,5.0,2025-10-15 17:15:17,278,82
U0424,P0176,4.3,2025-10-22 17:15:17,423,175
U0139,P0176,2.3,2025-04-02 17:15:17,138,175
U0353,P0093,1.7,2026-02-04 17:15:17,352,92
U0274,P0149,3.3,2025-09-26 17:15:17,273,148
U0422,P0037,4.5,2026-03-19 17:15:17,421,36
U0071,P0133,2.5,2025-11-01 17:15:17,70,132
U0191,P0200,4.8,2025-07-20 17:15:17,190,199
U0211,P0088,1.7,2026-01-01 17:15:17,210,87
U0053,P0056,1.7,2026-01-05 17:15:17,52,55
U0258,P0057,3.6,2025-12-19 17:15:17,257,56
U0408,P0144,2.7,2025-05-15 17:15:17,407,143
U0354,P0135,3.6,2025-06-26 17:15:17,353,134
U0365,P0142,4.0,2025-03-31 17:15:17,364,141
U0388,P0030,4.1,2025-08-24 17:15:17,387,29
U0236,P0020,3.8,2026-01-25 17:15:17,235,19
U0420,P0034,2.9,2026-03-17 17:15:17,419,33
U0246,P0090,4.7,2025-10-17 17:15:17,245,89
U0354,P0093,3.2,2026-01-13 17:15:17,353,92
U0419,P0114,3.0,2025-05-24 17:15:17,418,113
U0268,P0196,3.7,2025-10-01 17:15:17,267,195
U0089,P0182,3.7,2025-10-21 17:15:17,88,181
U0015,P0191,4.9,2026-01-24 17:15:17,14,190
U0114,P0033,1.1,2025-04-04 17:15:17,113,32
U0073,P0177,2.9,2025-11-29 17:15:17,72,176
U0158,P0033,1.0,2025-12-08 17:15:17,157,32
U0067,P0021,2.5,2025-08-20 17:15:17,66,20
U0354,P0196,5.0,2026-01-27 17:15:17,353,195
U0040,P0005,3.1,2025-07-21 17:15:17,39,4
U0388,P0111,3.2,2026-03-04 17:15:17,387,110
U0101,P0028,3.3,2026-03-09 17:15:17,100,27
U0407,P0169,2.5,2025-07-06 17:15:17,406,168
U0304,P0016,1.9,2025-07-28 17:15:17,303,15
U0061,P0065,4.6,2026-03-03 17:15:17,60,64
U0034,P0078,3.4,2025-04-18 17:15:17,33,77
U0006,P0194,3.8,2026-02-04 17:15:17,5,193
U0401,P0032,3.2,2025-05-21 17:15:17,400,31
U0106,P0151,2.9,2025-12-13 17:15:17,105,150
U0095,P0172,2.8,2025-09-27 17:15:17,94,171
U0015,P0024,3.7,2026-01-10 17:15:17,14,23
U0434,P0192,4.4,2025-11-03 17:15:17,433,191
U0486,P0149,2.4,2025-09-28 17:15:17,485,148
U0181,P0042,3.0,2025-07-12 17:15:17,180,41
U0400,P0187,3.5,2025-05-16 17:15:17,399,186
U0124,P0130,3.8,2025-06-07 17:15:17,123,129
U0035,P0026,3.0,2025-06-02 17:15:17,34,25
U0391,P0004,4.0,2025-06-28 17:15:17,390,3
U0112,P0184,3.2,2025-12-17 17:15:17,111,183
U0494,P0073,2.9,2025-12-28 17:15:17,493,72
U0462,P0194,2.8,2025-06-23 17:15:17,461,193
U0003,P0186,4.2,2026-02-03 17:15:17,2,185
U0474,P0055,4.8,2025-07-10 17:15:17,473,54
U0436,P0182,3.6,2025-07-25 17:15:17,435,181
U0188,P0179,4.4,2025-05-28 17:15:17,187,178
U0095,P0113,3.1,2025-04-15 17:15:17,94,112
U0491,P0028,2.9,2025-12-23 17:15:17,490,27
U0428,P0091,1.7,2025-09-12 17:15:17,427,90
U0218,P0055,2.6,2025-07-05 17:15:17,217,54
U0117,P0105,2.9,2026-01-27 17:15:17,116,104
U0390,P0081,4.0,2026-01-21 17:15:17,389,80
U0239,P0029,1.9,2025-07-02 17:15:17,238,28
U0070,P0127,2.7,2025-09-22 17:15:17,69,126
U0361,P0074,4.7,2025-06-13 17:15:17,360,73
U0370,P0011,2.1,2026-02-11 17:15:17,369,10
U0060,P0099,1.8,2025-10-31 17:15:17,59,98
U0234,P0154,4.4,2025-10-17 17:15:17,233,153
U0352,P0114,4.3,2025-11-30 17:15:17,351,113
U0284,P0105,5.0,2025-10-28 17:15:17,283,104
U0438,P0110,1.2,2025-12-19 17:15:17,437,109
U0439,P0018,3.2,2025-07-25 17:15:17,438,17
U0481,P0174,3.1,2025-09-18 17:15:17,480,173
U0092,P0004,3.9,2025-04-14 17:15:17,91,3
U0252,P0173,4.3,2026-01-31 17:15:17,251,172
U0203,P0113,5.0,2025-07-01 17:15:17,202,112
U0338,P0174,3.4,2026-02-10 17:15:17,337,173
U0062,P0037,2.9,2025-09-04 17:15:17,61,36
U0206,P0178,4.8,2025-05-27 17:15:17,205,177
U0053,P0190,2.4,2025-12-29 17:15:17,52,189
U0034,P0094,2.6,2025-12-14 17:15:17,33,93
U0174,P0052,4.1,2025-05-25 17:15:17,173,51
U0433,P0104,3.8,2026-01-22 17:15:17,432,103
U0120,P0109,3.7,2025-07-13 17:15:17,119,108
U0143,P0196,2.4,2025-06-01 17:15:17,142,195
U0304,P0070,1.4,2025-04-30 17:15:17,303,69
U0483,P0103,3.6,2025-09-24 17:15:17,482,102
U0244,P0171,2.7,2025-05-21 17:15:17,243,170
U0487,P0104,5.0,2025-07-20 17:15:17,486,103
U0262,P0072,4.6,2026-01-09 17:15:17,261,71
U0394,P0117,3.1,2026-01-29 17:15:17,393,116
U0251,P0128,5.0,2025-11-27 17:15:17,250,127
U0322,P0035,4.3,2026-03-10 17:15:17,321,34
U0051,P0189,3.8,2026-02-26 17:15:17,50,188
U0426,P0018,3.8,2025-07-13 17:15:17,425,17
U0348,P0007,4.5,2025-12-24 17:15:17,347,6
U0196,P0155,3.3,2025-04-12 17:15:17,195,154
U0168,P0040,3.7,2025-10-21 17:15:17,167,39
U0319,P0160,5.0,2026-02-04 17:15:17,318,159
U0390,P0020,4.9,2025-04-21 17:15:17,389,19
U0385,P0134,2.2,2025-07-16 17:15:17,384,133
U0406,P0120,1.9,2025-12-12 17:15:17,405,119
U0151,P0170,4.3,2025-07-14 17:15:17,150,169
U0252,P0130,3.4,2025-11-12 17:15:17,251,129
U0278,P0088,2.3,2025-06-22 17:15:17,277,87
U0280,P0005,5.0,2026-03-09 17:15:17,279,4
U0221,P0031,5.0,2025-09-10 17:15:17,220,30
U0231,P0081,1.6,2025-09-14 17:15:17,230,80
U0227,P0118,1.7,2026-03-07 17:15:17,226,117
U0017,P0046,2.4,2025-06-13 17:15:17,16,45
U0338,P0200,4.3,2025-10-21 17:15:17,337,199
U0453,P0181,2.0,2025-12-31 17:15:17,452,180
U0252,P0111,5.0,2026-01-16 17:15:17,251,110
U0160,P0184,2.9,2025-09-07 17:15:17,159,183
U0250,P0196,4.0,2026-01-28 17:15:17,249,195
U0292,P0173,1.1,2025-07-17 17:15:17,291,172
U0338,P0142,2.7,2025-04-09 17:15:17,337,141
U0277,P0147,2.8,2025-07-28 17:15:17,276,146
U0244,P0144,1.9,2026-01-04 17:15:17,243,143
U0260,P0015,5.0,2025-09-06 17:15:17,259,14
U0135,P0127,2.3,2025-05-27 17:15:17,134,126
U0498,P0097,5.0,2025-05-14 17:15:17,497,96
U0347,P0091,5.0,2025-10-31 17:15:17,346,90
U0165,P0016,3.8,2026-03-11 17:15:17,164,15
U0303,P0012,3.9,2026-01-19 17:15:17,302,11
U0429,P0094,5.0,2025-09-28 17:15:17,428,93
U0415,P0190,5.0,2025-05-31 17:15:17,414,189
U0457,P0161,1.0,2025-10-02 17:15:17,456,160
U0195,P0025,2.2,2025-08-18 17:15:17,194,24
U0177,P0092,1.9,2025-08-27 17:15:17,176,91
U0180,P0015,3.1,2025-04-21 17:15:17,179,14
U0126,P0064,3.0,2025-11-25 17:15:17,125,63
U0332,P0080,5.0,2025-05-26 17:15:17,331,79
U0044,P0177,1.3,2026-02-20 17:15:17,43,176
U0445,P0079,1.7,2026-01-26 17:15:17,444,78
U0173,P0044,4.9,2026-03-15 17:15:17,172,43
U0276,P0084,3.2,2026-03-06 17:15:17,275,83
U0236,P0169,2.0,2025-08-21 17:15:17,235,168
U0291,P0132,2.6,2025-08-22 17:15:17,290,131
U0137,P0006,4.8,2025-04-03 17:15:17,136,5
U0241,P0151,3.9,2026-03-14 17:15:17,240,150
U0163,P0097,3.5,2025-06-06 17:15:17,162,96
U0200,P0083,2.3,2025-06-05 17:15:17,199,82
U0051,P0126,2.1,2026-02-02 17:15:17,50,125
U0354,P0173,2.7,2025-12-10 17:15:17,353,172
U0173,P0128,3.3,2025-07-11 17:15:17,172,127
U0416,P0196,3.0,2025-04-18 17:15:17,415,195
U0174,P0043,2.8,2025-05-15 17:15:17,173,42
U0154,P0094,2.7,2025-08-14 17:15:17,153,93
U0104,P0128,3.0,2025-05-04 17:15:17,103,127
U0434,P0020,2.3,2025-06-24 17:15:17,433,19
U0110,P0074,1.0,2025-11-10 17:15:17,109,73
U0025,P0077,2.7,2025-06-05 17:15:17,24,76
U0206,P0058,3.9,2025-05-10 17:15:17,205,57
U0381,P0024,1.0,2025-06-02 17:15:17,380,23
U0049,P0152,1.9,2025-10-04 17:15:17,48,151
U0140,P0018,2.8,2025-06-08 17:15:17,139,17
U0411,P0136,5.0,2025-07-25 17:15:17,410,135
U0219,P0054,2.1,2025-09-29 17:15:17,218,53
U0408,P0020,3.3,2025-04-26 17:15:17,407,19
U0422,P0078,2.0,2025-07-10 17:15:17,421,77
U0412,P0077,2.6,2025-08-16 17:15:17,411,76
U0340,P0139,4.5,2025-10-16 17:15:17,339,138
U0103,P0107,4.3,2025-09-01 17:15:17,102,106
U0129,P0160,2.5,2025-07-05 17:15:17,128,159
U0233,P0172,2.8,2025-06-18 17:15:17,232,171
U0093,P0005,4.0,2025-05-08 17:15:17,92,4
U0361,P0133,3.2,2025-12-20 17:15:17,360,132
U0296,P0128,4.8,2025-12-06 17:15:17,295,127
U0339,P0191,4.2,2025-07-29 17:15:17,338,190
U0138,P0164,4.0,2025-06-26 17:15:17,137,163
U0415,P0158,3.0,2025-08-15 17:15:17,414,157
U0479,P0145,5.0,2025-05-09 17:15:17,478,144
U0031,P0134,3.2,2025-12-13 17:15:17,30,133
U0187,P0119,3.4,2026-01-09 17:15:17,186,118
U0124,P0039,5.0,2025-04-09 17:15:17,123,38
U0392,P0077,2.0,2025-08-15 17:15:17,391,76
U0211,P0082,3.2,2026-02-21 17:15:17,210,81
U0325,P0053,1.7,2025-08-26 17:15:17,324,52
U0137,P0074,2.2,2025-04-29 17:15:17,136,73
U0083,P0066,3.0,2025-04-08 17:15:17,82,65
U0308,P0061,2.2,2025-08-30 17:15:17,307,60
U0123,P0030,1.3,2026-01-08 17:15:17,122,29
U0099,P0008,1.0,2025-11-20 17:15:17,98,7
U0409,P0080,2.4,2025-07-31 17:15:17,408,79
U0249,P0144,3.8,2025-08-14 17:15:17,248,143
U0217,P0166,2.2,2026-03-07 17:15:17,216,165
U0104,P0041,3.0,2025-11-06 17:15:17,103,40
U0070,P0008,2.8,2025-11-13 17:15:17,69,7
U0405,P0072,4.5,2025-04-22 17:15:17,404,71
U0282,P0046,1.9,2025-04-30 17:15:17,281,45
U0437,P0011,4.3,2025-07-20 17:15:17,436,10
U0401,P0006,1.6,2026-02-25 17:15:17,400,5
U0441,P0022,2.7,2025-10-16 17:15:17,440,21
U0309,P0077,5.0,2026-02-21 17:15:17,308,76
U0462,P0105,4.6,2025-09-20 17:15:17,461,104
U0344,P0169,2.1,2026-02-07 17:15:17,343,168
U0204,P0186,2.8,2026-01-13 17:15:17,203,185
U0121,P0029,2.3,2025-06-06 17:15:17,120,28
U0377,P0129,4.0,2026-01-23 17:15:17,376,128
U0268,P0171,2.2,2025-06-01 17:15:17,267,170
U0487,P0199,3.8,2025-06-30 17:15:17,486,198
U0129,P0128,4.2,2026-02-07 17:15:17,128,127
U0122,P0154,3.0,2026-01-22 17:15:17,121,153
U0396,P0081,3.0,2025-10-08 17:15:17,395,80
U0427,P0150,1.1,2025-09-07 17:15:17,426,149
U0413,P0192,1.0,2025-11-25 17:15:17,412,191
U0479,P0109,2.8,2025-12-04 17:15:17,478,108
U0074,P0028,2.7,2025-12-26 17:15:17,73,27
U0110,P0071,1.6,2025-08-12 17:15:17,109,70
U0442,P0151,3.0,2026-02-25 17:15:17,441,150
U0252,P0137,4.0,2025-09-15 17:15:17,251,136
U0359,P0029,1.0,2025-10-14 17:15:17,358,28
U0280,P0109,4.7,2025-07-25 17:15:17,279,108
U0350,P0064,4.8,2025-11-03 17:15:17,349,63
U0451,P0038,1.5,2025-09-21 17:15:17,450,37
U0244,P0184,4.4,2025-09-18 17:15:17,243,183
U0421,P0079,1.6,2026-03-15 17:15:17,420,78
U0331,P0156,4.1,2026-03-08 17:15:17,330,155
U0431,P0190,1.2,2025-04-20 17:15:17,430,189
U0410,P0014,1.0,2025-04-06 17:15:17,409,13
U0470,P0172,3.6,2025-11-23 17:15:17,469,171
U0130,P0142,2.4,2025-09-10 17:15:17,129,141
U0159,P0164,3.6,2025-04-01 17:15:17,158,163
U0186,P0176,2.8,2026-01-22 17:15:17,185,175
U0274,P0061,3.6,2025-08-11 17:15:17,273,60
U0199,P0003,4.3,2025-09-05 17:15:17,198,2
U0475,P0066,2.5,2025-10-22 17:15:17,474,65
U0047,P0194,4.2,2025-11-25 17:15:17,46,193
U0153,P0054,3.3,2026-01-02 17:15:17,152,53
U0469,P0113,5.0,2025-05-06 17:15:17,468,112
U0163,P0197,2.8,2025-04-30 17:15:17,162,196
U0209,P0009,4.5,2025-11-05 17:15:17,208,8
U0444,P0021,5.0,2025-07-17 17:15:17,443,20
U0242,P0189,3.0,2025-08-26 17:15:17,241,188
U0475,P0086,2.3,2025-08-21 17:15:17,474,85
U0449,P0026,3.5,2026-01-02 17:15:17,448,25
U0358,P0067,5.0,2025-07-09 17:15:17,357,66
U0034,P0091,2.6,2025-08-22 17:15:17,33,90
U0309,P0187,3.0,2025-06-18 17:15:17,308,186
U0378,P0084,2.1,2025-08-05 17:15:17,377,83
U0356,P0008,5.0,2026-02-27 17:15:17,355,7
U0329,P0165,2.9,2025-12-21 17:15:17,328,164
U0323,P0114,3.0,2025-05-01 17:15:17,322,113
U0070,P0001,3.7,2025-09-01 17:15:17,69,0
U0103,P0161,3.4,2025-10-20 17:15:17,102,160
U0161,P0148,3.3,2026-02-11 17:15:17,160,147
U0057,P0041,5.0,2025-11-18 17:15:17,56,40
U0265,P0183,2.6,2025-04-27 17:15:17,264,182
U0391,P0034,5.0,2025-05-25 17:15:17,390,33
U0352,P0106,3.3,2025-10-13 17:15:17,351,105
U0232,P0123,5.0,2026-01-16 17:15:17,231,122
U0134,P0045,2.0,2025-04-08 17:15:17,133,44
U0304,P0084,3.9,2025-11-01 17:15:17,303,83
U0102,P0022,2.6,2025-08-25 17:15:17,101,21
U0189,P0047,3.5,2025-09-05 17:15:17,188,46
U0449,P0097,3.0,2025-06-06 17:15:17,448,96
U0115,P0006,3.8,2026-03-14 17:15:17,114,5
U0473,P0143,2.9,2025-04-28 17:15:17,472,142
U0314,P0161,3.6,2025-11-28 17:15:17,313,160
U0465,P0023,3.8,2025-08-01 17:15:17,464,22
U0102,P0068,1.1,2025-03-31 17:15:17,101,67
U0437,P0044,4.6,2026-02-28 17:15:17,436,43
U0206,P0159,1.8,2025-08-18 17:15:17,205,158
U0308,P0067,2.3,2026-01-08 17:15:17,307,66
U0046,P0095,2.0,2025-12-28 17:15:17,45,94
U0485,P0146,3.2,2026-01-24 17:15:17,484,145
U0008,P0184,2.5,2025-06-29 17:15:17,7,183
U0223,P0198,3.8,2025-08-05 17:15:17,222,197
U0424,P0173,2.1,2025-07-15 17:15:17,423,172
U0061,P0058,1.8,2025-12-11 17:15:17,60,57
U0098,P0069,4.3,2025-10-29 17:15:17,97,68
U0383,P0127,5.0,2025-09-11 17:15:17,382,126
U0067,P0111,2.6,2025-12-10 17:15:17,66,110
U0308,P0056,5.0,2025-11-01 17:15:17,307,55
U0373,P0174,2.6,2025-12-19 17:15:17,372,173
U0215,P0047,2.7,2025-08-28 17:15:17,214,46
U0406,P0038,1.4,2026-03-11 17:15:17,405,37
U0149,P0068,2.5,2025-11-25 17:15:17,148,67
U0317,P0116,1.8,2025-11-18 17:15:17,316,115
U0190,P0150,3.7,2025-04-09 17:15:17,189,149
U0332,P0118,3.5,2026-02-10 17:15:17,331,117
U0006,P0121,4.2,2026-01-16 17:15:17,5,120
U0447,P0083,2.5,2025-04-05 17:15:17,446,82
U0204,P0176,3.8,2025-12-07 17:15:17,203,175
U0366,P0099,2.8,2025-03-28 17:15:17,365,98
U0217,P0189,2.7,2025-05-24 17:15:17,216,188
U0132,P0019,1.0,2026-02-05 17:15:17,131,18
U0286,P0016,3.1,2026-02-27 17:15:17,285,15
U0171,P0061,3.9,2025-07-27 17:15:17,170,60
U0466,P0091,3.0,2025-05-19 17:15:17,465,90
U0481,P0172,1.8,2025-05-23 17:15:17,480,171
U0364,P0192,2.3,2026-03-02 17:15:17,363,191
U0003,P0065,4.1,2025-07-10 17:15:17,2,64
U0318,P0098,3.3,2025-10-22 17:15:17,317,97
U0203,P0172,4.7,2025-09-17 17:15:17,202,171
U0068,P0144,3.1,2026-03-04 17:15:17,67,143
U0298,P0046,3.2,2025-11-12 17:15:17,297,45
U0087,P0129,1.0,2025-07-16 17:15:17,86,128
U0477,P0087,2.1,2025-07-29 17:15:17,476,86
U0068,P0023,3.5,2025-10-14 17:15:17,67,22
U0364,P0136,3.9,2025-08-16 17:15:17,363,135
U0073,P0067,4.7,2026-01-25 17:15:17,72,66
U0161,P0012,2.9,2026-01-19 17:15:17,160,11
U0256,P0072,2.9,2025-09-22 17:15:17,255,71
U0475,P0111,1.9,2025-11-01 17:15:17,474,110
U0463,P0068,2.4,2025-05-16 17:15:17,462,67
U0425,P0195,4.2,2025-11-10 17:15:17,424,194
U0265,P0081,3.1,2025-08-14 17:15:17,264,80
U0458,P0043,4.1,2025-10-15 17:15:17,457,42
U0378,P0126,3.7,2026-01-07 17:15:17,377,125
U0285,P0169,3.8,2025-05-04 17:15:17,284,168
U0409,P0113,2.6,2026-02-26 17:15:17,408,112
U0028,P0059,3.1,2025-12-22 17:15:17,27,58
U0019,P0121,1.8,2025-11-12 17:15:17,18,120
U0084,P0181,1.1,2025-07-29 17:15:17,83,180
U0224,P0030,2.7,2025-07-15 17:15:17,223,29
U0021,P0114,3.5,2025-09-24 17:15:17,20,113
U0364,P0144,1.7,2025-07-20 17:15:17,363,143
U0235,P0127,1.0,2026-01-27 17:15:17,234,126
U0434,P0185,2.4,2026-01-09 17:15:17,433,184
U0064,P0090,2.4,2026-02-06 17:15:17,63,89
U0105,P0073,4.5,2025-12-23 17:15:17,104,72
U0428,P0044,4.9,2025-07-08 17:15:17,427,43
U0422,P0070,3.9,2025-06-10 17:15:17,421,69
U0457,P0170,5.0,2025-05-30 17:15:17,456,169
U0109,P0150,4.2,2026-03-23 17:15:17,108,149
U0270,P0197,2.2,2025-06-06 17:15:17,269,196
U0093,P0107,1.0,2026-02-14 17:15:17,92,106
U0127,P0197,2.2,2025-07-13 17:15:17,126,196
U0347,P0025,2.2,2025-10-08 17:15:17,346,24
U0014,P0073,3.5,2025-04-11 17:15:17,13,72
U0349,P0032,3.0,2025-09-05 17:15:17,348,31
U0192,P0152,1.3,2026-01-30 17:15:17,191,151
U0429,P0083,4.2,2026-01-06 17:15:17,428,82
U0015,P0021,3.2,2025-08-02 17:15:17,14,20
U0426,P0182,4.0,2025-04-22 17:15:17,425,181
U0246,P0117,4.9,2025-05-08 17:15:17,245,116
U0490,P0069,3.3,2025-05-25 17:15:17,489,68
U0337,P0002,2.6,2025-10-08 17:15:17,336,1
U0497,P0012,2.9,2025-04-24 17:15:17,496,11
U0319,P0116,3.7,2025-10-10 17:15:17,318,115
U0486,P0188,2.7,2025-06-07 17:15:17,485,187
U0067,P0055,2.2,2026-03-01 17:15:17,66,54
U0411,P0165,3.2,2025-11-01 17:15:17,410,164
U0166,P0015,2.9,2026-02-17 17:15:17,165,14
U0281,P0155,5.0,2025-09-11 17:15:17,280,154
U0048,P0103,3.4,2025-11-15 17:15:17,47,102
U0092,P0062,1.0,2025-09-02 17:15:17,91,61
U0046,P0006,2.1,2025-12-09 17:15:17,45,5
U0084,P0100,3.4,2025-08-31 17:15:17,83,99
U0146,P0166,3.0,2025-04-25 17:15:17,145,165
U0079,P0031,2.9,2025-10-24 17:15:17,78,30
U0377,P0080,3.7,2025-04-09 17:15:17,376,79
U0309,P0034,2.7,2025-09-23 17:15:17,308,33
U0341,P0025,3.0,2025-09-18 17:15:17,340,24
U0263,P0052,1.7,2025-07-18 17:15:17,262,51
U0229,P0100,5.0,2025-07-25 17:15:17,228,99
U0138,P0145,3.1,2025-05-22 17:15:17,137,144
U0217,P0024,3.4,2025-08-21 17:15:17,216,23
U0416,P0095,1.9,2025-05-15 17:15:17,415,94
U0096,P0112,2.4,2025-05-07 17:15:17,95,111
U0219,P0024,2.3,2026-03-05 17:15:17,218,23
U0263,P0088,3.6,2025-07-31 17:15:17,262,87
U0347,P0058,4.2,2025-04-28 17:15:17,346,57
U0352,P0183,1.8,2026-01-05 17:15:17,351,182
U0477,P0127,4.4,2025-06-29 17:15:17,476,126
U0323,P0166,2.5,2025-06-30 17:15:17,322,165
U0043,P0075,4.8,2025-07-29 17:15:17,42,74
U0224,P0021,3.4,2025-07-24 17:15:17,223,20
U0154,P0039,2.9,2026-01-19 17:15:17,153,38
U0351,P0077,2.8,2025-11-18 17:15:17,350,76
U0268,P0110,2.1,2025-10-25 17:15:17,267,109
U0292,P0013,5.0,2025-06-16 17:15:17,291,12
U0040,P0012,3.8,2025-07-06 17:15:17,39,11
U0056,P0131,3.6,2025-08-20 17:15:17,55,130
U0212,P0025,1.4,2025-07-31 17:15:17,211,24
U0339,P0185,2.8,2025-06-07 17:15:17,338,184
U0417,P0065,2.6,2025-09-25 17:15:17,416,64
U0131,P0150,4.4,2026-02-12 17:15:17,130,149
U0394,P0129,2.7,2026-03-17 17:15:17,393,128
U0059,P0190,4.5,2025-04-21 17:15:17,58,189
U0237,P0046,3.9,2025-12-22 17:15:17,236,45
U0432,P0101,3.1,2026-03-02 17:15:17,431,100
U0043,P0107,3.0,2025-03-30 17:15:17,42,106
U0153,P0081,5.0,2025-05-29 17:15:17,152,80
U0371,P0117,5.0,2025-04-16 17:15:17,370,116
U0231,P0160,5.0,2025-11-10 17:15:17,230,159
U0175,P0048,2.9,2025-12-07 17:15:17,174,47
U0095,P0021,4.2,2025-05-20 17:15:17,94,20
U0133,P0173,1.9,2026-01-30 17:15:17,132,172
U0223,P0137,3.1,2026-03-16 17:15:17,222,136
U0003,P0102,2.0,2026-01-25 17:15:17,2,101
U0007,P0044,4.4,2025-04-24 17:15:17,6,43
U0245,P0118,1.7,2025-04-05 17:15:17,244,117
U0208,P0169,2.3,2025-05-21 17:15:17,207,168
U0372,P0125,3.5,2025-10-21 17:15:17,371,124
U0317,P0158,1.0,2025-09-22 17:15:17,316,157
U0494,P0177,3.3,2025-04-14 17:15:17,493,176
U0203,P0078,1.0,2026-02-09 17:15:17,202,77
U0008,P0049,4.0,2026-01-27 17:15:17,7,48
U0418,P0005,1.9,2025-04-03 17:15:17,417,4
U0497,P0049,2.2,2026-03-12 17:15:17,496,48
U0108,P0124,4.1,2025-04-27 17:15:17,107,123
U0075,P0167,4.4,2025-11-22 17:15:17,74,166
U0224,P0161,3.1,2025-06-23 17:15:17,223,160
U0098,P0023,2.5,2025-10-22 17:15:17,97,22
U0395,P0119,2.5,2026-01-09 17:15:17,394,118
U0243,P0109,3.0,2026-03-14 17:15:17,242,108
U0060,P0043,1.1,2026-01-06 17:15:17,59,42
U0379,P0180,3.1,2025-08-10 17:15:17,378,179
U0494,P0125,1.3,2025-07-27 17:15:17,493,124
U0011,P0116,3.4,2025-05-30 17:15:17,10,115
U0125,P0052,2.0,2025-10-26 17:15:17,124,51
U0292,P0101,4.6,2026-02-27 17:15:17,291,100
U0171,P0003,4.0,2026-02-01 17:15:17,170,2
U0323,P0183,1.1,2025-08-16 17:15:17,322,182
U0213,P0127,3.0,2025-06-02 17:15:17,212,126
U0306,P0188,2.7,2025-06-15 17:15:17,305,187
U0149,P0010,3.9,2025-07-19 17:15:17,148,9
U0205,P0125,3.4,2025-07-06 17:15:17,204,124
U0303,P0186,3.5,2025-05-16 17:15:17,302,185
U0479,P0174,4.7,2025-07-19 17:15:17,478,173
U0119,P0183,3.5,2026-02-22 17:15:17,118,182
U0271,P0005,3.9,2025-08-21 17:15:17,270,4
U0296,P0081,4.7,2025-06-15 17:15:17,295,80
U0033,P0069,1.1,2025-04-28 17:15:17,32,68
U0214,P0122,1.0,2026-01-25 17:15:17,213,121
U0254,P0160,3.3,2025-04-29 17:15:17,253,159
U0358,P0112,3.3,2026-03-15 17:15:17,357,111
U0083,P0074,2.2,2025-12-17 17:15:17,82,73
U0241,P0089,1.7,2025-08-13 17:15:17,240,88
U0119,P0130,3.7,2025-12-03 17:15:17,118,129
U0301,P0176,5.0,2025-10-03 17:15:17,300,175
U0472,P0155,4.8,2025-04-23 17:15:17,471,154
U0240,P0034,3.4,2025-10-26 17:15:17,239,33
U0371,P0183,1.1,2025-09-07 17:15:17,370,182
U0492,P0107,1.3,2025-04-15 17:15:17,491,106
U0335,P0189,1.2,2025-09-22 17:15:17,334,188
U0408,P0121,3.2,2026-01-02 17:15:17,407,120
U0319,P0054,3.5,2025-11-01 17:15:17,318,53
U0354,P0192,3.0,2026-02-09 17:15:17,353,191
U0342,P0124,2.3,2026-01-18 17:15:17,341,123
U0089,P0052,2.5,2026-01-04 17:15:17,88,51
U0311,P0126,1.8,2026-02-02 17:15:17,310,125
U0407,P0107,2.7,2025-07-16 17:15:17,406,106
U0156,P0061,4.8,2025-12-08 17:15:17,155,60
U0286,P0013,2.4,2026-03-16 17:15:17,285,12
U0184,P0067,2.8,2025-09-24 17:15:17,183,66
U0347,P0041,4.9,2025-12-26 17:15:17,346,40
U0424,P0129,2.1,2026-03-09 17:15:17,423,128
U0414,P0017,3.2,2025-10-04 17:15:17,413,16
U0221,P0030,5.0,2025-05-13 17:15:17,220,29
U0117,P0031,2.4,2025-06-11 17:15:17,116,30
U0115,P0125,4.4,2025-11-13 17:15:17,114,124
U0175,P0091,1.8,2026-03-02 17:15:17,174,90
U0395,P0143,4.2,2025-11-09 17:15:17,394,142
U0459,P0039,3.0,2025-04-06 17:15:17,458,38
U0448,P0132,2.7,2025-05-20 17:15:17,447,131
U0343,P0027,3.0,2025-03-29 17:15:17,342,26
U0026,P0113,4.2,2025-08-03 17:15:17,25,112
U0493,P0194,4.0,2026-01-28 17:15:17,492,193
U0500,P0028,2.9,2025-05-17 17:15:18,499,27
U0313,P0027,5.0,2025-06-11 17:15:18,312,26
U0022,P0130,3.8,2026-01-31 17:15:18,21,129
U0086,P0162,4.7,2026-01-24 17:15:18,85,161
U0446,P0053,2.8,2025-09-21 17:15:18,445,52
U0081,P0187,3.0,2025-10-27 17:15:18,80,186
U0363,P0114,2.8,2025-07-09 17:15:18,362,113
U0256,P0188,3.0,2026-02-03 17:15:18,255,187
U0079,P0166,3.4,2025-09-20 17:15:18,78,165
U0172,P0036,2.7,2026-01-22 17:15:18,171,35
U0435,P0052,2.8,2025-08-13 17:15:18,434,51
U0497,P0107,1.3,2026-03-22 17:15:18,496,106
U0126,P0122,3.6,2025-10-02 17:15:18,125,121
U0147,P0130,3.1,2025-12-28 17:15:18,146,129
U0044,P0069,3.3,2025-09-16 17:15:18,43,68
U0367,P0194,1.0,2025-08-25 17:15:18,366,193
U0185,P0162,2.4,2025-04-19 17:15:18,184,161
U0126,P0039,3.6,2025-06-27 17:15:18,125,38
U0216,P0059,2.6,2026-01-14 17:15:18,215,58
U0411,P0110,3.6,2025-08-26 17:15:18,410,109
U0471,P0105,1.0,2025-08-03 17:15:18,470,104
U0488,P0133,2.1,2025-04-10 17:15:18,487,132
U0186,P0008,2.2,2025-08-11 17:15:18,185,7
U0075,P0198,4.6,2026-03-20 17:15:18,74,197
U0368,P0133,3.3,2026-02-18 17:15:18,367,132
U0044,P0087,5.0,2025-10-15 17:15:18,43,86
U0206,P0198,1.0,2025-12-31 17:15:18,205,197
U0223,P0016,3.8,2025-09-05 17:15:18,222,15
U0389,P0010,2.3,2025-04-21 17:15:18,388,9
U0473,P0165,4.9,2026-01-07 17:15:18,472,164
U0463,P0148,2.6,2026-02-24 17:15:18,462,147
U0324,P0183,3.6,2025-04-21 17:15:18,323,182
U0449,P0134,2.1,2025-10-25 17:15:18,448,133
U0215,P0103,1.4,2025-04-11 17:15:18,214,102
U0359,P0142,5.0,2025-10-21 17:15:18,358,141
U0370,P0191,3.9,2025-10-16 17:15:18,369,190
U0466,P0089,4.2,2026-03-21 17:15:18,465,88
U0424,P0072,3.7,2025-06-28 17:15:18,423,71
U0313,P0038,3.0,2025-04-01 17:15:18,312,37
U0207,P0115,4.6,2025-04-30 17:15:18,206,114
U0106,P0140,1.9,2025-05-10 17:15:18,105,139
U0404,P0159,3.9,2025-04-26 17:15:18,403,158
U0227,P0179,2.6,2025-09-30 17:15:18,226,178
U0455,P0167,1.0,2025-08-30 17:15:18,454,166
U0398,P0051,3.2,2025-10-22 17:15:18,397,50
U0044,P0010,5.0,2025-06-23 17:15:18,43,9
U0172,P0100,3.4,2026-01-20 17:15:18,171,99
U0267,P0139,2.4,2025-10-31 17:15:18,266,138
U0110,P0024,4.2,2025-07-07 17:15:18,109,23
U0283,P0080,2.2,2025-07-02 17:15:18,282,79
U0175,P0194,3.9,2025-05-04 17:15:18,174,193
U0082,P0006,3.8,2026-03-11 17:15:18,81,5
U0456,P0139,4.2,2025-05-26 17:15:18,455,138
U0133,P0062,5.0,2025-10-21 17:15:18,132,61
U0372,P0109,3.2,2025-07-10 17:15:18,371,108
U0057,P0188,5.0,2026-02-23 17:15:18,56,187
U0431,P0096,2.5,2025-11-13 17:15:18,430,95
U0322,P0130,4.1,2025-09-25 17:15:18,321,129
U0064,P0013,3.6,2025-04-26 17:15:18,63,12
U0482,P0032,3.8,2025-08-08 17:15:18,481,31
U0153,P0147,2.1,2026-03-23 17:15:18,152,146
U0233,P0087,2.0,2025-11-25 17:15:18,232,86
U0413,P0191,1.5,2025-06-01 17:15:18,412,190
U0290,P0183,1.9,2025-05-08 17:15:18,289,182
U0341,P0137,2.4,2025-05-25 17:15:18,340,136
U0120,P0090,3.5,2025-10-23 17:15:18,119,89
U0146,P0171,2.7,2025-06-05 17:15:18,145,170
U0345,P0036,2.8,2025-09-13 17:15:18,344,35
U0267,P0189,2.9,2025-11-19 17:15:18,266,188
U0054,P0084,3.1,2025-07-04 17:15:18,53,83
U0299,P0050,4.3,2025-09-22 17:15:18,298,49
U0233,P0026,1.8,2026-01-09 17:15:18,232,25
U0365,P0109,4.2,2025-08-27 17:15:18,364,108
U0042,P0024,2.3,2026-02-22 17:15:18,41,23
U0218,P0034,4.0,2025-07-25 17:15:18,217,33
U0110,P0115,5.0,2026-02-14 17:15:18,109,114
U0190,P0174,3.8,2025-06-29 17:15:18,189,173
U0207,P0151,3.9,2025-06-12 17:15:18,206,150
U0266,P0200,2.1,2025-09-04 17:15:18,265,199
U0447,P0068,3.9,2025-05-30 17:15:18,446,67
U0256,P0163,4.3,2025-08-21 17:15:18,255,162
U0226,P0177,4.9,2025-07-18 17:15:18,225,176
U0375,P0107,2.5,2026-01-01 17:15:18,374,106
U0074,P0130,3.1,2026-01-19 17:15:18,73,129
U0249,P0183,4.1,2025-08-03 17:15:18,248,182
U0067,P0181,2.9,2025-07-06 17:15:18,66,180
U0442,P0136,2.8,2026-01-24 17:15:18,441,135
U0356,P0055,1.0,2025-08-04 17:15:18,355,54
U0243,P0009,1.0,2026-01-04 17:15:18,242,8
U0484,P0144,2.9,2025-09-17 17:15:18,483,143
U0472,P0031,2.4,2025-05-21 17:15:18,471,30
U0437,P0105,3.5,2026-01-28 17:15:18,436,104
U0062,P0095,2.7,2025-06-06 17:15:18,61,94
U0149,P0011,3.9,2025-07-01 17:15:18,148,10
U0191,P0079,5.0,2025-09-15 17:15:18,190,78
U0156,P0076,2.6,2025-07-20 17:15:18,155,75
U0015,P0037,1.8,2026-01-12 17:15:18,14,36
U0402,P0151,5.0,2025-08-22 17:15:18,401,150
U0025,P0079,2.3,2025-10-31 17:15:18,24,78
U0111,P0047,4.5,2025-07-18 17:15:18,110,46
U0002,P0032,2.0,2025-06-18 17:15:18,1,31
U0179,P0018,1.9,2026-03-03 17:15:18,178,17
U0214,P0124,4.1,2025-06-05 17:15:18,213,123
U0159,P0145,4.0,2025-08-06 17:15:18,158,144
U0461,P0087,3.0,2025-09-13 17:15:18,460,86
U0244,P0185,2.2,2025-05-19 17:15:18,243,184
U0068,P0196,1.0,2026-01-14 17:15:18,67,195
U0259,P0163,3.6,2025-08-02 17:15:18,258,162
U0390,P0116,3.3,2025-04-18 17:15:18,389,115
U0230,P0039,3.7,2025-10-10 17:15:18,229,38
U0046,P0160,2.3,2025-04-19 17:15:18,45,159
U0320,P0105,3.5,2025-09-08 17:15:18,319,104
U0120,P0102,3.3,2025-10-03 17:15:18,119,101
U0277,P0012,2.5,2025-04-16 17:15:18,276,11
U0456,P0114,3.8,2025-11-03 17:15:18,455,113
U0444,P0043,2.0,2025-03-28 17:15:18,443,42
U0013,P0147,3.0,2025-05-07 17:15:18,12,146
U0408,P0198,3.8,2025-03-28 17:15:18,407,197
U0159,P0144,4.5,2025-04-29 17:15:18,158,143
U0064,P0165,2.5,2025-06-12 17:15:18,63,164
U0044,P0050,2.8,2025-05-13 17:15:18,43,49
U0278,P0148,4.3,2026-02-26 17:15:18,277,147
U0491,P0146,2.2,2025-07-01 17:15:18,490,145
U0097,P0193,2.8,2025-07-25 17:15:18,96,192
U0258,P0005,2.0,2026-01-23 17:15:18,257,4
U0338,P0137,1.7,2025-12-23 17:15:18,337,136
U0493,P0005,1.9,2025-11-05 17:15:18,492,4
U0403,P0053,2.0,2025-11-20 17:15:18,402,52
U0425,P0181,2.9,2025-06-02 17:15:18,424,180
U0228,P0022,5.0,2025-06-25 17:15:18,227,21
U0206,P0151,3.3,2026-03-02 17:15:18,205,150
U0252,P0006,2.1,2025-10-02 17:15:18,251,5
U0224,P0047,2.4,2025-08-25 17:15:18,223,46
U0013,P0136,2.9,2025-10-14 17:15:18,12,135
U0196,P0066,4.3,2026-02-07 17:15:18,195,65
U0059,P0026,3.8,2025-06-21 17:15:18,58,25
U0087,P0074,1.0,2026-01-11 17:15:18,86,73
U0094,P0066,1.0,2026-02-08 17:15:18,93,65
U0079,P0079,2.0,2025-08-29 17:15:18,78,78
U0348,P0044,3.6,2026-02-23 17:15:18,347,43
U0315,P0084,2.4,2025-12-23 17:15:18,314,83
U0014,P0183,1.0,2026-02-24 17:15:18,13,182
U0153,P0100,4.6,2026-02-03 17:15:18,152,99
U0164,P0037,2.7,2025-08-26 17:15:18,163,36
U0458,P0083,2.9,2025-11-13 17:15:18,457,82
U0193,P0031,3.0,2026-02-27 17:15:18,192,30
U0104,P0062,1.5,2025-05-24 17:15:18,103,61
U0301,P0061,2.6,2025-07-16 17:15:18,300,60
U0261,P0193,3.4,2025-07-10 17:15:18,260,192
U0198,P0030,4.5,2025-11-08 17:15:18,197,29
U0032,P0082,1.0,2025-07-31 17:15:18,31,81
U0034,P0124,3.1,2026-03-11 17:15:18,33,123
U0209,P0163,1.4,2025-11-26 17:15:18,208,162
U0468,P0005,2.2,2025-11-08 17:15:18,467,4
U0284,P0151,2.0,2025-04-14 17:15:18,283,150
U0052,P0064,4.8,2025-06-14 17:15:18,51,63
U0334,P0033,2.1,2025-10-21 17:15:18,333,32
U0291,P0105,2.5,2025-08-09 17:15:18,290,104
U0043,P0163,3.1,2025-07-12 17:15:18,42,162
U0105,P0037,4.4,2025-09-15 17:15:18,104,36
U0277,P0044,3.5,2025-11-20 17:15:18,276,43
U0276,P0109,4.3,2025-06-14 17:15:18,275,108
U0232,P0011,1.0,2026-03-25 17:15:18,231,10
U0417,P0119,1.0,2025-05-12 17:15:18,416,118
U0149,P0168,4.8,2025-12-30 17:15:18,148,167
U0001,P0016,2.5,2025-07-22 17:15:18,0,15
U0140,P0154,5.0,2025-11-17 17:15:18,139,153
U0430,P0175,2.6,2025-09-12 17:15:18,429,174
U0180,P0162,3.0,2025-12-07 17:15:18,179,161
U0300,P0131,4.4,2025-11-01 17:15:18,299,130
U0024,P0042,2.9,2025-06-25 17:15:18,23,41
U0289,P0018,4.3,2025-10-23 17:15:18,288,17
U0046,P0102,4.0,2025-04-02 17:15:18,45,101
U0063,P0036,2.4,2025-06-14 17:15:18,62,35
U0144,P0111,5.0,2025-12-08 17:15:18,143,110
U0313,P0130,1.9,2025-10-14 17:15:18,312,129
U0453,P0175,4.5,2025-10-01 17:15:18,452,174
U0326,P0067,1.0,2025-03-28 17:15:18,325,66
U0126,P0170,1.3,2025-10-12 17:15:18,125,169
U0175,P0054,3.9,2025-08-02 17:15:18,174,53
U0492,P0154,2.2,2025-10-08 17:15:18,491,153
U0009,P0178,5.0,2026-01-16 17:15:18,8,177
U0331,P0001,3.9,2025-05-18 17:15:18,330,0
U0244,P0002,2.2,2026-03-21 17:15:18,243,1
U0345,P0045,3.4,2025-08-26 17:15:18,344,44
U0285,P0179,3.4,2025-03-30 17:15:18,284,178
U0202,P0138,3.2,2026-02-12 17:15:18,201,137
U0404,P0167,2.5,2025-04-26 17:15:18,403,166
U0040,P0138,2.5,2026-03-10 17:15:18,39,137
U0457,P0172,2.7,2025-08-10 17:15:18,456,171
U0345,P0032,5.0,2025-09-26 17:15:18,344,31
U0424,P0154,3.0,2025-09-23 17:15:18,423,153
U0199,P0046,3.9,2025-04-03 17:15:18,198,45
U0005,P0032,3.6,2025-08-01 17:15:18,4,31
U0190,P0050,2.7,2025-08-10 17:15:18,189,49
U0005,P0057,2.7,2026-03-15 17:15:18,4,56
U0389,P0072,2.9,2025-04-11 17:15:18,388,71
U0472,P0182,4.2,2025-09-23 17:15:18,471,181
U0099,P0024,3.5,2025-05-15 17:15:18,98,23
U0321,P0078,1.7,2025-12-02 17:15:18,320,77
U0120,P0127,5.0,2025-09-21 17:15:18,119,126
U0019,P0072,2.4,2025-07-16 17:15:18,18,71
U0464,P0181,3.1,2025-03-29 17:15:18,463,180
U0311,P0054,3.5,2026-03-22 17:15:18,310,53
U0101,P0164,3.7,2025-09-04 17:15:18,100,163
U0057,P0072,3.3,2025-06-07 17:15:18,56,71
U0257,P0127,2.2,2025-12-28 17:15:18,256,126
U0283,P0050,2.4,2025-04-22 17:15:18,282,49
U0379,P0145,4.5,2025-04-15 17:15:18,378,144
U0350,P0155,2.8,2025-06-09 17:15:18,349,154
U0090,P0017,1.0,2025-05-28 17:15:18,89,16
U0066,P0191,1.4,2026-02-20 17:15:18,65,190
U0066,P0067,3.4,2025-06-07 17:15:18,65,66
U0439,P0059,2.4,2025-07-01 17:15:18,438,58
U0374,P0071,2.0,2025-12-17 17:15:18,373,70
U0435,P0174,1.1,2026-03-14 17:15:18,434,173
U0497,P0178,1.4,2025-04-12 17:15:18,496,177
U0273,P0158,1.0,2025-11-16 17:15:18,272,157
U0349,P0144,2.4,2025-08-05 17:15:18,348,143
U0002,P0110,3.4,2025-05-01 17:15:18,1,109
U0345,P0167,3.0,2026-02-27 17:15:18,344,166
U0438,P0083,2.4,2025-08-16 17:15:18,437,82
U0433,P0105,2.9,2025-11-05 17:15:18,432,104
U0063,P0175,5.0,2025-07-03 17:15:18,62,174
U0239,P0127,1.0,2025-09-21 17:15:18,238,126
U0265,P0195,5.0,2026-03-03 17:15:18,264,194
U0453,P0185,5.0,2025-12-01 17:15:18,452,184
U0025,P0072,1.7,2025-08-22 17:15:18,24,71
U0273,P0115,2.7,2025-10-15 17:15:18,272,114
U0003,P0101,3.5,2025-12-16 17:15:18,2,100
U0172,P0021,2.7,2025-06-06 17:15:18,171,20
U0414,P0007,4.0,2025-11-30 17:15:18,413,6
U0354,P0109,3.1,2026-02-15 17:15:18,353,108
U0470,P0064,4.5,2025-12-15 17:15:18,469,63
U0085,P0085,3.6,2025-10-17 17:15:18,84,84
U0033,P0161,2.5,2025-05-09 17:15:18,32,160
U0050,P0008,3.8,2025-07-23 17:15:18,49,7
U0222,P0007,5.0,2025-05-26 17:15:18,221,6
U0409,P0161,2.5,2025-10-05 17:15:18,408,160
U0431,P0065,1.4,2025-11-19 17:15:18,430,64
U0056,P0122,2.6,2025-11-23 17:15:18,55,121
U0491,P0088,1.5,2026-02-26 17:15:18,490,87
U0421,P0086,3.2,2025-07-02 17:15:18,420,85
U0407,P0061,3.6,2026-02-16 17:15:18,406,60
U0398,P0154,2.6,2025-05-12 17:15:18,397,153
U0225,P0196,1.5,2026-02-05 17:15:18,224,195
U0321,P0115,3.2,2025-06-02 17:15:18,320,114
U0064,P0022,2.7,2026-02-22 17:15:18,63,21
U0470,P0009,2.4,2025-09-13 17:15:18,469,8
U0161,P0178,3.4,2026-02-20 17:15:18,160,177
U0401,P0033,4.7,2026-02-22 17:15:18,400,32
U0471,P0114,2.3,2026-02-25 17:15:18,470,113
U0155,P0157,3.5,2025-05-09 17:15:18,154,156
U0222,P0017,4.0,2026-02-01 17:15:18,221,16
U0347,P0015,2.3,2025-06-12 17:15:18,346,14
U0027,P0076,3.0,2025-09-11 17:15:18,26,75
U0206,P0025,2.9,2025-05-13 17:15:18,205,24
U0120,P0154,3.6,2025-04-22 17:15:18,119,153
U0320,P0003,3.5,2025-08-05 17:15:18,319,2
U0197,P0119,1.4,2025-08-18 17:15:18,196,118
U0451,P0159,5.0,2025-05-12 17:15:18,450,158
U0052,P0087,2.7,2025-04-26 17:15:18,51,86
U0481,P0173,3.7,2026-03-12 17:15:18,480,172
U0233,P0133,4.0,2025-10-08 17:15:18,232,132
U0301,P0050,2.4,2026-01-29 17:15:18,300,49
U0053,P0004,5.0,2025-05-25 17:15:18,52,3
U0366,P0018,1.4,2025-05-26 17:15:18,365,17
U0405,P0050,3.2,2025-06-05 17:15:18,404,49
U0065,P0164,3.5,2025-07-08 17:15:18,64,163
U0132,P0091,1.9,2025-08-22 17:15:18,131,90
U0247,P0186,4.9,2025-05-12 17:15:18,246,185
U0228,P0048,4.2,2025-11-21 17:15:18,227,47
U0071,P0012,2.1,2026-02-23 17:15:18,70,11
U0066,P0080,3.2,2025-05-30 17:15:18,65,79
U0224,P0132,1.3,2025-04-26 17:15:18,223,131
U0387,P0092,4.8,2025-10-17 17:15:18,386,91
U0299,P0139,2.7,2026-01-10 17:15:18,298,138
U0076,P0121,3.0,2025-10-18 17:15:18,75,120
U0309,P0088,1.9,2025-10-27 17:15:18,308,87
U0189,P0003,2.3,2025-07-03 17:15:18,188,2
U0301,P0169,3.0,2025-04-12 17:15:18,300,168
U0075,P0015,1.9,2025-11-24 17:15:18,74,14
U0260,P0144,3.7,2026-02-26 17:15:18,259,143
U0217,P0089,3.4,2025-12-15 17:15:18,216,88
U0500,P0052,2.7,2025-05-02 17:15:18,499,51
U0466,P0052,4.4,2026-02-18 17:15:18,465,51
U0175,P0049,3.5,2025-04-18 17:15:18,174,48
U0244,P0178,3.3,2025-04-05 17:15:18,243,177
U0240,P0154,2.5,2025-04-05 17:15:18,239,153
U0170,P0149,2.5,2025-06-09 17:15:18,169,148
U0494,P0086,2.4,2025-05-14 17:15:18,493,85
U0154,P0108,3.1,2025-10-08 17:15:18,153,107
U0084,P0027,3.4,2025-08-05 17:15:18,83,26
U0449,P0011,1.0,2025-07-15 17:15:18,448,10
U0113,P0001,2.5,2025-05-02 17:15:18,112,0
U0115,P0178,2.3,2025-11-28 17:15:18,114,177
U0239,P0160,1.0,2025-12-06 17:15:18,238,159
U0123,P0124,2.9,2025-10-07 17:15:18,122,123
U0414,P0190,4.7,2025-09-14 17:15:18,413,189
U0106,P0103,2.7,2025-12-21 17:15:18,105,102
U0423,P0002,2.2,2025-09-21 17:15:18,422,1
U0006,P0019,3.1,2025-09-23 17:15:18,5,18
U0016,P0143,4.7,2026-01-26 17:15:18,15,142
U0073,P0075,2.8,2025-08-12 17:15:18,72,74
U0100,P0162,3.2,2025-05-30 17:15:18,99,161
U0468,P0196,2.8,2025-09-22 17:15:18,467,195
U0023,P0008,3.7,2025-12-14 17:15:18,22,7
U0102,P0073,1.9,2025-12-26 17:15:18,101,72
U0113,P0068,4.6,2025-12-26 17:15:18,112,67
U0174,P0142,2.0,2025-11-20 17:15:18,173,141
U0092,P0051,2.5,2026-03-14 17:15:18,91,50
U0091,P0068,1.8,2026-02-02 17:15:18,90,67
U0011,P0174,2.7,2026-01-14 17:15:18,10,173
U0195,P0168,2.3,2026-01-28 17:15:18,194,167
U0174,P0054,3.5,2025-10-20 17:15:18,173,53
U0234,P0062,1.4,2025-09-17 17:15:18,233,61
U0415,P0096,4.1,2025-04-21 17:15:18,414,95
U0088,P0135,3.5,2025-05-10 17:15:18,87,134
U0452,P0112,3.1,2025-03-26 17:15:18,451,111
U0034,P0031,1.6,2026-01-11 17:15:18,33,30
U0452,P0034,4.5,2025-12-18 17:15:18,451,33
U0099,P0137,4.3,2025-09-13 17:15:18,98,136
U0356,P0096,3.2,2025-10-14 17:15:18,355,95
U0307,P0110,2.7,2025-05-04 17:15:18,306,109
U0391,P0158,4.2,2025-05-29 17:15:18,390,157
U0097,P0138,3.3,2025-10-26 17:15:18,96,137
U0405,P0039,2.7,2025-10-09 17:15:18,404,38
U0127,P0014,3.4,2025-05-07 17:15:18,126,13
U0408,P0072,2.1,2026-01-20 17:15:18,407,71
U0436,P0131,3.3,2025-05-30 17:15:18,435,130
U0454,P0126,1.1,2025-12-08 17:15:18,453,125
U0373,P0021,2.6,2025-07-28 17:15:18,372,20
U0405,P0170,3.1,2025-05-15 17:15:18,404,169
U0034,P0043,3.0,2025-07-08 17:15:18,33,42
U0199,P0193,3.3,2025-04-29 17:15:18,198,192
U0385,P0131,2.8,2025-09-15 17:15:18,384,130
U0256,P0133,2.0,2025-07-31 17:15:18,255,132
U0092,P0083,4.8,2025-03-26 17:15:18,91,82
U0192,P0135,1.1,2025-04-04 17:15:18,191,134
U0248,P0184,3.1,2025-07-15 17:15:18,247,183
U0243,P0069,1.5,2025-06-01 17:15:18,242,68
U0206,P0164,5.0,2025-05-31 17:15:18,205,163
U0333,P0010,3.4,2025-12-09 17:15:18,332,9
U0113,P0052,4.5,2025-08-06 17:15:18,112,51
U0442,P0061,5.0,2025-09-04 17:15:18,441,60
U0112,P0079,3.1,2025-08-20 17:15:18,111,78
U0456,P0097,4.3,2025-06-06 17:15:18,455,96
U0081,P0096,3.9,2025-11-15 17:15:18,80,95
U0282,P0022,4.8,2026-01-16 17:15:18,281,21
U0385,P0022,3.9,2025-10-25 17:15:18,384,21
U0228,P0133,2.1,2025-09-26 17:15:18,227,132
U0118,P0150,4.5,2026-03-04 17:15:18,117,149
U0239,P0132,4.9,2025-05-11 17:15:18,238,131
U0173,P0110,3.3,2025-08-07 17:15:18,172,109
U0240,P0111,3.9,2025-08-28 17:15:18,239,110
U0189,P0128,1.4,2025-10-14 17:15:18,188,127
U0140,P0098,1.0,2026-03-13 17:15:18,139,97
U0092,P0114,4.2,2025-11-26 17:15:18,91,113
U0136,P0166,3.1,2026-02-15 17:15:18,135,165
U0184,P0022,4.3,2025-10-26 17:15:18,183,21
U0432,P0129,1.0,2025-07-06 17:15:18,431,128
U0280,P0165,3.6,2026-02-13 17:15:18,279,164
U0403,P0071,1.8,2025-11-29 17:15:18,402,70
U0051,P0031,3.9,2026-02-17 17:15:18,50,30
U0280,P0052,1.4,2025-10-06 17:15:18,279,51
U0101,P0173,3.8,2025-10-08 17:15:18,100,172
U0129,P0078,4.9,2025-04-10 17:15:18,128,77
U0433,P0071,3.1,2025-12-18 17:15:18,432,70
U0362,P0155,2.9,2026-01-14 17:15:18,361,154
U0438,P0193,2.9,2025-06-20 17:15:18,437,192
U0468,P0067,3.2,2026-03-21 17:15:18,467,66
U0395,P0077,2.6,2025-11-01 17:15:18,394,76
U0422,P0089,2.0,2025-08-31 17:15:18,421,88
U0485,P0104,1.0,2025-06-02 17:15:18,484,103
U0388,P0168,1.0,2026-03-19 17:15:18,387,167
U0263,P0195,4.2,2026-01-08 17:15:18,262,194
U0444,P0102,3.4,2025-11-29 17:15:18,443,101
U0117,P0186,1.9,2025-12-08 17:15:18,116,185
U0243,P0060,3.2,2025-07-04 17:15:18,242,59
U0388,P0120,3.7,2025-08-01 17:15:18,387,119
U0175,P0022,2.2,2025-10-16 17:15:18,174,21
U0434,P0049,2.2,2025-08-18 17:15:18,433,48
U0395,P0179,3.0,2025-08-24 17:15:18,394,178
U0108,P0113,1.1,2025-08-07 17:15:18,107,112
U0437,P0143,4.2,2026-03-10 17:15:18,436,142
U0192,P0036,3.1,2025-06-03 17:15:18,191,35
U0448,P0033,3.2,2025-10-20 17:15:18,447,32
U0483,P0189,2.1,2026-03-21 17:15:18,482,188
U0256,P0169,3.2,2025-09-25 17:15:18,255,168
U0174,P0058,1.6,2025-08-23 17:15:18,173,57
U0218,P0176,4.1,2025-08-31 17:15:18,217,175
U0391,P0200,4.5,2025-04-06 17:15:18,390,199
U0276,P0077,4.0,2025-10-10 17:15:18,275,76
U0301,P0006,3.5,2025-06-08 17:15:18,300,5
U0403,P0009,2.0,2026-01-13 17:15:18,402,8
U0079,P0085,5.0,2025-06-08 17:15:18,78,84
U0323,P0155,4.3,2025-05-18 17:15:18,322,154
U0294,P0101,3.8,2025-09-11 17:15:18,293,100
U0105,P0101,2.8,2026-02-21 17:15:18,104,100
U0274,P0099,1.3,2025-12-19 17:15:18,273,98
U0244,P0028,2.7,2025-10-08 17:15:18,243,27
U0292,P0116,1.0,2025-05-02 17:15:18,291,115
U0459,P0078,3.2,2026-02-06 17:15:18,458,77
U0088,P0027,3.7,2025-04-14 17:15:18,87,26
U0284,P0046,5.0,2026-03-09 17:15:18,283,45
U0424,P0177,4.8,2025-05-21 17:15:18,423,176
U0251,P0007,5.0,2025-12-20 17:15:18,250,6
U0102,P0018,3.4,2025-09-09 17:15:18,101,17
U0146,P0053,2.8,2025-11-26 17:15:18,145,52
U0150,P0169,3.4,2025-06-30 17:15:18,149,168
U0036,P0117,4.4,2026-02-24 17:15:18,35,116
U0189,P0133,4.1,2026-03-20 17:15:18,188,132
U0088,P0084,2.9,2025-08-27 17:15:18,87,83
U0201,P0041,4.3,2026-01-28 17:15:18,200,40
U0067,P0138,3.8,2025-08-23 17:15:18,66,137
U0245,P0191,3.8,2026-02-18 17:15:18,244,190
U0200,P0053,3.0,2026-01-18 17:15:18,199,52
U0159,P0111,4.8,2025-03-27 17:15:18,158,110
U0341,P0122,3.0,2026-01-03 17:15:18,340,121
U0481,P0080,2.0,2025-05-29 17:15:18,480,79
U0104,P0129,4.8,2025-04-09 17:15:18,103,128
U0235,P0071,1.1,2025-12-12 17:15:18,234,70
U0004,P0037,3.6,2025-08-09 17:15:18,3,36
U0033,P0103,1.3,2025-05-20 17:15:18,32,102
U0414,P0064,4.3,2025-06-29 17:15:18,413,63
U0169,P0146,1.7,2025-07-17 17:15:18,168,145
U0236,P0119,4.6,2025-06-04 17:15:18,235,118
U0021,P0189,2.5,2026-02-07 17:15:18,20,188
U0148,P0166,1.0,2025-08-04 17:15:18,147,165
U0178,P0180,2.9,2025-03-26 17:15:18,177,179
U0406,P0077,1.9,2025-09-06 17:15:18,405,76
U0314,P0045,3.4,2025-08-25 17:15:18,313,44
U0128,P0046,2.5,2025-05-13 17:15:18,127,45
U0376,P0111,2.9,2025-08-03 17:15:18,375,110
U0197,P0169,1.5,2025-12-22 17:15:18,196,168
U0358,P0146,1.9,2026-02-05 17:15:18,357,145
U0202,P0179,2.0,2026-03-03 17:15:18,201,178
U0123,P0041,3.4,2025-11-05 17:15:18,122,40
U0452,P0161,4.2,2025-06-23 17:15:18,451,160
U0150,P0171,3.2,2026-02-19 17:15:18,149,170
U0358,P0186,5.0,2025-12-04 17:15:18,357,185
U0466,P0127,1.0,2025-08-27 17:15:18,465,126
U0391,P0142,2.8,2026-01-22 17:15:18,390,141
U0189,P0020,1.5,2026-01-31 17:15:18,188,19
U0259,P0197,1.1,2025-10-10 17:15:18,258,196
U0210,P0116,1.0,2025-12-31 17:15:18,209,115
U0130,P0054,2.9,2025-07-09 17:15:18,129,53
U0023,P0119,2.3,2026-03-12 17:15:18,22,118
U0038,P0164,2.9,2025-04-04 17:15:18,37,163
U0346,P0192,3.2,2025-08-01 17:15:18,345,191
U0196,P0088,4.3,2025-09-02 17:15:18,195,87
U0439,P0050,3.2,2025-09-03 17:15:18,438,49
U0020,P0003,3.9,2025-11-17 17:15:18,19,2
U0059,P0182,2.8,2026-01-15 17:15:18,58,181
U0168,P0172,5.0,2025-07-31 17:15:18,167,171
U0249,P0119,1.9,2026-02-19 17:15:18,248,118
U0043,P0141,3.1,2025-04-23 17:15:18,42,140
U0125,P0183,3.8,2025-08-13 17:15:18,124,182
U0072,P0121,3.1,2025-11-03 17:15:18,71,120
U0431,P0042,3.6,2025-12-28 17:15:18,430,41
U0430,P0005,4.3,2025-05-19 17:15:18,429,4
U0052,P0046,2.8,2025-10-26 17:15:18,51,45
U0064,P0137,3.1,2025-09-06 17:15:18,63,136
U0087,P0020,3.5,2025-04-16 17:15:18,86,19
U0391,P0003,3.6,2025-04-13 17:15:18,390,2
U0140,P0040,4.5,2025-08-12 17:15:18,139,39
U0184,P0046,5.0,2025-12-05 17:15:18,183,45
U0366,P0009,5.0,2025-04-14 17:15:18,365,8
U0273,P0056,5.0,2025-08-11 17:15:18,272,55
U0357,P0013,1.1,2025-05-04 17:15:18,356,12
U0416,P0134,3.3,2025-05-01 17:15:18,415,133
U0340,P0184,3.9,2025-04-22 17:15:18,339,183
U0460,P0027,1.9,2025-09-07 17:15:18,459,26
U0354,P0079,4.2,2025-08-10 17:15:18,353,78
U0027,P0154,4.9,2026-03-23 17:15:18,26,153
U0025,P0198,3.0,2025-09-13 17:15:18,24,197
U0393,P0052,1.6,2025-11-18 17:15:18,392,51
U0192,P0062,4.7,2025-12-13 17:15:18,191,61
U0047,P0005,1.9,2025-08-22 17:15:18,46,4
U0015,P0004,2.7,2025-10-04 17:15:18,14,3
U0421,P0050,3.7,2025-04-11 17:15:18,420,49
U0343,P0017,3.8,2025-12-03 17:15:18,342,16
U0491,P0025,3.3,2025-04-19 17:15:18,490,24
U0086,P0186,1.5,2025-12-30 17:15:18,85,185
U0023,P0107,4.4,2025-07-06 17:15:18,22,106
U0056,P0084,1.0,2025-10-11 17:15:18,55,83
U0288,P0161,3.4,2025-12-18 17:15:18,287,160
U0320,P0054,2.9,2025-06-21 17:15:18,319,53
U0203,P0110,3.1,2026-01-23 17:15:18,202,109
U0119,P0055,3.9,2026-01-30 17:15:18,118,54
U0183,P0083,2.4,2025-12-27 17:15:18,182,82
U0008,P0103,4.4,2025-04-25 17:15:18,7,102
U0162,P0004,2.3,2025-09-07 17:15:18,161,3
U0109,P0118,5.0,2025-12-03 17:15:18,108,117
U0034,P0169,4.8,2025-11-03 17:15:18,33,168
U0333,P0160,4.9,2025-09-18 17:15:18,332,159
U0023,P0018,1.5,2025-12-04 17:15:18,22,17
U0211,P0078,3.9,2025-05-23 17:15:18,210,77
U0256,P0027,2.2,2025-03-26 17:15:18,255,26
U0275,P0146,1.5,2025-12-28 17:15:18,274,145
U0129,P0025,2.9,2025-05-22 17:15:18,128,24
U0167,P0162,3.5,2025-04-03 17:15:18,166,161
U0199,P0174,4.7,2025-04-04 17:15:18,198,173
U0069,P0086,1.4,2025-12-26 17:15:18,68,85
U0326,P0195,5.0,2025-04-07 17:15:18,325,194
U0163,P0171,3.1,2025-07-22 17:15:18,162,170
U0035,P0086,4.2,2026-03-16 17:15:18,34,85
U0312,P0150,4.8,2025-08-08 17:15:18,311,149
U0196,P0131,1.9,2025-05-02 17:15:18,195,130
U0380,P0060,4.9,2025-07-11 17:15:18,379,59
U0007,P0060,1.3,2026-03-15 17:15:18,6,59
U0316,P0195,5.0,2026-01-21 17:15:18,315,194
U0159,P0061,4.0,2025-08-18 17:15:18,158,60
U0388,P0063,3.4,2025-05-12 17:15:18,387,62
U0041,P0016,3.7,2026-01-14 17:15:18,40,15
U0192,P0128,4.8,2025-10-25 17:15:18,191,127
U0104,P0039,3.4,2025-09-14 17:15:18,103,38
U0105,P0165,3.3,2026-03-06 17:15:18,104,164
U0122,P0186,3.8,2025-05-23 17:15:18,121,185
U0485,P0114,1.3,2025-10-08 17:15:18,484,113
U0069,P0072,5.0,2025-10-14 17:15:18,68,71
U0330,P0195,1.9,2026-03-05 17:15:18,329,194
U0267,P0107,4.8,2025-04-28 17:15:18,266,106
U0417,P0074,2.7,2026-03-13 17:15:18,416,73
U0118,P0188,3.0,2025-10-07 17:15:18,117,187
U0176,P0063,2.5,2025-12-10 17:15:18,175,62
U0277,P0014,4.8,2025-04-19 17:15:18,276,13
U0128,P0176,2.3,2025-04-03 17:15:18,127,175
U0369,P0057,3.7,2025-05-18 17:15:18,368,56
U0447,P0098,5.0,2025-07-02 17:15:18,446,97
U0165,P0047,3.4,2025-08-11 17:15:18,164,46
U0323,P0002,2.0,2026-02-20 17:15:18,322,1
U0446,P0126,2.9,2026-02-18 17:15:18,445,125
U0489,P0050,1.9,2026-02-27 17:15:18,488,49
U0325,P0037,4.2,2025-12-11 17:15:18,324,36
U0065,P0024,3.0,2025-12-27 17:15:18,64,23
U0304,P0141,1.0,2025-12-11 17:15:18,303,140
U0121,P0130,2.5,2026-02-13 17:15:18,120,129
U0219,P0186,4.2,2025-07-29 17:15:18,218,185
U0160,P0043,2.2,2025-12-14 17:15:18,159,42
U0126,P0109,3.8,2025-12-25 17:15:18,125,108
U0311,P0064,2.9,2025-10-21 17:15:18,310,63
U0147,P0148,3.8,2025-08-08 17:15:18,146,147
U0496,P0163,2.3,2025-12-12 17:15:18,495,162
U0140,P0124,4.9,2026-02-13 17:15:18,139,123
U0487,P0093,5.0,2025-09-03 17:15:18,486,92
U0194,P0043,5.0,2025-07-27 17:15:18,193,42
U0226,P0109,1.4,2025-07-10 17:15:18,225,108
U0313,P0189,2.2,2025-08-16 17:15:18,312,188
U0390,P0040,3.7,2025-07-22 17:15:18,389,39
U0011,P0196,3.0,2025-09-11 17:15:18,10,195
U0219,P0022,3.2,2025-10-23 17:15:18,218,21
U0079,P0142,1.7,2025-12-26 17:15:18,78,141
U0132,P0098,2.6,2025-07-31 17:15:18,131,97
U0157,P0117,2.0,2025-10-31 17:15:18,156,116
U0193,P0144,5.0,2025-05-19 17:15:18,192,143
U0247,P0019,3.5,2025-10-06 17:15:18,246,18
U0070,P0184,4.1,2025-07-28 17:15:18,69,183
U0101,P0040,2.2,2025-12-18 17:15:18,100,39
U0003,P0004,3.6,2025-07-12 17:15:18,2,3
U0374,P0186,1.2,2025-09-15 17:15:18,373,185
U0252,P0104,4.0,2025-08-25 17:15:18,251,103
U0482,P0102,2.4,2025-09-15 17:15:18,481,101
U0197,P0126,2.0,2025-10-19 17:15:18,196,125
U0329,P0151,5.0,2026-02-17 17:15:18,328,150
U0210,P0010,1.6,2026-01-21 17:15:18,209,9
U0198,P0145,3.3,2026-01-01 17:15:18,197,144
U0100,P0196,2.9,2025-08-14 17:15:18,99,195
U0491,P0066,5.0,2025-09-28 17:15:18,490,65
U0261,P0182,3.3,2025-07-18 17:15:18,260,181
U0326,P0177,1.8,2025-09-18 17:15:18,325,176
U0357,P0015,3.6,2025-04-26 17:15:18,356,14
U0198,P0109,2.9,2025-11-19 17:15:18,197,108
U0125,P0123,2.5,2026-03-08 17:15:18,124,122
U0472,P0093,3.5,2025-05-06 17:15:18,471,92
U0362,P0174,2.9,2026-03-11 17:15:18,361,173
U0358,P0171,4.8,2025-04-29 17:15:18,357,170
U0076,P0067,1.8,2025-05-20 17:15:18,75,66
U0234,P0175,1.1,2026-01-09 17:15:18,233,174
U0131,P0064,3.0,2025-05-21 17:15:18,130,63
U0297,P0170,1.3,2026-01-02 17:15:18,296,169
U0007,P0030,2.0,2026-02-06 17:15:18,6,29
U0330,P0183,1.2,2025-09-10 17:15:18,329,182
U0204,P0181,4.8,2025-05-29 17:15:18,203,180
U0499,P0021,2.6,2025-07-03 17:15:18,498,20
U0466,P0049,2.3,2025-08-21 17:15:18,465,48
U0085,P0110,5.0,2025-11-16 17:15:18,84,109
U0355,P0078,4.6,2025-07-12 17:15:18,354,77
U0496,P0137,4.1,2025-04-22 17:15:18,495,136
U0301,P0079,1.1,2025-08-27 17:15:18,300,78
U0386,P0187,4.0,2026-02-08 17:15:18,385,186
U0056,P0163,2.4,2025-06-05 17:15:18,55,162
U0398,P0089,2.3,2026-01-11 17:15:18,397,88
U0138,P0192,2.3,2025-12-08 17:15:18,137,191
U0477,P0192,3.1,2025-09-03 17:15:18,476,191
U0358,P0079,4.0,2026-03-22 17:15:18,357,78
U0087,P0126,3.1,2026-03-25 17:15:18,86,125
U0050,P0018,3.2,2025-04-03 17:15:18,49,17
U0214,P0135,5.0,2025-08-24 17:15:18,213,134
U0336,P0074,2.2,2025-08-17 17:15:18,335,73
U0088,P0046,1.6,2025-09-15 17:15:18,87,45
U0096,P0181,2.7,2026-01-16 17:15:18,95,180
U0102,P0125,1.7,2025-12-22 17:15:18,101,124
U0258,P0029,5.0,2025-08-07 17:15:18,257,28
U0291,P0055,2.2,2025-12-20 17:15:18,290,54
U0103,P0016,1.9,2025-12-22 17:15:18,102,15
U0415,P0195,2.0,2025-12-17 17:15:18,414,194
U0133,P0105,4.7,2025-08-12 17:15:18,132,104
U0321,P0160,2.3,2026-01-29 17:15:18,320,159
U0445,P0163,1.9,2025-12-30 17:15:18,444,162
U0041,P0076,5.0,2026-02-10 17:15:18,40,75
U0194,P0032,3.1,2025-11-04 17:15:18,193,31
U0033,P0088,4.0,2026-03-10 17:15:18,32,87
U0300,P0061,4.7,2025-07-24 17:15:18,299,60
U0249,P0173,2.4,2026-02-02 17:15:18,248,172
U0005,P0016,3.0,2025-11-09 17:15:18,4,15
U0385,P0002,2.9,2025-04-19 17:15:18,384,1
U0299,P0011,3.3,2026-02-04 17:15:18,298,10
U0109,P0134,1.5,2026-03-22 17:15:18,108,133
U0193,P0155,4.7,2025-07-02 17:15:18,192,154
U0493,P0195,5.0,2025-11-09 17:15:18,492,194
U0478,P0125,4.9,2025-07-26 17:15:18,477,124
U0310,P0110,4.3,2025-10-04 17:15:18,309,109
U0190,P0175,2.3,2025-10-01 17:15:18,189,174
U0162,P0062,1.9,2025-09-22 17:15:18,161,61
U0341,P0103,5.0,2025-09-13 17:15:18,340,102
U0313,P0015,3.3,2025-09-24 17:15:18,312,14
U0448,P0085,3.0,2026-02-02 17:15:18,447,84
U0002,P0117,3.2,2025-04-02 17:15:18,1,116
U0206,P0186,3.2,2026-01-13 17:15:18,205,185
U0014,P0155,1.5,2026-01-22 17:15:18,13,154
U0445,P0136,1.1,2025-11-02 17:15:18,444,135
U0487,P0180,3.5,2025-11-18 17:15:18,486,179
U0189,P0116,2.4,2025-05-13 17:15:18,188,115
U0352,P0169,2.7,2025-07-25 17:15:18,351,168
U0264,P0106,3.5,2025-04-21 17:15:18,263,105
U0097,P0001,4.5,2025-05-03 17:15:18,96,0
U0491,P0083,2.3,2026-03-17 17:15:18,490,82
U0325,P0093,3.8,2026-03-02 17:15:18,324,92
U0497,P0189,3.0,2025-10-10 17:15:18,496,188
U0348,P0114,3.8,2025-11-26 17:15:18,347,113
U0311,P0125,2.6,2025-09-02 17:15:18,310,124
U0379,P0157,3.5,2026-02-12 17:15:18,378,156
U0179,P0110,1.5,2025-07-25 17:15:18,178,109
U0338,P0180,2.6,2026-02-02 17:15:18,337,179
U0376,P0099,3.2,2025-10-26 17:15:18,375,98
U0365,P0037,3.1,2025-07-02 17:15:18,364,36
U0449,P0147,3.1,2025-07-10 17:15:18,448,146
U0017,P0033,2.4,2025-07-14 17:15:18,16,32
U0408,P0023,5.0,2025-10-22 17:15:18,407,22
U0427,P0173,2.0,2025-06-18 17:15:18,426,172
U0448,P0120,5.0,2025-12-29 17:15:18,447,119
U0459,P0115,4.0,2026-01-25 17:15:18,458,114
U0247,P0170,3.4,2025-06-22 17:15:18,246,169
U0124,P0063,4.6,2025-12-07 17:15:18,123,62
U0088,P0193,2.9,2025-04-22 17:15:18,87,192
U0359,P0023,2.9,2026-01-30 17:15:18,358,22
U0223,P0184,2.6,2026-03-11 17:15:18,222,183
U0083,P0084,4.0,2025-09-10 17:15:18,82,83
U0393,P0072,4.9,2025-12-03 17:15:18,392,71
U0369,P0066,5.0,2025-04-19 17:15:18,368,65
U0244,P0172,4.7,2026-01-21 17:15:18,243,171
U0341,P0035,4.1,2025-06-25 17:15:18,340,34
U0325,P0186,3.5,2025-07-17 17:15:18,324,185
U0047,P0178,3.0,2025-10-06 17:15:18,46,177
U0447,P0058,2.5,2025-06-04 17:15:18,446,57
U0393,P0154,3.7,2026-02-20 17:15:18,392,153
U0330,P0088,3.9,2025-09-13 17:15:18,329,87
U0467,P0184,1.0,2025-09-11 17:15:18,466,183
U0335,P0165,2.7,2025-06-11 17:15:18,334,164
U0495,P0112,3.5,2025-11-26 17:15:18,494,111
U0115,P0067,5.0,2026-01-25 17:15:18,114,66
U0149,P0023,2.5,2026-01-27 17:15:18,148,22
U0046,P0088,2.8,2025-05-26 17:15:18,45,87
U0480,P0049,4.0,2026-01-25 17:15:18,479,48
U0294,P0095,1.5,2026-01-19 17:15:18,293,94
U0437,P0081,3.0,2025-09-12 17:15:18,436,80
U0296,P0189,4.3,2026-03-25 17:15:18,295,188
U0160,P0016,5.0,2025-05-27 17:15:18,159,15
U0275,P0049,1.7,2025-09-08 17:15:18,274,48
U0217,P0082,2.5,2025-09-20 17:15:18,216,81
U0409,P0174,1.1,2026-01-20 17:15:18,408,173
U0267,P0170,4.7,2025-05-21 17:15:18,266,169
U0303,P0057,3.0,2026-01-30 17:15:18,302,56
U0203,P0003,3.0,2025-06-23 17:15:18,202,2
U0437,P0118,4.0,2025-10-15 17:15:18,436,117
U0075,P0076,4.4,2025-12-03 17:15:18,74,75
U0256,P0175,4.1,2025-08-04 17:15:18,255,174
U0076,P0154,2.2,2025-10-31 17:15:18,75,153
U0075,P0192,4.1,2025-04-19 17:15:18,74,191
U0435,P0180,1.4,2026-03-08 17:15:18,434,179
U0307,P0082,1.6,2025-10-18 17:15:18,306,81
U0258,P0177,4.1,2026-01-21 17:15:18,257,176
U0141,P0181,5.0,2025-06-05 17:15:18,140,180
U0245,P0162,2.2,2025-12-05 17:15:18,244,161
U0254,P0075,2.3,2025-03-30 17:15:18,253,74
U0031,P0086,2.1,2026-01-06 17:15:18,30,85
U0424,P0184,2.0,2025-12-08 17:15:18,423,183
U0435,P0188,4.3,2025-11-30 17:15:18,434,187
U0359,P0189,1.0,2026-02-27 17:15:18,358,188
U0473,P0199,5.0,2025-12-24 17:15:18,472,198
U0439,P0125,3.3,2025-09-06 17:15:18,438,124
U0154,P0169,3.2,2026-01-03 17:15:18,153,168
U0012,P0141,2.7,2025-09-06 17:15:18,11,140
U0173,P0109,4.7,2025-04-12 17:15:18,172,108
U0243,P0090,3.2,2025-09-06 17:15:18,242,89
U0201,P0019,4.4,2025-06-28 17:15:18,200,18
U0373,P0073,3.0,2025-11-01 17:15:18,372,72
U0357,P0050,2.7,2025-04-01 17:15:18,356,49
U0439,P0141,1.3,2025-09-05 17:15:18,438,140
U0050,P0034,2.2,2025-10-11 17:15:18,49,33
U0386,P0149,5.0,2026-02-26 17:15:18,385,148
U0156,P0118,4.8,2025-04-24 17:15:18,155,117
U0084,P0148,2.5,2026-01-14 17:15:18,83,147
U0248,P0075,3.0,2026-01-10 17:15:18,247,74
U0108,P0056,4.6,2025-12-15 17:15:18,107,55
U0377,P0167,2.5,2026-03-21 17:15:18,376,166
U0186,P0186,1.7,2025-06-04 17:15:18,185,185
U0053,P0174,3.3,2026-01-09 17:15:18,52,173
U0193,P0110,4.0,2025-04-12 17:15:18,192,109
U0431,P0044,3.7,2026-02-25 17:15:18,430,43
U0050,P0092,1.4,2025-07-26 17:15:18,49,91
U0092,P0014,1.0,2026-01-24 17:15:18,91,13
U0264,P0167,2.8,2025-10-03 17:15:18,263,166
U0304,P0112,2.8,2026-01-08 17:15:18,303,111
U0322,P0185,1.0,2025-08-31 17:15:18,321,184
U0126,P0009,1.5,2026-01-24 17:15:18,125,8
U0124,P0102,5.0,2025-07-18 17:15:18,123,101
U0155,P0177,2.2,2025-05-24 17:15:18,154,176
U0489,P0045,3.2,2025-04-25 17:15:18,488,44
U0382,P0097,1.8,2025-04-05 17:15:18,381,96
U0408,P0172,1.0,2025-04-22 17:15:18,407,171
U0046,P0200,2.3,2025-07-31 17:15:18,45,199
U0443,P0167,3.7,2025-09-11 17:15:18,442,166
U0141,P0162,3.6,2025-04-25 17:15:18,140,161
U0228,P0095,3.9,2026-03-20 17:15:18,227,94
U0062,P0030,2.8,2026-02-11 17:15:18,61,29
U0063,P0126,3.8,2025-05-01 17:15:18,62,125
U0343,P0131,2.7,2025-11-30 17:15:18,342,130
U0012,P0151,3.0,2025-06-05 17:15:18,11,150
U0294,P0123,1.0,2025-11-05 17:15:18,293,122
U0356,P0191,1.0,2026-02-05 17:15:18,355,190
U0407,P0152,3.2,2025-12-23 17:15:18,406,151
U0197,P0124,3.0,2025-04-29 17:15:18,196,123
U0360,P0112,3.9,2025-10-24 17:15:18,359,111
U0293,P0033,1.1,2026-02-03 17:15:18,292,32
U0167,P0017,1.8,2025-06-23 17:15:18,166,16
U0095,P0104,2.2,2025-04-01 17:15:18,94,103
U0011,P0101,2.4,2025-06-14 17:15:18,10,100
U0419,P0138,1.8,2025-06-27 17:15:18,418,137
U0251,P0017,4.7,2025-07-03 17:15:18,250,16
U0429,P0150,5.0,2025-06-23 17:15:18,428,149
U0366,P0167,2.1,2026-01-21 17:15:18,365,166
U0386,P0193,4.8,2025-12-09 17:15:18,385,192
U0495,P0169,1.0,2026-01-24 17:15:18,494,168
U0093,P0154,4.7,2025-04-04 17:15:18,92,153
U0093,P0002,1.7,2025-06-14 17:15:18,92,1
U0063,P0011,2.8,2026-01-19 17:15:18,62,10
U0295,P0053,2.3,2025-04-25 17:15:18,294,52
U0083,P0023,3.8,2025-06-11 17:15:18,82,22
U0132,P0193,3.1,2026-03-08 17:15:18,131,192
U0044,P0032,4.6,2025-07-09 17:15:18,43,31
U0153,P0094,3.7,2025-06-20 17:15:18,152,93
U0088,P0109,2.3,2025-04-23 17:15:18,87,108
U0001,P0064,2.3,2025-10-23 17:15:18,0,63
U0024,P0133,1.7,2025-10-26 17:15:18,23,132
U0228,P0036,4.0,2025-06-03 17:15:18,227,35
U0252,P0178,2.4,2025-10-16 17:15:18,251,177
U0268,P0091,4.2,2025-05-19 17:15:18,267,90
U0276,P0131,2.6,2025-12-08 17:15:18,275,130
U0353,P0026,3.3,2025-04-20 17:15:18,352,25
U0420,P0012,4.9,2025-11-24 17:15:18,419,11
U0019,P0049,1.4,2026-01-12 17:15:18,18,48
U0154,P0056,3.4,2026-01-16 17:15:18,153,55
U0309,P0142,2.8,2025-12-05 17:15:18,308,141
U0303,P0092,3.1,2025-11-03 17:15:18,302,91
U0066,P0187,4.6,2025-05-11 17:15:18,65,186
U0217,P0020,2.1,2025-06-17 17:15:18,216,19
U0131,P0067,2.6,2025-09-11 17:15:18,130,66
U0333,P0042,3.5,2025-09-02 17:15:18,332,41
U0234,P0022,3.2,2025-11-15 17:15:18,233,21
U0347,P0109,5.0,2025-04-04 17:15:18,346,108
U0074,P0138,1.8,2025-12-11 17:15:18,73,137
U0037,P0162,1.7,2025-11-08 17:15:18,36,161
U0325,P0179,2.6,2025-04-29 17:15:18,324,178
U0099,P0183,4.7,2025-09-16 17:15:18,98,182
U0289,P0169,2.4,2025-04-28 17:15:18,288,168
U0421,P0131,3.7,2025-05-20 17:15:18,420,130
U0084,P0108,3.0,2026-01-06 17:15:18,83,107
U0162,P0112,1.0,2025-09-12 17:15:18,161,111
U0127,P0020,2.0,2025-11-07 17:15:18,126,19
U0057,P0176,3.4,2025-06-18 17:15:18,56,175
U0209,P0017,4.5,2025-10-08 17:15:18,208,16
U0328,P0023,1.4,2025-09-21 17:15:18,327,22
U0466,P0086,5.0,2025-11-06 17:15:18,465,85
U0075,P0058,4.5,2025-11-05 17:15:18,74,57
U0006,P0026,4.1,2025-09-13 17:15:18,5,25
U0497,P0057,3.7,2025-09-13 17:15:18,496,56
U0090,P0135,5.0,2025-10-20 17:15:18,89,134
U0302,P0126,4.9,2026-02-05 17:15:18,301,125
U0271,P0090,4.9,2025-04-01 17:15:18,270,89
U0293,P0073,2.6,2025-06-16 17:15:18,292,72
U0139,P0156,3.9,2026-02-03 17:15:18,138,155
U0460,P0013,2.0,2025-12-28 17:15:18,459,12
U0163,P0193,3.2,2025-09-07 17:15:18,162,192
U0093,P0089,1.8,2025-04-12 17:15:18,92,88
U0283,P0153,1.1,2025-08-31 17:15:18,282,152
U0245,P0152,3.9,2026-01-19 17:15:18,244,151
U0133,P0003,1.0,2025-04-08 17:15:18,132,2
U0263,P0183,4.2,2026-01-05 17:15:18,262,182
U0337,P0033,2.5,2026-01-11 17:15:18,336,32
U0194,P0146,4.1,2025-11-09 17:15:18,193,145
U0028,P0186,3.5,2025-05-02 17:15:18,27,185
U0499,P0095,5.0,2025-03-28 17:15:18,498,94
U0399,P0064,3.9,2025-04-12 17:15:18,398,63
U0312,P0108,2.8,2025-03-29 17:15:18,311,107
U0235,P0047,4.2,2025-08-13 17:15:18,234,46
U0182,P0120,3.4,2025-07-11 17:15:18,181,119
U0147,P0071,1.5,2025-08-18 17:15:18,146,70
U0267,P0184,2.7,2025-11-28 17:15:18,266,183
U0157,P0163,2.9,2026-02-09 17:15:18,156,162
U0486,P0079,1.8,2025-08-29 17:15:18,485,78
U0395,P0081,3.5,2026-02-07 17:15:18,394,80
U0325,P0021,3.5,2026-02-14 17:15:18,324,20
U0374,P0062,3.9,2026-02-06 17:15:18,373,61
U0085,P0148,1.6,2026-02-24 17:15:18,84,147
U0044,P0191,3.0,2025-10-30 17:15:18,43,190
U0284,P0127,4.6,2026-03-20 17:15:18,283,126
U0493,P0109,2.0,2025-04-13 17:15:18,492,108
U0261,P0188,3.2,2026-01-15 17:15:18,260,187
U0246,P0128,4.1,2025-07-05 17:15:18,245,127
U0351,P0174,4.2,2025-06-26 17:15:18,350,173
U0358,P0032,3.1,2025-08-30 17:15:18,357,31
U0008,P0158,1.7,2025-12-18 17:15:18,7,157
U0467,P0191,1.3,2026-03-22 17:15:18,466,190
U0366,P0109,1.9,2025-03-31 17:15:18,365,108
U0274,P0192,3.9,2025-09-30 17:15:18,273,191
U0126,P0190,2.9,2025-04-21 17:15:18,125,189
U0487,P0136,2.5,2025-04-09 17:15:18,486,135
U0312,P0011,1.0,2025-05-19 17:15:18,311,10
U0230,P0044,1.4,2025-04-14 17:15:18,229,43
U0477,P0196,3.2,2025-06-30 17:15:18,476,195
U0463,P0058,3.1,2025-12-26 17:15:18,462,57
U0039,P0094,2.1,2026-01-16 17:15:18,38,93
U0264,P0091,3.0,2026-02-27 17:15:18,263,90
U0217,P0127,1.5,2025-09-12 17:15:18,216,126
U0088,P0096,2.1,2026-01-27 17:15:18,87,95
U0174,P0174,3.1,2025-11-18 17:15:18,173,173
U0426,P0139,3.4,2026-01-24 17:15:18,425,138
U0149,P0077,3.5,2025-07-21 17:15:18,148,76
U0151,P0068,1.3,2025-12-06 17:15:18,150,67
U0002,P0189,4.3,2025-05-06 17:15:18,1,188
U0476,P0165,3.2,2025-07-05 17:15:18,475,164
U0423,P0010,2.0,2025-07-31 17:15:18,422,9
U0457,P0159,3.8,2025-07-19 17:15:18,456,158
U0030,P0092,4.8,2026-03-22 17:15:18,29,91
U0316,P0118,2.7,2025-10-08 17:15:18,315,117
U0153,P0091,2.7,2026-01-30 17:15:18,152,90
U0003,P0090,4.2,2025-12-20 17:15:18,2,89
U0206,P0091,3.6,2026-03-21 17:15:18,205,90
U0052,P0111,3.6,2025-07-17 17:15:18,51,110
U0271,P0132,5.0,2026-01-06 17:15:18,270,131
U0211,P0032,3.8,2025-07-19 17:15:18,210,31
U0004,P0040,4.2,2025-04-23 17:15:18,3,39
U0129,P0058,4.3,2025-07-28 17:15:18,128,57
U0203,P0096,3.1,2025-10-23 17:15:18,202,95
U0187,P0110,5.0,2025-12-22 17:15:18,186,109
U0275,P0069,4.4,2026-01-29 17:15:18,274,68
U0225,P0169,2.0,2025-08-13 17:15:18,224,168
U0083,P0036,3.6,2025-09-25 17:15:18,82,35
U0383,P0112,2.7,2026-03-23 17:15:18,382,111
U0184,P0182,1.2,2025-12-14 17:15:18,183,181
U0057,P0049,3.9,2025-10-31 17:15:18,56,48
U0021,P0035,5.0,2025-09-04 17:15:18,20,34
U0216,P0191,1.8,2025-10-07 17:15:18,215,190
U0462,P0009,5.0,2026-01-02 17:15:18,461,8
U0342,P0051,5.0,2025-07-23 17:15:18,341,50
U0492,P0171,3.5,2025-11-09 17:15:18,491,170
U0061,P0108,3.0,2025-07-18 17:15:18,60,107
U0282,P0127,2.5,2025-04-10 17:15:18,281,126
U0366,P0033,3.7,2025-10-10 17:15:18,365,32
U0385,P0196,3.5,2025-09-02 17:15:18,384,195
U0257,P0186,1.1,2025-09-07 17:15:18,256,185
U0068,P0029,3.1,2026-01-29 17:15:18,67,28
U0406,P0006,3.8,2026-01-20 17:15:18,405,5
U0080,P0089,4.1,2025-07-12 17:15:18,79,88
U0007,P0197,3.3,2025-04-09 17:15:18,6,196
U0122,P0014,5.0,2025-04-12 17:15:18,121,13
U0425,P0088,5.0,2025-08-18 17:15:18,424,87
U0500,P0153,1.8,2026-03-21 17:15:18,499,152
U0223,P0123,1.2,2025-10-28 17:15:18,222,122
U0145,P0125,3.6,2026-02-11 17:15:18,144,124
U0390,P0110,2.9,2025-11-19 17:15:18,389,109
U0317,P0040,4.2,2025-07-07 17:15:18,316,39
U0096,P0064,3.8,2025-11-02 17:15:18,95,63
U0393,P0030,3.3,2025-11-11 17:15:18,392,29
U0359,P0064,3.5,2025-04-18 17:15:18,358,63
U0421,P0110,4.3,2025-12-14 17:15:18,420,109
U0243,P0181,2.6,2026-02-01 17:15:18,242,180
U0359,P0187,2.3,2025-07-11 17:15:18,358,186
U0313,P0047,3.6,2025-12-19 17:15:18,312,46
U0438,P0152,3.9,2025-05-07 17:15:18,437,151
U0325,P0039,4.5,2025-11-28 17:15:18,324,38
U0062,P0034,2.2,2025-09-01 17:15:18,61,33
U0020,P0071,3.0,2025-12-17 17:15:18,19,70
U0476,P0038,2.4,2025-08-19 17:15:18,475,37
U0010,P0158,2.8,2025-12-13 17:15:18,9,157
U0047,P0014,1.8,2025-09-12 17:15:18,46,13
U0209,P0135,2.3,2025-10-20 17:15:18,208,134
U0359,P0163,3.1,2025-11-27 17:15:18,358,162
U0114,P0087,5.0,2025-08-19 17:15:18,113,86
U0262,P0110,2.2,2025-04-30 17:15:18,261,109
U0027,P0078,5.0,2026-01-28 17:15:18,26,77
U0138,P0094,4.0,2025-11-02 17:15:18,137,93
U0483,P0090,3.9,2025-03-26 17:15:18,482,89
U0215,P0064,1.5,2025-10-13 17:15:18,214,63
U0459,P0013,1.0,2025-12-22 17:15:18,458,12
U0021,P0001,1.0,2026-02-27 17:15:18,20,0
U0165,P0055,1.1,2025-10-30 17:15:18,164,54
U0242,P0072,3.9,2025-05-19 17:15:18,241,71
U0095,P0065,2.6,2025-07-17 17:15:18,94,64
U0187,P0086,4.4,2025-10-21 17:15:18,186,85
U0058,P0025,1.8,2025-04-17 17:15:18,57,24
U0007,P0175,1.3,2025-06-16 17:15:18,6,174
U0395,P0034,4.9,2025-10-07 17:15:18,394,33
U0185,P0190,2.8,2025-09-21 17:15:18,184,189
U0381,P0200,2.4,2025-05-28 17:15:18,380,199
U0271,P0155,3.1,2025-09-16 17:15:18,270,154
U0122,P0167,4.1,2025-11-04 17:15:18,121,166
U0108,P0150,2.3,2025-09-10 17:15:18,107,149
U0045,P0028,4.1,2026-01-18 17:15:18,44,27
U0323,P0191,4.2,2025-05-21 17:15:18,322,190
U0062,P0011,4.9,2025-05-29 17:15:18,61,10
U0496,P0168,1.0,2025-12-18 17:15:18,495,167
U0099,P0181,3.2,2025-08-09 17:15:18,98,180
U0474,P0026,2.4,2026-02-15 17:15:18,473,25
U0483,P0140,4.6,2025-05-13 17:15:18,482,139
U0176,P0078,1.8,2025-07-26 17:15:18,175,77
U0390,P0052,4.0,2025-06-25 17:15:18,389,51
U0370,P0040,3.2,2026-03-03 17:15:18,369,39
U0066,P0050,5.0,2025-08-23 17:15:18,65,49
U0282,P0183,4.8,2025-11-16 17:15:18,281,182
U0457,P0195,1.7,2025-06-12 17:15:18,456,194
U0500,P0089,2.1,2025-09-19 17:15:18,499,88
U0230,P0162,2.0,2026-01-24 17:15:18,229,161
U0467,P0112,1.0,2026-02-19 17:15:18,466,111
U0248,P0108,3.7,2025-06-30 17:15:18,247,107
U0477,P0129,3.2,2026-03-14 17:15:18,476,128
U0086,P0154,2.7,2025-11-05 17:15:18,85,153
U0357,P0034,3.5,2025-10-28 17:15:18,356,33
U0024,P0145,3.0,2026-02-22 17:15:18,23,144
U0407,P0178,1.8,2025-12-18 17:15:18,406,177
U0380,P0102,2.4,2025-07-15 17:15:18,379,101
U0351,P0137,5.0,2025-07-06 17:15:18,350,136
U0498,P0020,4.7,2025-12-31 17:15:18,497,19
U0225,P0193,2.5,2025-07-08 17:15:18,224,192
U0197,P0144,2.3,2025-09-07 17:15:18,196,143
U0206,P0156,2.6,2025-11-06 17:15:18,205,155
U0106,P0048,2.0,2026-03-24 17:15:18,105,47
U0082,P0147,1.9,2025-12-04 17:15:18,81,146
U0304,P0179,4.5,2026-03-21 17:15:18,303,178
U0451,P0132,4.2,2025-08-04 17:15:18,450,131
U0258,P0182,4.4,2025-06-30 17:15:18,257,181
U0133,P0078,3.9,2025-12-03 17:15:18,132,77
U0152,P0182,1.8,2025-11-08 17:15:18,151,181
U0283,P0031,2.3,2025-12-28 17:15:18,282,30
U0115,P0012,2.4,2025-06-25 17:15:18,114,11
U0122,P0075,5.0,2026-03-05 17:15:18,121,74
U0328,P0038,1.3,2025-11-03 17:15:18,327,37
U0475,P0035,3.0,2025-11-07 17:15:18,474,34
U0448,P0014,3.6,2025-05-01 17:15:18,447,13
U0128,P0054,5.0,2025-06-25 17:15:18,127,53
U0060,P0001,4.0,2025-04-27 17:15:18,59,0
U0178,P0162,1.3,2025-05-20 17:15:18,177,161
U0498,P0095,5.0,2025-10-10 17:15:18,497,94
U0043,P0181,4.7,2025-06-17 17:15:18,42,180
U0136,P0185,3.0,2026-01-16 17:15:18,135,184
U0210,P0157,3.2,2025-10-26 17:15:18,209,156
U0167,P0015,4.9,2025-05-09 17:15:18,166,14
U0418,P0003,4.7,2025-09-24 17:15:18,417,2
U0113,P0188,1.8,2025-11-02 17:15:18,112,187
U0091,P0066,4.1,2026-03-17 17:15:18,90,65
U0276,P0169,2.9,2025-05-31 17:15:18,275,168
U0055,P0185,3.0,2025-04-07 17:15:18,54,184
U0196,P0168,2.3,2025-11-14 17:15:18,195,167
U0446,P0161,3.8,2025-05-05 17:15:18,445,160
U0310,P0142,3.2,2025-12-10 17:15:18,309,141
U0113,P0084,3.3,2025-11-08 17:15:18,112,83
U0105,P0149,5.0,2025-05-07 17:15:18,104,148
U0414,P0193,1.9,2025-09-04 17:15:18,413,192
U0080,P0115,4.0,2025-11-27 17:15:18,79,114
U0223,P0095,3.6,2026-01-09 17:15:18,222,94
U0462,P0123,3.8,2026-02-06 17:15:18,461,122
U0254,P0047,3.2,2025-08-02 17:15:18,253,46
U0095,P0046,4.4,2025-12-19 17:15:18,94,45
U0292,P0126,2.8,2025-12-23 17:15:18,291,125
U0332,P0073,3.7,2026-03-15 17:15:18,331,72
U0159,P0042,1.3,2025-12-25 17:15:18,158,41
U0419,P0101,1.4,2025-04-08 17:15:18,418,100
U0312,P0049,4.7,2026-02-18 17:15:18,311,48
U0074,P0019,2.5,2025-08-19 17:15:18,73,18
U0126,P0117,2.4,2025-04-29 17:15:18,125,116
U0497,P0104,2.1,2026-02-02 17:15:18,496,103
U0371,P0135,2.2,2026-01-14 17:15:18,370,134
U0373,P0193,5.0,2026-03-19 17:15:18,372,192
U0309,P0026,3.7,2025-09-13 17:15:18,308,25
U0197,P0006,1.2,2026-01-28 17:15:18,196,5
U0424,P0004,3.2,2025-04-30 17:15:18,423,3
U0479,P0012,3.8,2026-01-17 17:15:18,478,11
U0128,P0198,4.0,2026-02-11 17:15:18,127,197
U0138,P0037,4.1,2025-05-08 17:15:18,137,36
U0308,P0004,4.0,2026-03-21 17:15:18,307,3
U0278,P0189,2.8,2025-10-03 17:15:18,277,188
U0437,P0182,1.3,2026-02-10 17:15:18,436,181
U0104,P0036,3.8,2025-07-23 17:15:18,103,35
U0389,P0145,3.1,2025-08-10 17:15:18,388,144
U0418,P0042,2.4,2025-10-19 17:15:18,417,41
U0170,P0123,4.2,2026-01-05 17:15:18,169,122
U0125,P0015,4.1,2025-06-20 17:15:18,124,14
U0355,P0069,4.0,2025-05-08 17:15:18,354,68
U0279,P0032,3.5,2026-03-15 17:15:18,278,31
U0423,P0012,4.3,2026-02-01 17:15:18,422,11
U0279,P0076,5.0,2026-02-01 17:15:18,278,75
U0262,P0107,1.5,2026-01-12 17:15:18,261,106
U0001,P0058,4.1,2026-03-13 17:15:18,0,57
U0117,P0110,2.6,2025-09-09 17:15:18,116,109
U0076,P0091,1.4,2025-04-24 17:15:18,75,90
U0147,P0058,5.0,2025-04-09 17:15:18,146,57
U0197,P0176,4.8,2026-01-27 17:15:18,196,175
U0252,P0044,2.5,2026-01-28 17:15:18,251,43
U0115,P0027,4.5,2025-11-01 17:15:18,114,26
U0183,P0020,2.6,2025-05-14 17:15:18,182,19
U0171,P0031,1.8,2025-09-22 17:15:18,170,30
U0473,P0022,1.0,2026-03-03 17:15:18,472,21
U0310,P0039,1.8,2025-12-24 17:15:18,309,38
U0220,P0136,2.6,2025-10-05 17:15:18,219,135
U0308,P0047,4.2,2025-04-12 17:15:18,307,46
U0218,P0039,2.4,2025-04-18 17:15:18,217,38
U0352,P0078,2.2,2025-05-10 17:15:18,351,77
U0419,P0074,3.4,2025-09-28 17:15:18,418,73
U0449,P0027,1.4,2025-11-07 17:15:18,448,26
U0470,P0128,3.2,2025-04-21 17:15:18,469,127
U0189,P0068,4.1,2025-03-26 17:15:18,188,67
U0409,P0020,3.5,2026-03-24 17:15:18,408,19
U0442,P0039,3.0,2025-04-24 17:15:18,441,38
U0076,P0082,2.7,2026-01-09 17:15:18,75,81
U0200,P0115,2.6,2025-07-24 17:15:18,199,114
U0418,P0018,2.9,2026-01-27 17:15:18,417,17
U0296,P0110,4.2,2025-11-03 17:15:18,295,109
U0075,P0024,3.0,2025-10-11 17:15:18,74,23
U0066,P0047,4.0,2025-09-09 17:15:18,65,46
U0181,P0082,1.4,2025-07-15 17:15:18,180,81
U0218,P0124,4.1,2025-04-04 17:15:18,217,123
U0499,P0106,2.0,2025-05-21 17:15:18,498,105
U0407,P0163,5.0,2025-10-06 17:15:18,406,162
U0071,P0168,2.5,2025-11-20 17:15:18,70,167
U0197,P0108,1.1,2025-06-17 17:15:18,196,107
U0255,P0138,2.4,2025-06-25 17:15:18,254,137
U0253,P0137,3.0,2025-06-24 17:15:18,252,136
U0421,P0059,5.0,2025-09-10 17:15:18,420,58
U0043,P0149,1.9,2025-08-22 17:15:18,42,148
U0270,P0148,2.4,2025-04-04 17:15:18,269,147
U0416,P0192,3.3,2025-12-03 17:15:18,415,191
U0360,P0023,1.1,2025-11-25 17:15:18,359,22
U0186,P0001,2.1,2025-12-11 17:15:18,185,0
U0436,P0005,3.7,2025-09-21 17:15:18,435,4
U0286,P0122,3.9,2026-01-16 17:15:18,285,121
U0472,P0029,3.2,2026-02-23 17:15:18,471,28
U0467,P0090,1.8,2025-09-22 17:15:18,466,89
U0435,P0200,3.7,2026-01-13 17:15:18,434,199
U0151,P0118,4.0,2026-01-11 17:15:18,150,117
U0428,P0142,2.6,2025-08-22 17:15:18,427,141
U0125,P0054,2.6,2025-12-01 17:15:18,124,53
U0029,P0192,4.4,2026-01-14 17:15:18,28,191
U0061,P0179,3.3,2025-03-30 17:15:18,60,178
U0074,P0097,2.9,2026-03-12 17:15:18,73,96
U0357,P0109,3.0,2025-09-16 17:15:18,356,108
U0028,P0180,2.4,2026-01-30 17:15:18,27,179
U0340,P0149,2.6,2026-02-16 17:15:18,339,148
U0245,P0153,3.0,2026-01-04 17:15:18,244,152
U0016,P0038,4.7,2025-09-19 17:15:18,15,37
U0073,P0021,3.3,2025-11-20 17:15:18,72,20
U0040,P0004,3.3,2025-06-07 17:15:18,39,3
U0426,P0107,3.4,2026-01-08 17:15:18,425,106
U0392,P0047,3.0,2025-07-28 17:15:18,391,46
U0381,P0036,3.5,2025-06-28 17:15:18,380,35
U0358,P0077,3.6,2025-07-28 17:15:18,357,76
U0211,P0185,3.4,2025-10-04 17:15:18,210,184
U0228,P0166,4.1,2025-04-04 17:15:18,227,165
U0007,P0074,3.9,2026-01-28 17:15:18,6,73
U0080,P0016,3.8,2025-05-01 17:15:18,79,15
U0017,P0155,3.2,2025-12-27 17:15:18,16,154
U0258,P0042,4.3,2026-03-20 17:15:18,257,41
U0203,P0109,4.8,2025-04-11 17:15:18,202,108
U0486,P0117,1.6,2025-06-15 17:15:18,485,116
U0365,P0067,4.5,2025-06-06 17:15:18,364,66
U0257,P0079,3.5,2025-03-27 17:15:18,256,78
U0117,P0109,1.6,2026-01-04 17:15:18,116,108
U0140,P0024,2.5,2025-07-01 17:15:18,139,23
U0194,P0033,2.6,2025-12-07 17:15:18,193,32
U0029,P0057,5.0,2025-09-06 17:15:18,28,56
U0095,P0191,2.3,2025-06-12 17:15:18,94,190
U0310,P0020,2.9,2025-04-05 17:15:18,309,19
U0240,P0123,2.8,2025-10-16 17:15:18,239,122
U0085,P0014,1.0,2025-09-16 17:15:18,84,13
U0332,P0109,2.4,2025-12-16 17:15:18,331,108
U0139,P0028,4.0,2026-01-31 17:15:18,138,27
U0040,P0093,3.3,2025-05-21 17:15:18,39,92
U0399,P0086,3.5,2026-03-11 17:15:18,398,85
U0123,P0073,3.5,2026-01-01 17:15:18,122,72
U0278,P0028,2.3,2026-02-20 17:15:18,277,27
U0109,P0153,1.7,2026-03-20 17:15:18,108,152
U0388,P0080,1.4,2025-12-19 17:15:18,387,79
U0283,P0052,2.8,2025-05-03 17:15:18,282,51
U0476,P0009,1.2,2025-11-22 17:15:18,475,8
U0138,P0022,2.1,2025-06-07 17:15:18,137,21
U0290,P0012,3.0,2025-06-10 17:15:18,289,11
U0405,P0124,4.5,2026-03-02 17:15:18,404,123
U0025,P0081,4.3,2026-02-06 17:15:18,24,80
U0484,P0080,2.7,2026-03-21 17:15:18,483,79
U0183,P0193,1.0,2025-11-01 17:15:18,182,192
U0491,P0102,2.4,2025-07-12 17:15:18,490,101
U0100,P0081,2.5,2025-09-06 17:15:18,99,80
U0372,P0092,4.2,2026-01-18 17:15:18,371,91
U0360,P0173,3.6,2026-02-04 17:15:18,359,172
U0170,P0105,3.8,2025-07-11 17:15:18,169,104
U0052,P0129,2.9,2026-01-08 17:15:18,51,128
U0013,P0151,5.0,2025-09-11 17:15:18,12,150
U0245,P0151,1.0,2026-03-06 17:15:18,244,150
U0149,P0042,2.1,2026-01-07 17:15:18,148,41
U0350,P0119,4.2,2026-02-13 17:15:18,349,118
U0454,P0161,1.6,2026-02-06 17:15:18,453,160
U0488,P0184,4.2,2025-11-27 17:15:18,487,183
U0453,P0056,1.9,2025-04-11 17:15:18,452,55
U0335,P0037,2.5,2026-01-02 17:15:18,334,36
U0494,P0129,4.6,2025-07-04 17:15:18,493,128
U0374,P0156,1.9,2025-04-26 17:15:18,373,155
U0268,P0197,1.0,2025-10-02 17:15:18,267,196
U0230,P0034,3.6,2025-10-03 17:15:18,229,33
U0149,P0093,3.5,2025-05-10 17:15:18,148,92
U0439,P0111,2.2,2026-03-05 17:15:18,438,110
U0457,P0183,1.7,2025-04-10 17:15:18,456,182
U0199,P0062,4.9,2025-12-09 17:15:18,198,61
U0313,P0156,2.2,2026-02-15 17:15:18,312,155
U0491,P0040,2.0,2025-06-08 17:15:18,490,39
U0322,P0128,2.6,2026-02-04 17:15:18,321,127
U0413,P0004,4.8,2026-01-11 17:15:18,412,3
U0393,P0080,5.0,2025-06-18 17:15:18,392,79
U0445,P0023,4.8,2025-07-13 17:15:18,444,22
U0049,P0117,3.7,2025-10-16 17:15:18,48,116
U0087,P0076,3.5,2026-01-02 17:15:18,86,75
U0035,P0072,3.0,2025-06-03 17:15:18,34,71
U0187,P0091,4.1,2026-02-08 17:15:18,186,90
U0037,P0046,2.6,2025-03-27 17:15:18,36,45
U0396,P0118,2.9,2025-11-13 17:15:18,395,117
U0243,P0066,2.3,2025-08-11 17:15:18,242,65
U0333,P0036,4.4,2026-01-21 17:15:18,332,35
U0498,P0146,4.4,2025-07-19 17:15:18,497,145
U0021,P0094,3.0,2025-10-30 17:15:18,20,93
U0206,P0105,2.8,2025-05-12 17:15:18,205,104
U0470,P0175,3.5,2026-01-18 17:15:18,469,174
U0226,P0094,2.0,2025-07-06 17:15:18,225,93
U0433,P0160,1.3,2025-10-16 17:15:18,432,159
U0192,P0022,4.3,2025-04-10 17:15:18,191,21
U0212,P0130,4.0,2025-08-07 17:15:18,211,129
U0135,P0175,2.3,2026-03-04 17:15:18,134,174
U0318,P0165,1.6,2026-02-24 17:15:18,317,164
U0380,P0063,5.0,2025-04-01 17:15:18,379,62
U0421,P0144,2.9,2026-03-21 17:15:18,420,143
U0080,P0027,3.6,2025-10-28 17:15:18,79,26
U0193,P0041,2.9,2025-06-07 17:15:18,192,40
U0205,P0019,3.1,2025-12-01 17:15:18,204,18
U0199,P0119,5.0,2025-04-17 17:15:18,198,118
U0048,P0090,4.3,2025-07-30 17:15:18,47,89
U0240,P0165,3.0,2025-06-25 17:15:18,239,164
U0461,P0120,2.9,2026-01-29 17:15:18,460,119
U0044,P0047,3.7,2026-01-29 17:15:18,43,46
U0470,P0102,4.3,2025-08-16 17:15:18,469,101
U0103,P0103,4.6,2025-10-08 17:15:18,102,102
U0034,P0082,2.6,2025-10-01 17:15:18,33,81
U0310,P0125,5.0,2025-12-07 17:15:18,309,124
U0360,P0190,2.7,2025-07-25 17:15:18,359,189
U0059,P0072,3.3,2025-08-05 17:15:18,58,71
U0020,P0140,3.9,2026-01-05 17:15:18,19,139
U0486,P0121,1.7,2026-01-10 17:15:18,485,120
U0328,P0055,4.8,2025-10-13 17:15:18,327,54
U0291,P0009,3.2,2025-05-22 17:15:18,290,8
U0397,P0098,5.0,2026-02-22 17:15:18,396,97
U0480,P0093,2.5,2025-08-17 17:15:18,479,92
U0243,P0055,1.9,2026-02-26 17:15:18,242,54
U0109,P0006,2.4,2025-04-09 17:15:18,108,5
U0217,P0070,4.8,2025-11-16 17:15:18,216,69
U0326,P0046,2.9,2026-02-11 17:15:18,325,45
U0073,P0018,1.5,2025-11-05 17:15:18,72,17
U0208,P0021,2.0,2025-10-24 17:15:18,207,20
U0448,P0183,2.0,2025-08-06 17:15:18,447,182
U0447,P0108,1.0,2025-06-30 17:15:18,446,107
U0110,P0172,1.7,2025-11-13 17:15:18,109,171
U0095,P0014,2.9,2026-02-06 17:15:18,94,13
U0459,P0110,2.1,2025-10-01 17:15:18,458,109
U0494,P0193,1.8,2025-10-24 17:15:18,493,192
U0085,P0051,1.0,2025-09-28 17:15:18,84,50
U0483,P0108,4.5,2025-07-22 17:15:18,482,107
U0244,P0138,5.0,2025-04-07 17:15:18,243,137
U0402,P0042,3.2,2025-04-03 17:15:18,401,41
U0224,P0091,4.3,2025-04-05 17:15:18,223,90
U0293,P0100,4.4,2026-03-20 17:15:18,292,99
U0288,P0153,3.7,2025-12-14 17:15:18,287,152
U0040,P0186,3.2,2025-04-18 17:15:18,39,185
U0297,P0158,3.6,2026-01-10 17:15:18,296,157
U0166,P0171,2.0,2025-10-14 17:15:18,165,170
U0008,P0039,1.2,2025-08-03 17:15:18,7,38
U0479,P0038,4.7,2025-07-13 17:15:18,478,37
U0443,P0082,3.8,2026-01-26 17:15:18,442,81
U0406,P0173,5.0,2025-08-29 17:15:18,405,172
U0135,P0134,2.8,2026-03-24 17:15:18,134,133
U0231,P0033,4.7,2025-05-05 17:15:18,230,32
U0231,P0164,2.1,2025-06-02 17:15:18,230,163
U0050,P0010,3.3,2025-12-04 17:15:18,49,9
U0382,P0049,1.0,2025-08-22 17:15:18,381,48
U0357,P0140,1.2,2025-12-30 17:15:18,356,139
U0308,P0097,3.2,2025-12-05 17:15:18,307,96
U0179,P0054,4.1,2025-12-18 17:15:18,178,53
U0498,P0174,3.4,2025-06-03 17:15:18,497,173
U0490,P0004,3.2,2025-09-17 17:15:18,489,3
U0417,P0094,5.0,2026-03-17 17:15:18,416,93
U0155,P0079,3.1,2025-07-11 17:15:18,154,78
U0420,P0032,5.0,2025-04-01 17:15:18,419,31
U0256,P0167,4.4,2025-08-04 17:15:18,255,166
U0212,P0106,2.8,2025-09-26 17:15:18,211,105
U0181,P0139,5.0,2025-08-19 17:15:18,180,138
U0172,P0030,1.9,2025-12-25 17:15:18,171,29
U0235,P0110,3.4,2025-09-15 17:15:18,234,109
U0091,P0142,5.0,2025-05-25 17:15:18,90,141
U0084,P0139,4.5,2025-08-14 17:15:18,83,138
U0196,P0073,2.5,2025-04-22 17:15:18,195,72
U0353,P0175,3.1,2025-08-14 17:15:18,352,174
U0325,P0073,3.8,2025-03-31 17:15:18,324,72
U0318,P0026,2.3,2026-02-09 17:15:18,317,25
U0413,P0027,4.1,2026-02-08 17:15:18,412,26
U0333,P0005,4.8,2025-05-14 17:15:18,332,4
U0478,P0106,3.2,2026-01-31 17:15:18,477,105
U0255,P0192,2.8,2025-05-10 17:15:18,254,191
U0475,P0140,2.3,2026-02-02 17:15:18,474,139
U0325,P0114,3.7,2025-07-11 17:15:18,324,113
U0298,P0009,3.4,2025-04-18 17:15:18,297,8
U0149,P0108,3.1,2025-12-07 17:15:18,148,107
U0115,P0199,2.2,2025-08-05 17:15:18,114,198
U0283,P0098,3.6,2026-01-26 17:15:18,282,97
U0101,P0121,2.4,2026-01-21 17:15:18,100,120
U0180,P0119,1.6,2025-08-26 17:15:18,179,118
U0465,P0166,1.7,2025-03-30 17:15:18,464,165
U0402,P0190,1.5,2025-09-04 17:15:18,401,189
U0004,P0096,3.7,2025-12-01 17:15:18,3,95
U0260,P0073,3.7,2025-11-08 17:15:18,259,72
U0451,P0169,3.2,2025-11-10 17:15:18,450,168
U0158,P0107,4.2,2025-04-15 17:15:18,157,106
U0124,P0002,3.3,2025-08-25 17:15:18,123,1
U0017,P0004,2.2,2026-03-12 17:15:18,16,3
U0079,P0096,2.5,2025-07-03 17:15:18,78,95
U0420,P0190,2.3,2025-05-22 17:15:18,419,189
U0163,P0086,3.8,2025-12-28 17:15:18,162,85
U0492,P0147,4.5,2025-08-17 17:15:18,491,146
U0124,P0143,2.7,2025-09-06 17:15:18,123,142
U0099,P0158,1.3,2025-04-30 17:15:18,98,157
U0202,P0014,3.6,2025-06-03 17:15:18,201,13
U0220,P0033,2.7,2025-05-04 17:15:18,219,32
U0200,P0187,4.2,2025-12-27 17:15:18,199,186
U0207,P0082,2.5,2025-07-04 17:15:18,206,81
U0082,P0112,3.5,2025-11-27 17:15:18,81,111
U0051,P0182,4.2,2026-01-20 17:15:18,50,181
U0259,P0031,3.0,2025-05-06 17:15:18,258,30
U0296,P0101,2.3,2025-05-08 17:15:18,295,100
U0470,P0067,3.5,2025-06-15 17:15:18,469,66
U0082,P0083,2.2,2025-12-11 17:15:18,81,82
U0048,P0024,4.3,2026-03-12 17:15:18,47,23
U0224,P0003,3.7,2025-05-08 17:15:18,223,2
U0395,P0152,1.7,2026-01-06 17:15:18,394,151
U0015,P0159,2.0,2025-03-28 17:15:18,14,158
U0279,P0021,2.0,2025-06-06 17:15:18,278,20
U0196,P0007,3.2,2026-01-18 17:15:18,195,6
U0233,P0163,3.7,2025-05-06 17:15:18,232,162
U0399,P0092,3.3,2025-12-20 17:15:18,398,91
U0460,P0057,2.9,2025-10-24 17:15:18,459,56
U0100,P0138,2.9,2025-11-20 17:15:18,99,137
U0372,P0200,1.0,2025-09-13 17:15:18,371,199
U0395,P0067,1.9,2025-04-22 17:15:18,394,66
U0027,P0071,2.2,2026-02-11 17:15:18,26,70
U0479,P0037,4.2,2025-05-08 17:15:18,478,36
U0012,P0164,2.2,2025-06-02 17:15:18,11,163
U0444,P0027,1.8,2026-01-28 17:15:18,443,26
U0236,P0153,2.0,2026-01-22 17:15:18,235,152
U0055,P0037,4.0,2025-11-01 17:15:18,54,36
U0135,P0047,4.6,2026-02-06 17:15:18,134,46
U0040,P0127,4.4,2025-09-21 17:15:18,39,126
U0468,P0054,2.7,2025-09-06 17:15:18,467,53
U0052,P0126,3.7,2026-03-14 17:15:18,51,125
U0212,P0019,3.5,2025-07-19 17:15:18,211,18
U0492,P0161,3.4,2026-02-14 17:15:18,491,160
U0108,P0176,1.0,2025-08-23 17:15:18,107,175
U0193,P0081,3.1,2025-05-05 17:15:18,192,80
U0466,P0116,2.2,2026-01-02 17:15:18,465,115
U0093,P0077,2.2,2026-03-20 17:15:18,92,76
U0463,P0046,2.5,2025-04-22 17:15:18,462,45
U0291,P0162,2.6,2025-05-19 17:15:18,290,161
U0438,P0009,2.6,2026-01-24 17:15:18,437,8
U0500,P0088,1.6,2025-09-29 17:15:18,499,87
U0248,P0158,3.8,2025-05-22 17:15:18,247,157
U0280,P0002,2.5,2026-01-03 17:15:18,279,1
U0268,P0190,3.9,2025-11-15 17:15:18,267,189
U0475,P0032,3.7,2025-12-17 17:15:18,474,31
U0311,P0008,2.0,2025-06-24 17:15:18,310,7
U0012,P0133,5.0,2025-07-06 17:15:18,11,132
U0111,P0094,2.8,2026-01-26 17:15:18,110,93
U0461,P0056,2.9,2026-03-10 17:15:18,460,55
U0168,P0036,2.9,2025-12-03 17:15:18,167,35
U0043,P0187,3.9,2025-04-05 17:15:18,42,186
U0482,P0033,4.4,2025-11-08 17:15:18,481,32
U0141,P0124,4.7,2025-12-13 17:15:18,140,123
U0489,P0024,5.0,2025-09-28 17:15:18,488,23
U0363,P0142,1.8,2025-04-26 17:15:18,362,141
U0382,P0127,3.1,2025-08-14 17:15:18,381,126
U0263,P0103,1.9,2025-12-17 17:15:18,262,102
U0129,P0045,1.9,2025-12-14 17:15:18,128,44
U0352,P0184,3.4,2025-11-02 17:15:18,351,183
U0493,P0101,1.6,2026-02-01 17:15:18,492,100
U0299,P0197,4.2,2025-05-29 17:15:18,298,196
U0407,P0053,4.8,2025-07-19 17:15:18,406,52
U0222,P0115,2.5,2025-08-21 17:15:18,221,114
U0306,P0192,5.0,2025-11-06 17:15:18,305,191
U0418,P0082,1.0,2025-05-11 17:15:18,417,81
U0056,P0156,1.2,2025-09-10 17:15:18,55,155
U0220,P0052,1.0,2025-06-08 17:15:18,219,51
U0181,P0096,1.8,2025-05-06 17:15:18,180,95
U0420,P0017,2.7,2025-08-07 17:15:18,419,16
U0086,P0009,2.6,2025-07-07 17:15:18,85,8
U0130,P0151,4.1,2025-08-28 17:15:18,129,150
U0151,P0155,2.6,2025-04-29 17:15:18,150,154
U0181,P0102,3.3,2026-03-10 17:15:18,180,101
U0415,P0083,2.7,2025-08-18 17:15:18,414,82
U0405,P0048,3.2,2025-09-23 17:15:18,404,47
U0126,P0019,1.0,2025-12-05 17:15:18,125,18
U0337,P0096,2.8,2025-09-16 17:15:18,336,95
U0075,P0200,2.8,2025-10-16 17:15:18,74,199
U0063,P0003,2.1,2025-10-13 17:15:18,62,2
U0110,P0120,3.0,2025-06-08 17:15:18,109,119
U0408,P0083,4.1,2025-11-26 17:15:18,407,82
U0288,P0017,1.6,2025-09-09 17:15:18,287,16
U0146,P0155,2.5,2025-12-07 17:15:18,145,154
U0270,P0056,1.0,2026-02-01 17:15:18,269,55
U0288,P0072,3.7,2025-05-18 17:15:18,287,71
U0485,P0172,3.8,2026-02-15 17:15:18,484,171
U0294,P0166,3.6,2025-08-22 17:15:18,293,165
U0350,P0194,3.5,2025-08-15 17:15:18,349,193
U0163,P0082,3.5,2025-12-14 17:15:18,162,81
U0101,P0013,1.7,2025-07-16 17:15:18,100,12
U0256,P0012,3.4,2025-11-05 17:15:18,255,11
U0216,P0031,3.3,2026-01-21 17:15:18,215,30
U0232,P0044,3.1,2025-05-22 17:15:18,231,43
U0168,P0152,2.1,2025-09-10 17:15:18,167,151
U0122,P0148,2.0,2026-03-15 17:15:18,121,147
U0146,P0005,1.9,2025-04-30 17:15:18,145,4
U0402,P0148,2.8,2026-03-23 17:15:18,401,147
U0467,P0119,4.0,2025-10-31 17:15:18,466,118
U0068,P0104,1.3,2026-03-07 17:15:18,67,103
U0459,P0137,4.9,2025-06-28 17:15:18,458,136
U0021,P0087,3.9,2025-04-29 17:15:18,20,86
U0009,P0018,3.8,2025-07-28 17:15:18,8,17
U0049,P0107,3.2,2025-10-22 17:15:18,48,106
U0141,P0082,5.0,2025-09-29 17:15:18,140,81
U0205,P0021,4.0,2025-06-14 17:15:18,204,20
U0397,P0081,3.2,2025-07-16 17:15:18,396,80
U0314,P0013,2.2,2025-09-05 17:15:18,313,12
U0153,P0179,3.3,2025-08-05 17:15:18,152,178
U0253,P0165,3.4,2026-01-22 17:15:18,252,164
U0432,P0096,2.6,2025-05-13 17:15:18,431,95
U0053,P0008,3.7,2025-12-01 17:15:18,52,7
U0025,P0003,4.7,2026-01-13 17:15:18,24,2
U0054,P0083,1.9,2025-04-07 17:15:18,53,82
U0371,P0112,3.9,2025-11-30 17:15:18,370,111
U0088,P0023,3.7,2025-12-18 17:15:18,87,22
U0371,P0095,2.8,2025-06-23 17:15:18,370,94
U0003,P0177,2.4,2026-02-27 17:15:18,2,176
U0133,P0012,3.4,2026-01-28 17:15:18,132,11
U0025,P0078,1.9,2026-02-15 17:15:18,24,77
U0136,P0085,1.6,2025-04-07 17:15:18,135,84
U0314,P0098,2.0,2025-11-07 17:15:18,313,97
U0358,P0044,4.8,2026-01-14 17:15:18,357,43
U0299,P0118,3.8,2026-01-23 17:15:18,298,117
U0065,P0082,1.2,2026-01-09 17:15:18,64,81
U0386,P0150,4.3,2025-08-26 17:15:18,385,149
U0327,P0115,2.8,2025-04-17 17:15:18,326,114
U0063,P0134,1.1,2025-06-28 17:15:18,62,133
U0124,P0148,3.6,2025-07-24 17:15:18,123,147
U0339,P0126,2.6,2025-11-02 17:15:18,338,125
U0165,P0198,5.0,2025-07-21 17:15:18,164,197
U0116,P0024,2.9,2025-11-10 17:15:18,115,23
U0393,P0076,5.0,2025-03-26 17:15:18,392,75
U0043,P0091,5.0,2025-06-13 17:15:18,42,90
U0428,P0063,1.9,2025-04-22 17:15:18,427,62
U0332,P0189,2.2,2025-12-10 17:15:18,331,188
U0356,P0020,3.0,2026-02-15 17:15:18,355,19
U0031,P0055,3.8,2026-03-19 17:15:18,30,54
U0344,P0056,2.5,2025-07-29 17:15:18,343,55
U0420,P0099,3.2,2025-12-19 17:15:18,419,98
U0250,P0027,3.6,2025-10-02 17:15:18,249,26
U0107,P0152,3.3,2025-06-28 17:15:18,106,151
U0264,P0081,1.0,2025-10-17 17:15:18,263,80
U0363,P0117,2.5,2025-04-24 17:15:18,362,116
U0079,P0130,4.3,2026-01-30 17:15:18,78,129
U0469,P0034,4.2,2025-12-03 17:15:18,468,33
U0470,P0094,2.2,2025-09-09 17:15:18,469,93
U0500,P0116,2.6,2025-05-12 17:15:18,499,115
U0400,P0103,4.0,2025-12-19 17:15:18,399,102
U0036,P0072,4.4,2025-08-21 17:15:18,35,71
U0085,P0176,2.1,2025-10-19 17:15:18,84,175
U0488,P0148,3.5,2025-04-28 17:15:18,487,147
U0053,P0038,2.3,2025-08-01 17:15:18,52,37
U0449,P0028,5.0,2026-01-28 17:15:18,448,27
U0124,P0005,2.3,2025-08-02 17:15:18,123,4
U0096,P0069,2.5,2026-03-11 17:15:18,95,68
U0244,P0170,2.0,2025-06-27 17:15:18,243,169
U0232,P0091,5.0,2025-11-10 17:15:18,231,90
U0061,P0141,4.5,2026-02-10 17:15:18,60,140
U0109,P0039,4.5,2025-09-03 17:15:18,108,38
U0258,P0111,4.1,2025-07-08 17:15:18,257,110
U0171,P0014,2.5,2025-08-12 17:15:18,170,13
U0140,P0095,1.0,2026-02-03 17:15:18,139,94
U0026,P0167,3.2,2025-09-11 17:15:18,25,166
U0375,P0109,4.1,2025-12-16 17:15:18,374,108
U0151,P0049,4.4,2025-08-31 17:15:18,150,48
U0091,P0153,1.8,2025-11-04 17:15:18,90,152
U0272,P0156,2.1,2025-07-16 17:15:18,271,155
U0266,P0111,2.1,2026-01-29 17:15:18,265,110
U0349,P0013,3.5,2025-04-29 17:15:18,348,12
U0128,P0029,2.1,2025-12-03 17:15:18,127,28
U0059,P0014,4.6,2026-03-07 17:15:18,58,13
U0295,P0069,4.4,2025-11-23 17:15:18,294,68
U0034,P0137,1.2,2026-02-02 17:15:18,33,136
U0142,P0058,2.4,2025-05-12 17:15:18,141,57
U0359,P0184,1.8,2025-08-30 17:15:18,358,183
U0201,P0101,1.0,2026-02-02 17:15:18,200,100
U0422,P0178,4.1,2025-11-08 17:15:18,421,177
U0254,P0053,4.7,2025-12-28 17:15:18,253,52
U0178,P0164,3.0,2025-10-29 17:15:18,177,163
U0362,P0153,2.7,2025-10-29 17:15:18,361,152
U0376,P0001,2.6,2026-02-05 17:15:18,375,0
U0095,P0129,3.5,2025-04-01 17:15:18,94,128
U0319,P0123,4.8,2025-10-20 17:15:18,318,122
U0437,P0177,2.9,2025-11-23 17:15:18,436,176
U0088,P0081,1.0,2025-04-11 17:15:18,87,80
U0036,P0043,3.8,2025-12-20 17:15:18,35,42
U0171,P0117,3.9,2026-01-12 17:15:18,170,116
U0493,P0004,2.6,2025-04-18 17:15:18,492,3
U0243,P0110,3.2,2025-10-05 17:15:18,242,109
U0011,P0046,4.6,2025-11-10 17:15:18,10,45
U0452,P0020,2.8,2025-12-28 17:15:18,451,19
U0348,P0195,5.0,2026-03-21 17:15:18,347,194
U0305,P0091,2.5,2025-07-26 17:15:18,304,90
U0299,P0001,3.0,2025-07-18 17:15:18,298,0
U0448,P0064,4.6,2025-07-27 17:15:18,447,63
U0057,P0012,1.3,2026-03-17 17:15:18,56,11
U0291,P0175,1.0,2025-10-28 17:15:18,290,174
U0428,P0059,3.3,2025-06-30 17:15:18,427,58
U0258,P0043,3.3,2026-01-09 17:15:18,257,42
U0397,P0025,3.3,2026-02-02 17:15:18,396,24
U0156,P0189,3.4,2025-10-05 17:15:18,155,188
U0232,P0126,3.1,2025-09-27 17:15:18,231,125
U0280,P0066,3.4,2025-04-20 17:15:18,279,65
U0250,P0065,5.0,2025-09-20 17:15:18,249,64
U0424,P0091,2.5,2025-10-22 17:15:18,423,90
U0364,P0086,2.3,2025-07-03 17:15:18,363,85
U0397,P0170,2.4,2025-05-24 17:15:18,396,169
U0248,P0029,5.0,2025-11-07 17:15:18,247,28
U0352,P0133,1.8,2025-05-02 17:15:18,351,132
U0011,P0038,5.0,2025-08-27 17:15:18,10,37
U0439,P0057,2.7,2025-04-22 17:15:18,438,56
U0073,P0092,2.3,2025-07-14 17:15:18,72,91
U0016,P0063,5.0,2025-06-03 17:15:18,15,62
U0380,P0179,2.9,2025-08-17 17:15:18,379,178
U0185,P0053,2.1,2026-02-08 17:15:18,184,52
U0100,P0097,1.3,2025-05-02 17:15:18,99,96
U0056,P0071,5.0,2025-05-09 17:15:18,55,70
U0348,P0140,5.0,2025-08-07 17:15:18,347,139
U0491,P0135,5.0,2025-12-26 17:15:18,490,134
U0136,P0174,5.0,2025-09-28 17:15:18,135,173
U0455,P0085,3.8,2025-09-06 17:15:18,454,84
U0302,P0107,2.1,2025-11-04 17:15:18,301,106
U0159,P0049,1.0,2026-03-04 17:15:18,158,48
U0297,P0134,4.5,2025-03-31 17:15:18,296,133
U0176,P0157,4.5,2026-01-22 17:15:18,175,156
U0222,P0117,3.5,2025-06-08 17:15:18,221,116
U0496,P0089,5.0,2025-10-29 17:15:18,495,88
U0057,P0003,3.0,2025-07-13 17:15:18,56,2
U0475,P0176,4.4,2026-01-09 17:15:18,474,175
U0239,P0175,2.3,2026-01-08 17:15:18,238,174
U0268,P0075,3.1,2025-05-10 17:15:18,267,74
U0286,P0171,3.9,2026-01-01 17:15:18,285,170
U0156,P0125,2.5,2025-10-29 17:15:18,155,124
U0034,P0076,4.1,2026-03-18 17:15:18,33,75
U0233,P0011,5.0,2025-12-04 17:15:18,232,10
U0145,P0152,2.5,2026-01-21 17:15:18,144,151
U0028,P0126,4.8,2025-10-20 17:15:18,27,125
U0003,P0111,1.5,2025-09-26 17:15:18,2,110
U0339,P0001,2.5,2026-02-28 17:15:18,338,0
U0129,P0036,1.9,2025-09-27 17:15:18,128,35
U0450,P0073,3.2,2025-07-11 17:15:18,449,72
U0341,P0197,2.5,2025-06-11 17:15:18,340,196
U0080,P0023,4.7,2025-11-07 17:15:18,79,22
U0074,P0188,3.6,2025-12-15 17:15:18,73,187
U0222,P0150,3.2,2026-02-12 17:15:18,221,149
U0149,P0057,2.8,2026-03-09 17:15:18,148,56
U0243,P0091,3.0,2025-11-18 17:15:18,242,90
U0416,P0174,2.5,2025-05-03 17:15:18,415,173
U0205,P0026,3.5,2025-11-12 17:15:18,204,25
U0472,P0078,2.2,2025-05-24 17:15:18,471,77
U0160,P0045,2.1,2025-06-10 17:15:18,159,44
U0224,P0174,1.5,2025-10-11 17:15:18,223,173
U0412,P0149,1.0,2026-01-13 17:15:18,411,148
U0350,P0197,1.8,2025-12-13 17:15:18,349,196
U0129,P0035,4.2,2025-08-24 17:15:18,128,34
U0284,P0052,1.2,2025-10-22 17:15:18,283,51
U0157,P0022,4.0,2025-10-24 17:15:18,156,21
U0291,P0161,5.0,2025-08-01 17:15:18,290,160
U0280,P0047,5.0,2025-09-14 17:15:18,279,46
U0401,P0112,4.1,2026-02-04 17:15:18,400,111
U0071,P0135,4.4,2025-08-11 17:15:18,70,134
U0356,P0081,5.0,2025-07-11 17:15:18,355,80
U0479,P0176,3.3,2025-03-26 17:15:18,478,175
U0184,P0120,1.9,2025-09-25 17:15:18,183,119
U0219,P0120,1.3,2025-08-22 17:15:18,218,119
U0493,P0106,3.7,2025-08-01 17:15:18,492,105
U0015,P0144,4.0,2026-03-12 17:15:18,14,143
U0491,P0197,1.9,2025-08-22 17:15:18,490,196
U0046,P0194,3.7,2026-01-13 17:15:18,45,193
U0315,P0078,1.7,2025-11-21 17:15:18,314,77
U0298,P0132,2.9,2025-09-15 17:15:18,297,131
U0066,P0159,5.0,2025-06-20 17:15:18,65,158
U0461,P0145,1.0,2025-10-26 17:15:18,460,144
U0028,P0194,2.9,2025-09-05 17:15:18,27,193
U0065,P0104,3.7,2025-04-16 17:15:18,64,103
U0004,P0119,2.6,2025-07-03 17:15:18,3,118
U0236,P0014,4.5,2026-02-10 17:15:18,235,13
U0029,P0070,3.8,2025-04-27 17:15:18,28,69
U0055,P0086,2.4,2025-05-25 17:15:18,54,85
U0050,P0075,2.3,2025-06-09 17:15:18,49,74
U0170,P0016,3.5,2026-01-22 17:15:18,169,15
U0380,P0150,4.4,2025-04-14 17:15:18,379,149
U0262,P0190,2.7,2026-02-26 17:15:18,261,189
U0360,P0053,1.2,2025-07-04 17:15:18,359,52
U0074,P0144,2.1,2025-07-15 17:15:18,73,143
U0070,P0058,4.9,2025-04-14 17:15:18,69,57
U0328,P0040,2.5,2025-10-22 17:15:18,327,39
U0322,P0080,4.7,2026-03-22 17:15:18,321,79
U0413,P0125,5.0,2025-05-10 17:15:18,412,124
U0353,P0052,3.5,2026-01-26 17:15:18,352,51
U0035,P0001,4.1,2026-01-06 17:15:18,34,0
U0310,P0031,3.5,2025-07-02 17:15:18,309,30
U0050,P0064,1.0,2025-12-11 17:15:18,49,63
U0054,P0122,3.8,2026-03-13 17:15:18,53,121
U0427,P0130,3.7,2025-08-10 17:15:18,426,129
U0201,P0015,4.4,2026-01-22 17:15:18,200,14
U0154,P0104,3.8,2025-07-21 17:15:18,153,103
U0095,P0061,3.7,2025-06-19 17:15:18,94,60
U0134,P0157,2.2,2025-04-11 17:15:18,133,156
U0316,P0032,3.1,2025-08-16 17:15:18,315,31
U0075,P0163,4.5,2026-03-14 17:15:18,74,162
U0095,P0037,5.0,2025-04-23 17:15:18,94,36
U0124,P0044,3.9,2025-07-07 17:15:18,123,43
U0380,P0180,2.8,2025-06-19 17:15:18,379,179
U0103,P0122,5.0,2025-07-23 17:15:18,102,121
U0149,P0075,1.7,2025-04-18 17:15:18,148,74
U0052,P0151,4.4,2025-07-16 17:15:18,51,150
U0189,P0171,1.8,2025-11-05 17:15:18,188,170
U0201,P0099,3.4,2025-04-02 17:15:18,200,98
U0410,P0028,2.7,2025-07-31 17:15:18,409,27
U0214,P0109,2.8,2026-01-09 17:15:18,213,108
U0015,P0073,3.2,2025-08-03 17:15:18,14,72
U0062,P0145,3.2,2025-09-07 17:15:18,61,144
U0006,P0149,5.0,2025-10-21 17:15:18,5,148
U0018,P0166,3.0,2025-04-26 17:15:18,17,165
U0458,P0169,3.7,2025-05-12 17:15:18,457,168
U0228,P0011,2.7,2025-09-25 17:15:18,227,10
U0493,P0036,3.3,2025-07-29 17:15:18,492,35
U0452,P0186,3.4,2025-08-03 17:15:18,451,185
U0142,P0003,1.2,2026-01-03 17:15:18,141,2
U0439,P0129,5.0,2025-12-08 17:15:18,438,128
U0179,P0181,3.3,2025-06-30 17:15:18,178,180
U0200,P0132,1.0,2026-02-21 17:15:18,199,131
U0090,P0168,1.9,2026-01-07 17:15:18,89,167
U0181,P0168,5.0,2025-06-10 17:15:18,180,167
U0174,P0118,3.9,2026-01-13 17:15:18,173,117
U0338,P0078,4.9,2025-09-05 17:15:18,337,77
U0035,P0166,3.8,2025-07-21 17:15:18,34,165
U0193,P0121,4.1,2025-05-19 17:15:18,192,120
U0338,P0047,2.4,2025-06-04 17:15:18,337,46
U0363,P0130,3.6,2025-04-22 17:15:18,362,129
U0270,P0067,1.6,2026-01-18 17:15:18,269,66
U0358,P0083,1.7,2025-05-28 17:15:18,357,82
U0490,P0149,3.5,2025-09-28 17:15:18,489,148
U0300,P0159,4.0,2025-08-31 17:15:18,299,158
U0035,P0012,3.9,2026-03-10 17:15:18,34,11
U0437,P0188,1.8,2026-01-03 17:15:18,436,187
U0119,P0025,3.9,2025-04-19 17:15:18,118,24
U0055,P0128,1.6,2025-04-12 17:15:18,54,127
U0244,P0083,4.0,2025-11-27 17:15:18,243,82
U0396,P0188,2.5,2025-11-24 17:15:18,395,187
U0054,P0045,3.5,2025-09-10 17:15:18,53,44
U0387,P0108,1.1,2026-02-21 17:15:18,386,107
U0032,P0157,3.2,2025-11-17 17:15:18,31,156
U0059,P0010,4.7,2026-02-16 17:15:18,58,9
U0227,P0196,1.0,2025-09-15 17:15:18,226,195
U0311,P0162,3.8,2026-03-10 17:15:18,310,161
U0473,P0045,5.0,2025-10-12 17:15:18,472,44
U0056,P0179,4.0,2025-08-07 17:15:18,55,178
U0194,P0035,1.9,2025-05-03 17:15:18,193,34
U0294,P0143,5.0,2025-12-13 17:15:18,293,142
U0101,P0065,2.7,2025-07-17 17:15:18,100,64
U0225,P0174,2.5,2025-10-30 17:15:18,224,173
U0116,P0052,2.7,2026-01-02 17:15:18,115,51
U0223,P0136,3.8,2025-12-17 17:15:18,222,135
U0045,P0150,2.9,2026-03-13 17:15:18,44,149
U0323,P0172,2.0,2026-02-04 17:15:18,322,171
U0105,P0009,3.0,2026-01-13 17:15:18,104,8
U0458,P0002,3.7,2025-09-22 17:15:18,457,1
U0397,P0105,1.5,2025-06-08 17:15:18,396,104
U0280,P0019,4.0,2025-10-02 17:15:18,279,18
U0095,P0175,1.9,2025-05-01 17:15:18,94,174
U0271,P0128,2.5,2025-12-18 17:15:18,270,127
U0427,P0054,5.0,2025-06-06 17:15:18,426,53
U0424,P0122,3.5,2025-07-12 17:15:18,423,121
U0181,P0092,1.2,2025-05-13 17:15:18,180,91
U0461,P0144,3.8,2026-01-14 17:15:18,460,143
U0411,P0018,4.1,2025-08-13 17:15:18,410,17
U0219,P0161,2.3,2025-09-14 17:15:18,218,160
U0448,P0019,4.3,2025-06-07 17:15:18,447,18
U0041,P0033,3.0,2025-07-04 17:15:18,40,32
U0153,P0026,5.0,2026-01-24 17:15:18,152,25
U0256,P0060,3.0,2026-02-27 17:15:18,255,59
U0308,P0139,2.1,2025-10-07 17:15:18,307,138
U0012,P0058,1.8,2025-10-28 17:15:18,11,57
U0473,P0065,3.9,2025-09-07 17:15:18,472,64
U0361,P0092,4.6,2026-02-19 17:15:18,360,91
U0447,P0041,2.5,2025-10-29 17:15:18,446,40
U0039,P0137,3.8,2025-06-04 17:15:18,38,136
U0124,P0133,4.1,2025-05-17 17:15:18,123,132
U0257,P0080,3.4,2025-09-02 17:15:18,256,79
U0317,P0015,2.2,2025-06-19 17:15:18,316,14
U0358,P0029,1.0,2025-05-31 17:15:18,357,28
U0242,P0068,3.5,2025-04-25 17:15:18,241,67
U0016,P0009,4.3,2025-10-03 17:15:18,15,8
U0216,P0067,1.7,2025-12-13 17:15:18,215,66
U0172,P0196,4.4,2026-02-23 17:15:18,171,195
U0072,P0053,2.6,2025-06-18 17:15:18,71,52
U0419,P0188,1.5,2025-10-08 17:15:18,418,187
U0474,P0194,3.4,2025-04-20 17:15:18,473,193
U0468,P0016,4.4,2025-11-25 17:15:18,467,15
U0253,P0019,2.9,2025-06-10 17:15:18,252,18
U0464,P0157,2.1,2025-03-31 17:15:18,463,156
U0428,P0196,3.0,2026-03-07 17:15:18,427,195
U0178,P0019,2.2,2025-08-24 17:15:18,177,18
U0307,P0190,4.6,2025-05-16 17:15:18,306,189
U0476,P0021,2.1,2025-06-16 17:15:18,475,20
U0246,P0034,3.6,2025-11-07 17:15:18,245,33
U0371,P0011,5.0,2026-01-31 17:15:18,370,10
U0019,P0128,1.7,2025-07-09 17:15:18,18,127
U0116,P0167,3.4,2025-09-27 17:15:18,115,166
U0221,P0123,2.1,2025-10-21 17:15:18,220,122
U0401,P0059,1.3,2026-03-15 17:15:18,400,58
U0477,P0015,1.0,2026-03-12 17:15:18,476,14
U0397,P0051,3.8,2025-06-25 17:15:18,396,50
U0312,P0098,2.6,2025-04-10 17:15:18,311,97
U0351,P0189,2.4,2026-03-16 17:15:18,350,188
U0283,P0124,2.4,2026-02-27 17:15:18,282,123
U0199,P0197,4.0,2025-09-13 17:15:18,198,196
U0357,P0033,3.5,2025-08-17 17:15:18,356,32
U0360,P0110,2.3,2025-06-17 17:15:18,359,109
U0071,P0030,3.4,2025-08-13 17:15:18,70,29
U0061,P0158,2.2,2025-09-18 17:15:18,60,157
U0181,P0050,3.1,2025-10-01 17:15:18,180,49
U0224,P0015,3.9,2025-11-24 17:15:18,223,14
U0119,P0024,1.9,2025-05-28 17:15:18,118,23
U0006,P0059,4.1,2025-08-26 17:15:18,5,58
U0455,P0138,4.3,2025-06-08 17:15:18,454,137
U0024,P0004,3.0,2025-11-18 17:15:18,23,3
U0417,P0015,2.5,2026-02-14 17:15:18,416,14
U0030,P0033,1.0,2025-08-13 17:15:18,29,32
U0093,P0073,1.0,2026-03-03 17:15:18,92,72
U0161,P0090,4.4,2025-05-21 17:15:18,160,89
U0336,P0063,3.6,2025-10-27 17:15:18,335,62
U0067,P0156,2.7,2025-09-03 17:15:18,66,155
U0246,P0169,2.5,2026-01-22 17:15:18,245,168
U0337,P0020,1.5,2026-02-14 17:15:18,336,19
U0129,P0140,2.5,2025-12-10 17:15:18,128,139
U0254,P0181,2.8,2025-09-24 17:15:18,253,180
U0228,P0183,3.9,2025-10-22 17:15:18,227,182
U0483,P0094,1.1,2025-06-16 17:15:18,482,93
U0150,P0168,2.3,2025-11-20 17:15:18,149,167
U0270,P0069,1.5,2025-10-13 17:15:18,269,68
U0358,P0139,4.6,2025-07-11 17:15:18,357,138
U0054,P0014,2.2,2025-09-29 17:15:18,53,13
U0462,P0106,2.0,2025-03-29 17:15:18,461,105
U0487,P0160,3.4,2025-07-20 17:15:18,486,159
U0144,P0021,2.5,2025-12-11 17:15:18,143,20
U0467,P0036,3.0,2025-07-02 17:15:18,466,35
U0119,P0079,1.5,2025-06-15 17:15:18,118,78
U0108,P0032,1.1,2025-09-16 17:15:18,107,31
U0372,P0037,4.1,2026-03-07 17:15:18,371,36
U0121,P0179,2.2,2025-08-12 17:15:18,120,178
U0333,P0196,4.6,2025-08-05 17:15:18,332,195
U0488,P0030,3.9,2026-03-15 17:15:18,487,29
U0256,P0009,2.7,2025-11-07 17:15:18,255,8
U0143,P0151,1.0,2025-09-10 17:15:18,142,150
U0154,P0022,5.0,2026-02-23 17:15:18,153,21
U0143,P0157,3.8,2025-09-10 17:15:18,142,156
U0254,P0005,4.7,2025-09-11 17:15:18,253,4
U0197,P0114,3.2,2026-03-03 17:15:18,196,113
U0115,P0053,4.3,2025-09-12 17:15:18,114,52
U0095,P0169,1.2,2025-08-17 17:15:18,94,168
U0273,P0014,3.0,2025-04-21 17:15:18,272,13
U0157,P0009,3.6,2025-06-21 17:15:18,156,8
U0391,P0090,2.5,2026-03-12 17:15:18,390,89
U0466,P0156,3.2,2025-10-04 17:15:18,465,155
U0473,P0068,2.8,2025-05-27 17:15:18,472,67
U0111,P0194,3.3,2026-03-11 17:15:18,110,193
U0175,P0186,3.0,2025-05-11 17:15:18,174,185
U0223,P0110,5.0,2026-02-24 17:15:18,222,109
U0414,P0028,3.9,2025-06-15 17:15:18,413,27
U0199,P0185,4.6,2025-04-12 17:15:18,198,184
U0148,P0137,3.9,2025-07-31 17:15:18,147,136
U0218,P0147,4.4,2025-06-08 17:15:18,217,146
U0394,P0133,2.3,2025-11-12 17:15:18,393,132
U0084,P0098,2.6,2025-07-29 17:15:18,83,97
U0382,P0061,1.0,2026-01-17 17:15:18,381,60
U0465,P0004,1.0,2025-11-02 17:15:18,464,3
U0410,P0175,2.8,2025-11-05 17:15:18,409,174
U0044,P0064,2.6,2025-06-21 17:15:18,43,63
U0152,P0087,2.2,2025-06-06 17:15:18,151,86
U0203,P0010,2.4,2025-05-14 17:15:18,202,9
U0141,P0093,5.0,2025-11-08 17:15:18,140,92
U0338,P0065,3.7,2025-04-25 17:15:18,337,64
U0415,P0198,3.0,2025-05-18 17:15:18,414,197
U0007,P0032,3.4,2025-10-19 17:15:18,6,31
U0292,P0170,2.8,2025-10-12 17:15:18,291,169
U0429,P0068,2.3,2025-12-24 17:15:18,428,67
U0228,P0119,2.1,2026-03-17 17:15:18,227,118
U0226,P0003,4.3,2025-07-30 17:15:18,225,2
U0019,P0092,3.7,2025-07-23 17:15:18,18,91
U0327,P0143,2.6,2025-12-04 17:15:18,326,142
U0210,P0015,1.0,2025-06-02 17:15:18,209,14
U0481,P0021,3.6,2025-11-04 17:15:18,480,20
U0460,P0157,5.0,2025-06-16 17:15:18,459,156
U0161,P0017,3.8,2025-08-12 17:15:18,160,16
U0093,P0067,3.6,2025-11-04 17:15:18,92,66
U0133,P0127,5.0,2026-01-19 17:15:18,132,126
U0117,P0162,2.7,2025-12-26 17:15:18,116,161
U0076,P0159,1.7,2025-04-24 17:15:18,75,158
U0026,P0060,1.6,2026-01-26 17:15:18,25,59
U0336,P0010,3.2,2025-12-21 17:15:18,335,9
U0351,P0130,1.7,2025-08-12 17:15:18,350,129
U0297,P0082,4.2,2026-03-04 17:15:18,296,81
U0284,P0184,1.3,2025-11-29 17:15:18,283,183
U0032,P0183,2.2,2025-11-13 17:15:18,31,182
U0500,P0066,2.5,2026-03-17 17:15:18,499,65
U0348,P0091,2.8,2025-06-22 17:15:18,347,90
U0368,P0012,1.4,2025-05-22 17:15:18,367,11
U0121,P0090,3.7,2026-01-29 17:15:18,120,89
U0040,P0130,3.4,2025-08-10 17:15:18,39,129
U0058,P0131,1.0,2026-02-14 17:15:18,57,130
U0122,P0053,2.4,2025-10-10 17:15:18,121,52
U0293,P0096,2.5,2025-04-11 17:15:18,292,95
U0213,P0019,4.2,2025-05-01 17:15:18,212,18
U0219,P0073,3.9,2026-01-11 17:15:18,218,72
U0013,P0084,3.8,2025-05-19 17:15:18,12,83
U0404,P0093,2.4,2025-10-05 17:15:18,403,92
U0500,P0105,1.4,2025-04-26 17:15:18,499,104
U0192,P0121,4.8,2025-10-26 17:15:18,191,120
U0319,P0008,4.2,2026-01-02 17:15:18,318,7
U0189,P0012,2.1,2025-10-28 17:15:18,188,11
U0477,P0039,2.1,2025-05-27 17:15:18,476,38
U0014,P0028,3.9,2025-05-18 17:15:18,13,27
U0109,P0081,2.8,2025-07-07 17:15:18,108,80
U0367,P0200,1.9,2025-07-08 17:15:18,366,199
U0402,P0149,2.9,2025-03-26 17:15:18,401,148
U0177,P0056,1.3,2025-09-13 17:15:18,176,55
U0426,P0150,1.0,2026-03-09 17:15:18,425,149
U0337,P0186,1.9,2026-01-08 17:15:18,336,185
U0196,P0196,4.7,2025-04-27 17:15:18,195,195
U0041,P0020,3.5,2025-12-01 17:15:18,40,19
U0290,P0129,5.0,2025-06-04 17:15:18,289,128
U0323,P0141,3.0,2025-08-23 17:15:18,322,140
U0276,P0188,3.1,2026-01-22 17:15:18,275,187
U0434,P0136,1.9,2026-02-27 17:15:18,433,135
U0311,P0121,2.7,2025-04-22 17:15:18,310,120
U0269,P0134,2.0,2025-08-12 17:15:18,268,133
U0163,P0069,4.6,2025-12-16 17:15:18,162,68
U0429,P0148,3.0,2025-10-26 17:15:18,428,147
U0467,P0063,1.1,2025-10-08 17:15:18,466,62
U0125,P0197,2.2,2025-09-21 17:15:18,124,196
U0162,P0192,1.8,2026-01-25 17:15:18,161,191
U0355,P0062,3.5,2025-08-10 17:15:18,354,61
U0376,P0105,2.2,2025-09-21 17:15:18,375,104
U0041,P0091,1.9,2025-06-12 17:15:18,40,90
U0259,P0020,3.7,2025-09-21 17:15:18,258,19
U0335,P0124,3.7,2025-05-20 17:15:18,334,123
U0118,P0115,3.7,2025-08-23 17:15:18,117,114
U0118,P0146,2.2,2026-01-20 17:15:18,117,145
U0126,P0199,1.9,2025-08-29 17:15:18,125,198
U0346,P0150,3.4,2025-04-19 17:15:18,345,149
U0071,P0156,1.8,2025-11-12 17:15:18,70,155
U0408,P0074,3.3,2025-10-02 17:15:18,407,73
U0161,P0031,1.8,2026-02-12 17:15:18,160,30
U0210,P0108,2.1,2025-07-10 17:15:18,209,107
U0076,P0148,1.9,2025-07-15 17:15:18,75,147
U0324,P0198,4.2,2025-12-14 17:15:18,323,197
U0461,P0047,2.9,2025-08-05 17:15:18,460,46
U0062,P0108,3.1,2025-11-11 17:15:18,61,107
U0392,P0142,3.8,2025-03-26 17:15:18,391,141
U0477,P0121,1.5,2026-02-02 17:15:18,476,120
U0065,P0009,1.0,2025-08-17 17:15:18,64,8
U0013,P0177,4.4,2025-12-30 17:15:18,12,176
U0038,P0034,3.2,2025-07-05 17:15:18,37,33
U0444,P0136,4.3,2025-09-08 17:15:18,443,135
U0463,P0109,1.0,2025-09-25 17:15:18,462,108
U0066,P0103,3.9,2025-04-03 17:15:18,65,102
U0286,P0062,4.7,2025-03-26 17:15:18,285,61
U0151,P0031,2.5,2025-10-04 17:15:18,150,30
U0460,P0087,1.0,2025-05-27 17:15:18,459,86
U0312,P0158,5.0,2026-01-29 17:15:18,311,157
U0370,P0012,3.3,2026-02-16 17:15:18,369,11
U0379,P0091,1.7,2025-08-08 17:15:18,378,90
U0467,P0105,1.0,2025-05-07 17:15:18,466,104
U0231,P0190,2.1,2025-08-14 17:15:18,230,189
U0149,P0194,2.3,2025-07-24 17:15:18,148,193
U0359,P0035,3.2,2025-12-22 17:15:18,358,34
U0371,P0197,1.1,2025-05-28 17:15:18,370,196
U0470,P0131,2.5,2026-02-11 17:15:18,469,130
U0304,P0152,3.0,2025-09-17 17:15:18,303,151
U0346,P0167,3.5,2025-08-05 17:15:18,345,166
U0195,P0083,2.4,2025-08-13 17:15:18,194,82
U0091,P0131,3.6,2025-05-28 17:15:18,90,130
U0144,P0198,2.5,2026-02-04 17:15:18,143,197
U0119,P0077,3.6,2025-07-16 17:15:18,118,76
U0175,P0013,2.4,2025-06-10 17:15:18,174,12
U0266,P0135,1.0,2025-06-02 17:15:18,265,134
U0261,P0110,3.8,2025-10-30 17:15:18,260,109
U0166,P0099,3.6,2025-10-13 17:15:18,165,98
U0388,P0046,1.6,2026-01-11 17:15:18,387,45
U0022,P0189,3.6,2025-12-08 17:15:18,21,188
U0221,P0133,3.8,2025-11-03 17:15:18,220,132
U0295,P0158,1.1,2025-10-16 17:15:18,294,157
U0051,P0089,5.0,2025-10-31 17:15:18,50,88
U0085,P0031,1.6,2025-10-29 17:15:18,84,30
U0141,P0125,4.5,2025-08-13 17:15:18,140,124
U0115,P0044,3.9,2025-10-29 17:15:18,114,43
U0481,P0067,3.8,2025-05-19 17:15:18,480,66
U0386,P0028,2.9,2025-11-27 17:15:18,385,27
U0342,P0072,3.8,2026-01-12 17:15:18,341,71
U0050,P0053,1.6,2025-06-16 17:15:18,49,52
U0430,P0131,4.8,2025-12-29 17:15:18,429,130
U0015,P0154,1.0,2026-03-05 17:15:18,14,153
U0492,P0139,4.6,2025-06-23 17:15:18,491,138
U0410,P0050,1.4,2026-03-22 17:15:18,409,49
U0190,P0053,3.8,2025-11-01 17:15:18,189,52
U0483,P0147,4.2,2025-08-19 17:15:18,482,146
U0375,P0114,3.1,2025-07-02 17:15:18,374,113
U0065,P0117,4.1,2025-10-25 17:15:18,64,116
U0471,P0029,2.2,2025-03-29 17:15:18,470,28
U0471,P0031,1.6,2025-08-10 17:15:18,470,30
U0456,P0111,4.7,2025-07-16 17:15:18,455,110
U0135,P0023,4.2,2026-01-14 17:15:18,134,22
U0143,P0188,5.0,2025-04-17 17:15:18,142,187
U0060,P0091,2.9,2026-02-13 17:15:18,59,90
U0382,P0057,3.0,2026-02-15 17:15:18,381,56
U0168,P0041,1.7,2025-07-09 17:15:18,167,40
U0172,P0071,2.6,2025-08-05 17:15:18,171,70
U0323,P0189,1.0,2025-07-06 17:15:18,322,188
U0345,P0199,4.2,2026-02-16 17:15:18,344,198
U0362,P0177,4.4,2025-10-15 17:15:18,361,176
U0457,P0010,3.7,2025-08-16 17:15:18,456,9
U0052,P0181,1.0,2025-07-02 17:15:18,51,180
U0163,P0049,5.0,2025-06-13 17:15:18,162,48
U0339,P0161,4.7,2026-03-07 17:15:18,338,160
U0486,P0163,1.2,2025-05-08 17:15:18,485,162
U0005,P0063,3.3,2026-01-14 17:15:18,4,62
U0301,P0097,2.5,2025-12-03 17:15:18,300,96
U0345,P0051,1.0,2025-11-10 17:15:18,344,50
U0241,P0039,3.0,2025-07-20 17:15:18,240,38
U0417,P0048,3.3,2025-07-14 17:15:18,416,47
U0145,P0034,1.9,2025-12-14 17:15:18,144,33
U0326,P0023,3.7,2025-07-04 17:15:18,325,22
U0439,P0186,1.0,2025-12-06 17:15:18,438,185
U0002,P0112,1.0,2026-02-19 17:15:18,1,111
U0252,P0143,2.6,2025-05-17 17:15:18,251,142
U0107,P0182,2.5,2025-12-24 17:15:18,106,181
U0020,P0108,1.8,2025-04-07 17:15:18,19,107
U0135,P0158,3.3,2025-09-12 17:15:18,134,157
U0324,P0150,4.5,2025-11-25 17:15:18,323,149
U0327,P0090,3.4,2025-07-21 17:15:18,326,89
U0272,P0169,3.9,2025-12-23 17:15:18,271,168
U0450,P0077,3.1,2025-11-27 17:15:18,449,76
U0449,P0075,3.6,2025-04-17 17:15:18,448,74
U0249,P0126,5.0,2025-05-07 17:15:18,248,125
U0201,P0154,1.7,2025-09-24 17:15:18,200,153
U0279,P0124,4.6,2025-10-25 17:15:18,278,123
U0050,P0057,2.5,2026-01-27 17:15:18,49,56
U0494,P0194,1.1,2025-10-29 17:15:18,493,193
U0215,P0115,5.0,2025-10-10 17:15:18,214,114
U0127,P0170,4.1,2025-08-20 17:15:18,126,169
U0060,P0046,3.4,2025-07-31 17:15:18,59,45
U0490,P0082,3.7,2025-04-21 17:15:18,489,81
U0059,P0089,2.8,2025-04-03 17:15:18,58,88
U0066,P0199,3.4,2025-07-21 17:15:18,65,198
U0431,P0126,5.0,2025-05-22 17:15:18,430,125
U0211,P0176,2.5,2025-11-25 17:15:18,210,175
U0015,P0075,4.7,2025-11-08 17:15:18,14,74
U0260,P0056,1.0,2025-08-28 17:15:18,259,55
U0032,P0144,2.9,2025-10-11 17:15:18,31,143
U0134,P0173,1.9,2025-10-14 17:15:18,133,172
U0211,P0101,5.0,2025-08-11 17:15:18,210,100
U0218,P0103,3.1,2025-11-12 17:15:18,217,102
U0468,P0014,2.7,2025-11-08 17:15:18,467,13
U0249,P0187,3.0,2025-12-03 17:15:18,248,186
U0174,P0163,1.5,2026-03-02 17:15:18,173,162
U0210,P0057,5.0,2025-06-05 17:15:18,209,56
U0449,P0043,4.5,2025-06-24 17:15:18,448,42
U0106,P0200,4.4,2025-05-09 17:15:18,105,199
U0057,P0158,5.0,2025-05-17 17:15:18,56,157
U0169,P0034,1.9,2025-05-20 17:15:18,168,33
U0277,P0006,1.7,2026-03-15 17:15:18,276,5
U0411,P0098,2.5,2026-02-07 17:15:18,410,97
U0400,P0181,2.9,2025-10-06 17:15:18,399,180
U0468,P0091,2.1,2025-06-15 17:15:18,467,90
U0033,P0168,3.0,2026-02-28 17:15:18,32,167
U0266,P0054,2.8,2025-09-21 17:15:18,265,53
U0275,P0051,1.5,2026-01-04 17:15:18,274,50
U0430,P0138,4.5,2025-09-04 17:15:18,429,137
U0441,P0184,3.4,2025-11-28 17:15:18,440,183
U0467,P0096,4.2,2025-10-07 17:15:18,466,95
U0212,P0056,5.0,2025-06-15 17:15:18,211,55
U0376,P0064,1.3,2026-03-19 17:15:18,375,63
U0019,P0006,3.0,2025-06-29 17:15:18,18,5
U0053,P0129,2.8,2025-09-03 17:15:18,52,128
U0406,P0125,1.4,2026-03-04 17:15:18,405,124
U0081,P0073,3.4,2025-10-22 17:15:18,80,72
U0013,P0059,1.6,2025-05-06 17:15:18,12,58
U0127,P0009,3.5,2025-11-06 17:15:18,126,8
U0384,P0032,3.8,2025-09-13 17:15:18,383,31
U0336,P0103,3.3,2026-01-17 17:15:18,335,102
U0419,P0190,2.2,2025-11-07 17:15:18,418,189
U0442,P0022,2.4,2026-02-14 17:15:18,441,21
U0038,P0130,3.6,2025-03-30 17:15:18,37,129
U0391,P0188,3.2,2025-08-25 17:15:18,390,187
U0011,P0004,2.4,2025-06-21 17:15:18,10,3
U0049,P0189,4.4,2025-05-28 17:15:18,48,188
U0406,P0101,2.7,2025-12-16 17:15:18,405,100
U0426,P0156,5.0,2025-10-17 17:15:18,425,155
U0402,P0083,4.5,2025-08-20 17:15:18,401,82
U0263,P0191,1.6,2026-03-14 17:15:18,262,190
U0155,P0071,4.7,2025-08-03 17:15:18,154,70
U0104,P0026,4.2,2025-11-10 17:15:18,103,25
U0497,P0168,3.9,2025-06-03 17:15:18,496,167
U0242,P0097,5.0,2025-10-27 17:15:18,241,96
U0220,P0024,2.7,2025-12-02 17:15:18,219,23
U0496,P0105,4.4,2025-06-11 17:15:18,495,104
U0143,P0124,5.0,2025-10-31 17:15:18,142,123
U0465,P0180,2.2,2025-06-25 17:15:18,464,179
U0260,P0063,2.2,2025-09-11 17:15:18,259,62
U0009,P0128,2.6,2025-09-05 17:15:18,8,127
U0488,P0096,5.0,2025-06-19 17:15:18,487,95
U0366,P0028,2.5,2025-08-06 17:15:18,365,27
U0115,P0148,1.0,2026-03-13 17:15:18,114,147
U0204,P0198,3.4,2025-11-27 17:15:18,203,197
U0229,P0095,2.4,2025-07-24 17:15:18,228,94
U0289,P0028,3.6,2025-04-30 17:15:18,288,27
U0074,P0162,4.5,2026-02-11 17:15:18,73,161
U0049,P0144,3.1,2025-12-29 17:15:18,48,143
U0107,P0126,1.1,2025-05-26 17:15:18,106,125
U0128,P0022,4.1,2026-01-12 17:15:18,127,21
U0207,P0158,4.9,2025-07-26 17:15:18,206,157
U0268,P0186,1.0,2025-06-08 17:15:18,267,185
U0390,P0060,4.8,2026-02-23 17:15:18,389,59
U0393,P0127,3.3,2025-11-16 17:15:18,392,126
U0211,P0080,5.0,2025-10-04 17:15:18,210,79
U0428,P0039,3.7,2026-03-07 17:15:18,427,38
U0165,P0177,5.0,2025-06-09 17:15:18,164,176
U0307,P0105,3.6,2026-03-23 17:15:18,306,104
U0138,P0177,4.1,2025-12-08 17:15:18,137,176
U0387,P0144,3.6,2025-07-18 17:15:18,386,143
U0280,P0128,4.0,2025-10-16 17:15:18,279,127
U0492,P0167,4.0,2025-11-25 17:15:18,491,166
U0165,P0119,1.2,2025-03-28 17:15:18,164,118
U0248,P0132,1.6,2025-06-14 17:15:18,247,131
U0440,P0190,5.0,2026-02-12 17:15:18,439,189
U0472,P0027,5.0,2025-08-20 17:15:18,471,26
U0359,P0020,2.1,2025-09-14 17:15:18,358,19
U0066,P0194,3.4,2026-03-19 17:15:18,65,193
U0083,P0134,2.8,2026-01-22 17:15:18,82,133
U0086,P0051,4.0,2025-08-13 17:15:18,85,50
U0446,P0030,4.1,2026-03-06 17:15:18,445,29
U0454,P0109,3.5,2025-07-15 17:15:18,453,108
U0088,P0161,5.0,2025-06-30 17:15:18,87,160
U0250,P0036,4.6,2025-06-18 17:15:18,249,35
U0005,P0076,2.5,2026-01-24 17:15:18,4,75
U0223,P0076,3.2,2025-04-13 17:15:18,222,75
U0139,P0134,2.1,2025-10-11 17:15:18,138,133
U0315,P0096,5.0,2025-06-10 17:15:18,314,95
U0268,P0176,2.7,2025-12-11 17:15:18,267,175
U0412,P0158,3.7,2025-09-16 17:15:18,411,157
U0266,P0155,1.7,2025-11-17 17:15:18,265,154
U0242,P0119,3.6,2025-12-08 17:15:18,241,118
U0480,P0085,3.4,2026-01-15 17:15:18,479,84
U0085,P0135,2.0,2025-07-26 17:15:18,84,134
U0006,P0082,3.1,2025-08-24 17:15:18,5,81
U0092,P0039,2.5,2025-07-28 17:15:18,91,38
U0035,P0002,4.2,2025-10-17 17:15:18,34,1
U0360,P0049,4.5,2025-12-13 17:15:18,359,48
U0356,P0025,4.2,2025-06-23 17:15:18,355,24
U0235,P0085,1.7,2026-02-05 17:15:18,234,84
U0032,P0160,1.2,2025-07-29 17:15:18,31,159
U0305,P0041,1.6,2026-02-19 17:15:18,304,40
U0180,P0163,1.2,2025-06-12 17:15:18,179,162
U0453,P0058,3.8,2025-09-30 17:15:18,452,57
U0322,P0004,4.0,2025-12-17 17:15:18,321,3
U0141,P0073,4.3,2025-08-19 17:15:18,140,72
U0300,P0187,3.7,2025-10-20 17:15:18,299,186
U0189,P0160,4.1,2025-08-31 17:15:18,188,159
U0479,P0066,2.4,2025-06-11 17:15:18,478,65
U0278,P0165,3.7,2025-04-22 17:15:18,277,164
U0104,P0020,2.2,2025-05-26 17:15:18,103,19
U0079,P0027,1.0,2025-12-05 17:15:18,78,26
U0144,P0046,2.8,2025-11-11 17:15:18,143,45
U0289,P0027,2.5,2026-01-20 17:15:18,288,26
U0409,P0134,3.2,2025-05-29 17:15:18,408,133
U0331,P0197,2.6,2025-09-10 17:15:18,330,196
U0170,P0148,2.3,2025-05-26 17:15:18,169,147
U0310,P0071,3.1,2025-05-14 17:15:18,309,70
U0343,P0122,2.6,2025-12-08 17:15:18,342,121
U0087,P0001,3.2,2025-11-27 17:15:18,86,0
U0111,P0024,2.9,2025-05-15 17:15:18,110,23
U0076,P0037,4.1,2025-12-31 17:15:18,75,36
U0244,P0001,4.2,2025-10-11 17:15:18,243,0
U0040,P0014,3.3,2026-01-14 17:15:18,39,13
U0262,P0113,3.4,2025-08-20 17:15:18,261,112
U0341,P0121,4.2,2025-10-09 17:15:18,340,120
U0155,P0129,2.9,2026-01-24 17:15:18,154,128
U0124,P0144,4.3,2025-09-05 17:15:18,123,143
U0194,P0199,1.6,2025-09-09 17:15:18,193,198
U0362,P0122,5.0,2025-09-25 17:15:18,361,121
U0160,P0134,5.0,2025-10-14 17:15:18,159,133
U0272,P0021,1.6,2025-05-20 17:15:18,271,20
U0432,P0055,4.5,2025-12-30 17:15:18,431,54
U0485,P0163,3.3,2025-11-03 17:15:18,484,162
U0431,P0112,5.0,2025-06-12 17:15:18,430,111
U0227,P0126,1.2,2025-04-04 17:15:18,226,125
U0404,P0065,4.5,2025-04-09 17:15:18,403,64
U0062,P0143,1.6,2025-08-15 17:15:18,61,142
U0334,P0090,3.8,2025-12-24 17:15:18,333,89
U0013,P0094,1.5,2025-07-30 17:15:18,12,93
U0395,P0172,4.8,2025-09-29 17:15:18,394,171
U0373,P0109,3.2,2025-12-06 17:15:18,372,108
U0316,P0144,3.1,2025-12-18 17:15:18,315,143
U0196,P0096,2.2,2025-12-24 17:15:18,195,95
U0478,P0192,2.4,2026-03-20 17:15:18,477,191
U0101,P0114,2.6,2025-09-22 17:15:18,100,113
U0270,P0050,3.2,2026-03-23 17:15:18,269,49
U0301,P0080,2.7,2025-10-08 17:15:18,300,79
U0049,P0095,5.0,2025-11-16 17:15:18,48,94
U0258,P0004,1.7,2025-05-19 17:15:18,257,3
U0140,P0009,5.0,2025-04-28 17:15:18,139,8
U0141,P0165,5.0,2025-07-23 17:15:18,140,164
U0204,P0012,3.2,2025-04-03 17:15:18,203,11
U0361,P0065,1.0,2025-11-05 17:15:18,360,64
U0321,P0015,4.3,2025-06-06 17:15:18,320,14
U0422,P0008,3.5,2025-07-27 17:15:18,421,7
U0312,P0162,4.4,2025-08-05 17:15:18,311,161
U0252,P0045,2.5,2025-07-26 17:15:18,251,44
U0384,P0166,3.2,2025-06-19 17:15:18,383,165
U0414,P0027,2.9,2026-03-06 17:15:18,413,26
U0190,P0008,5.0,2025-05-16 17:15:18,189,7
U0458,P0183,1.9,2026-01-06 17:15:18,457,182
U0362,P0189,2.5,2025-12-25 17:15:18,361,188
U0446,P0034,5.0,2026-02-11 17:15:18,445,33
U0215,P0031,3.5,2026-02-25 17:15:18,214,30
U0228,P0164,4.0,2025-03-27 17:15:18,227,163
U0032,P0081,4.0,2026-02-04 17:15:18,31,80
U0440,P0140,3.2,2025-11-03 17:15:18,439,139
U0437,P0050,3.1,2025-04-24 17:15:18,436,49
U0315,P0189,3.8,2026-03-17 17:15:18,314,188
U0171,P0173,2.6,2025-10-14 17:15:18,170,172
U0460,P0182,2.1,2025-12-29 17:15:18,459,181
U0464,P0151,1.0,2025-09-19 17:15:18,463,150
U0265,P0004,2.8,2025-04-19 17:15:18,264,3
U0207,P0107,4.4,2025-04-18 17:15:18,206,106
U0343,P0016,3.1,2026-02-20 17:15:18,342,15
U0099,P0195,3.2,2025-07-12 17:15:18,98,194
U0076,P0187,3.1,2025-11-09 17:15:18,75,186
U0043,P0045,4.7,2025-08-10 17:15:18,42,44
U0023,P0071,2.9,2025-05-18 17:15:18,22,70
U0102,P0177,2.3,2025-07-10 17:15:18,101,176
U0210,P0045,3.1,2025-05-04 17:15:18,209,44
U0383,P0001,2.6,2025-10-17 17:15:18,382,0
U0141,P0144,2.4,2025-09-27 17:15:18,140,143
U0061,P0088,2.6,2025-07-30 17:15:18,60,87
U0291,P0179,3.4,2026-02-09 17:15:18,290,178
U0290,P0119,1.2,2026-02-08 17:15:18,289,118
U0060,P0024,1.0,2025-12-22 17:15:18,59,23
U0374,P0023,4.1,2025-12-20 17:15:18,373,22
U0163,P0152,3.4,2025-05-09 17:15:18,162,151
U0495,P0006,3.6,2025-12-29 17:15:18,494,5
U0404,P0003,2.3,2025-12-04 17:15:18,403,2
U0327,P0096,3.8,2025-08-02 17:15:18,326,95
U0042,P0186,2.9,2025-11-19 17:15:18,41,185
U0158,P0175,3.1,2025-05-01 17:15:18,157,174
U0483,P0049,2.6,2026-01-17 17:15:18,482,48
U0159,P0014,2.1,2025-09-12 17:15:18,158,13
U0362,P0074,2.7,2025-12-24 17:15:18,361,73
U0143,P0036,4.3,2025-06-09 17:15:18,142,35
U0162,P0106,2.2,2025-11-30 17:15:18,161,105
U0428,P0049,2.3,2025-11-06 17:15:18,427,48
U0453,P0052,2.8,2025-12-25 17:15:18,452,51
U0152,P0067,4.1,2025-04-02 17:15:18,151,66
U0226,P0068,3.4,2026-02-06 17:15:18,225,67
U0251,P0091,5.0,2025-06-02 17:15:18,250,90
U0187,P0090,2.2,2025-05-01 17:15:18,186,89
U0425,P0162,1.0,2025-04-08 17:15:18,424,161
U0426,P0044,5.0,2026-03-07 17:15:18,425,43
U0487,P0150,2.4,2025-09-09 17:15:18,486,149
U0080,P0138,1.8,2025-06-07 17:15:18,79,137
U0108,P0180,2.9,2025-08-15 17:15:18,107,179
U0178,P0166,3.7,2025-04-10 17:15:18,177,165
U0107,P0088,4.0,2025-04-01 17:15:18,106,87
U0496,P0129,3.8,2025-06-16 17:15:18,495,128
U0425,P0191,5.0,2025-11-08 17:15:18,424,190
U0047,P0132,2.9,2025-12-08 17:15:18,46,131
U0133,P0056,1.8,2025-07-29 17:15:18,132,55
U0134,P0009,3.5,2026-01-25 17:15:18,133,8
U0265,P0169,1.0,2025-05-06 17:15:18,264,168
U0096,P0122,3.9,2026-01-13 17:15:18,95,121
U0240,P0151,2.6,2025-10-11 17:15:18,239,150
U0191,P0145,3.5,2025-09-13 17:15:18,190,144
U0338,P0151,3.7,2026-03-08 17:15:18,337,150
U0166,P0180,3.6,2026-01-31 17:15:18,165,179
U0323,P0092,1.9,2026-03-21 17:15:18,322,91
U0082,P0108,2.9,2025-07-25 17:15:18,81,107
U0172,P0087,5.0,2025-04-28 17:15:18,171,86
U0463,P0026,4.4,2025-12-20 17:15:18,462,25
U0468,P0092,1.3,2025-10-20 17:15:18,467,91
U0084,P0120,4.1,2025-06-19 17:15:18,83,119
U0096,P0193,2.1,2026-03-14 17:15:18,95,192
U0225,P0158,2.6,2025-08-04 17:15:18,224,157
U0304,P0148,3.9,2025-04-04 17:15:18,303,147
U0223,P0188,3.3,2025-09-02 17:15:18,222,187
U0243,P0063,3.5,2025-11-16 17:15:18,242,62
U0371,P0096,2.6,2025-05-22 17:15:18,370,95
U0173,P0124,3.5,2025-04-12 17:15:18,172,123
U0206,P0077,1.2,2026-03-05 17:15:18,205,76
U0498,P0060,3.1,2025-07-09 17:15:18,497,59
U0056,P0108,1.0,2025-08-19 17:15:18,55,107
U0397,P0069,4.0,2025-06-03 17:15:18,396,68
U0206,P0152,2.8,2026-03-11 17:15:18,205,151
U0084,P0132,2.2,2025-12-30 17:15:18,83,131
U0473,P0077,5.0,2025-05-24 17:15:18,472,76
U0495,P0179,3.7,2025-06-30 17:15:18,494,178
U0102,P0146,2.5,2026-01-13 17:15:18,101,145
U0067,P0170,3.9,2025-10-06 17:15:18,66,169
U0404,P0014,5.0,2026-02-07 17:15:18,403,13
U0159,P0197,3.0,2026-01-12 17:15:18,158,196
U0411,P0089,3.7,2025-08-03 17:15:18,410,88
U0203,P0043,2.6,2025-08-02 17:15:18,202,42
U0001,P0169,4.4,2026-01-09 17:15:18,0,168
U0103,P0045,4.8,2025-10-22 17:15:18,102,44
U0158,P0021,1.9,2025-12-21 17:15:18,157,20
U0121,P0053,2.8,2025-08-14 17:15:18,120,52
U0047,P0186,2.1,2025-11-20 17:15:18,46,185
U0079,P0176,3.8,2025-06-14 17:15:18,78,175
U0433,P0199,1.0,2025-09-15 17:15:18,432,198
U0003,P0123,2.3,2026-01-03 17:15:18,2,122
U0177,P0026,5.0,2025-07-27 17:15:18,176,25
U0282,P0176,1.9,2025-09-05 17:15:18,281,175
U0358,P0055,2.6,2025-07-27 17:15:18,357,54
U0343,P0097,1.7,2025-07-31 17:15:18,342,96
U0362,P0063,2.9,2026-02-04 17:15:18,361,62
U0199,P0033,3.8,2025-10-14 17:15:18,198,32
U0205,P0198,3.1,2025-10-09 17:15:18,204,197
U0460,P0073,3.8,2025-04-14 17:15:18,459,72
U0374,P0109,3.4,2025-05-24 17:15:18,373,108
U0202,P0137,3.4,2026-02-17 17:15:18,201,136
U0178,P0126,3.0,2025-04-17 17:15:18,177,125
U0380,P0151,3.0,2026-03-12 17:15:18,379,150
U0114,P0156,3.1,2025-12-24 17:15:18,113,155
U0394,P0061,2.3,2025-09-18 17:15:18,393,60
U0186,P0088,5.0,2025-07-12 17:15:18,185,87
U0422,P0001,3.4,2025-05-17 17:15:18,421,0
U0204,P0020,2.1,2025-04-29 17:15:18,203,19
U0118,P0036,5.0,2025-07-13 17:15:18,117,35
U0097,P0012,2.8,2025-12-07 17:15:18,96,11
U0155,P0112,3.6,2026-02-06 17:15:18,154,111
U0174,P0099,1.0,2025-04-25 17:15:18,173,98
U0093,P0109,3.9,2026-01-07 17:15:18,92,108
U0146,P0080,1.2,2025-09-08 17:15:18,145,79
U0346,P0124,3.0,2026-03-08 17:15:18,345,123
U0134,P0108,2.2,2025-12-24 17:15:18,133,107
U0084,P0102,3.9,2025-04-10 17:15:18,83,101
U0265,P0028,3.3,2025-07-30 17:15:18,264,27
U0413,P0022,2.3,2025-09-29 17:15:18,412,21
U0352,P0188,2.8,2026-02-02 17:15:18,351,187
U0336,P0104,1.9,2026-03-19 17:15:18,335,103
U0083,P0082,2.6,2026-01-19 17:15:18,82,81
U0295,P0130,4.1,2025-09-10 17:15:18,294,129
U0352,P0117,5.0,2026-03-20 17:15:18,351,116
U0249,P0168,3.5,2025-04-16 17:15:18,248,167
U0206,P0109,3.0,2026-02-26 17:15:18,205,108
U0156,P0109,3.6,2025-11-13 17:15:18,155,108
U0380,P0163,3.2,2026-01-25 17:15:18,379,162
U0310,P0116,3.9,2025-07-11 17:15:18,309,115
U0243,P0183,1.4,2025-10-05 17:15:18,242,182
U0433,P0137,3.6,2025-09-20 17:15:18,432,136
U0058,P0046,4.1,2025-08-20 17:15:18,57,45
U0273,P0195,3.4,2025-09-10 17:15:18,272,194
U0446,P0173,3.8,2026-02-13 17:15:18,445,172
U0077,P0002,1.3,2025-10-04 17:15:18,76,1
U0486,P0182,2.6,2025-05-27 17:15:18,485,181
U0133,P0051,4.1,2025-07-05 17:15:18,132,50
U0417,P0158,2.7,2025-08-05 17:15:18,416,157
U0223,P0013,3.4,2025-07-31 17:15:18,222,12
U0145,P0011,3.5,2026-01-22 17:15:18,144,10
U0445,P0126,1.9,2025-08-02 17:15:18,444,125
U0188,P0013,3.4,2025-05-23 17:15:18,187,12
U0352,P0095,1.5,2025-11-16 17:15:18,351,94
U0218,P0087,3.2,2025-04-14 17:15:18,217,86
U0152,P0197,3.9,2026-03-13 17:15:18,151,196
U0278,P0069,3.7,2025-12-24 17:15:18,277,68
U0151,P0092,3.8,2025-08-24 17:15:18,150,91
U0009,P0115,5.0,2025-10-10 17:15:18,8,114
U0153,P0163,3.0,2026-03-07 17:15:18,152,162
U0306,P0029,2.9,2025-09-24 17:15:18,305,28
U0375,P0010,1.3,2025-06-26 17:15:18,374,9
U0379,P0102,3.2,2025-11-18 17:15:18,378,101
U0090,P0022,1.6,2025-06-25 17:15:18,89,21
U0049,P0033,2.9,2026-01-10 17:15:18,48,32
U0325,P0127,3.7,2025-08-17 17:15:18,324,126
U0458,P0071,3.4,2025-09-30 17:15:18,457,70
U0498,P0118,3.8,2025-04-07 17:15:18,497,117
U0317,P0063,1.1,2025-06-30 17:15:18,316,62
U0021,P0020,5.0,2025-10-09 17:15:18,20,19
U0191,P0010,5.0,2026-01-09 17:15:18,190,9
U0312,P0186,2.1,2025-05-03 17:15:18,311,185
U0416,P0026,3.5,2025-09-11 17:15:18,415,25
U0263,P0186,3.2,2026-02-13 17:15:18,262,185
U0173,P0164,3.4,2025-10-22 17:15:18,172,163
U0217,P0103,2.4,2026-03-14 17:15:18,216,102
U0095,P0192,2.5,2025-11-14 17:15:18,94,191
U0370,P0168,2.3,2026-02-13 17:15:18,369,167
U0429,P0111,5.0,2026-01-25 17:15:18,428,110
U0407,P0050,1.3,2025-06-06 17:15:18,406,49
U0134,P0078,3.1,2025-05-14 17:15:18,133,77
U0264,P0139,3.6,2025-11-21 17:15:18,263,138
U0356,P0013,4.7,2025-09-15 17:15:18,355,12
U0294,P0122,4.8,2025-12-05 17:15:18,293,121
U0390,P0112,3.5,2025-11-05 17:15:18,389,111
U0383,P0177,5.0,2025-12-20 17:15:18,382,176
U0142,P0129,2.4,2025-04-16 17:15:18,141,128
U0024,P0155,3.7,2025-09-02 17:15:18,23,154
U0466,P0047,2.5,2025-04-12 17:15:18,465,46
U0146,P0070,2.1,2026-03-23 17:15:18,145,69
U0209,P0054,5.0,2026-03-16 17:15:18,208,53
U0401,P0107,2.0,2025-04-23 17:15:18,400,106
U0067,P0071,1.1,2025-11-09 17:15:18,66,70
U0237,P0154,3.5,2025-05-04 17:15:18,236,153
U0163,P0025,3.1,2025-12-02 17:15:18,162,24
U0116,P0005,3.9,2025-03-27 17:15:18,115,4
U0167,P0057,2.6,2026-02-21 17:15:18,166,56
U0314,P0074,5.0,2025-03-26 17:15:18,313,73
U0312,P0118,2.6,2025-05-28 17:15:18,311,117
U0216,P0163,2.1,2025-05-25 17:15:18,215,162
U0169,P0139,3.7,2025-09-07 17:15:18,168,138
U0244,P0143,2.4,2026-03-19 17:15:18,243,142
U0176,P0088,2.6,2025-10-13 17:15:18,175,87
U0178,P0114,4.7,2026-01-07 17:15:18,177,113
U0237,P0191,3.6,2025-07-13 17:15:18,236,190
U0108,P0137,4.1,2025-04-02 17:15:18,107,136
U0088,P0173,4.0,2025-09-07 17:15:18,87,172
U0131,P0104,1.6,2026-03-09 17:15:18,130,103
U0339,P0147,2.4,2026-02-13 17:15:18,338,146
U0324,P0125,3.9,2025-06-11 17:15:18,323,124
U0177,P0022,2.3,2025-12-09 17:15:18,176,21
U0383,P0136,2.5,2025-09-17 17:15:18,382,135
U0156,P0075,4.1,2025-10-15 17:15:18,155,74
U0232,P0173,3.6,2025-07-29 17:15:18,231,172
U0016,P0040,3.8,2025-05-10 17:15:18,15,39
U0300,P0043,2.8,2025-05-10 17:15:18,299,42
U0181,P0145,3.3,2025-08-17 17:15:18,180,144
U0213,P0196,5.0,2026-03-14 17:15:18,212,195
U0385,P0073,1.5,2025-06-14 17:15:18,384,72
U0381,P0126,2.6,2025-11-25 17:15:18,380,125
U0193,P0138,4.7,2026-01-17 17:15:18,192,137
U0194,P0156,1.9,2026-01-21 17:15:18,193,155
U0050,P0102,3.8,2025-12-04 17:15:18,49,101
U0109,P0029,4.6,2025-06-06 17:15:18,108,28
U0149,P0046,1.0,2026-01-03 17:15:18,148,45
U0393,P0200,2.0,2025-09-01 17:15:18,392,199
U0282,P0105,1.0,2025-09-26 17:15:18,281,104
U0385,P0056,3.4,2025-08-23 17:15:18,384,55
U0462,P0154,5.0,2025-11-03 17:15:18,461,153
U0164,P0198,2.0,2025-09-21 17:15:18,163,197
U0323,P0028,4.7,2025-04-19 17:15:18,322,27
U0453,P0176,5.0,2025-05-05 17:15:18,452,175
U0391,P0163,4.3,2025-10-14 17:15:18,390,162
U0258,P0138,2.3,2025-06-26 17:15:18,257,137
U0201,P0058,1.0,2025-08-31 17:15:18,200,57
U0254,P0194,1.7,2025-07-31 17:15:18,253,193
U0147,P0116,2.1,2026-01-04 17:15:18,146,115
U0474,P0046,3.7,2025-09-02 17:15:18,473,45
U0148,P0001,2.3,2025-06-26 17:15:18,147,0
U0425,P0086,3.6,2025-07-31 17:15:18,424,85
U0336,P0045,5.0,2025-04-10 17:15:18,335,44
U0465,P0026,2.3,2025-09-10 17:15:18,464,25
U0298,P0168,3.6,2025-08-23 17:15:18,297,167
U0499,P0108,2.9,2025-08-27 17:15:18,498,107
U0097,P0163,4.1,2026-03-11 17:15:18,96,162
U0317,P0058,4.9,2026-01-14 17:15:18,316,57
U0313,P0159,2.6,2025-07-11 17:15:18,312,158
U0042,P0154,5.0,2025-06-06 17:15:18,41,153
U0375,P0105,1.1,2026-03-14 17:15:18,374,104
U0167,P0157,2.0,2025-11-18 17:15:18,166,156
U0086,P0146,2.4,2025-05-09 17:15:18,85,145
U0242,P0176,2.9,2026-02-07 17:15:18,241,175
U0488,P0095,5.0,2026-03-14 17:15:18,487,94
U0381,P0154,4.0,2025-04-25 17:15:18,380,153
U0200,P0142,1.1,2025-07-07 17:15:18,199,141
U0443,P0050,4.8,2026-01-02 17:15:18,442,49
U0235,P0095,4.8,2025-11-23 17:15:18,234,94
U0090,P0121,1.0,2025-03-26 17:15:18,89,120
U0472,P0052,4.0,2025-10-11 17:15:18,471,51
U0068,P0076,1.0,2026-02-20 17:15:18,67,75
U0458,P0008,3.3,2025-12-10 17:15:18,457,7
U0296,P0119,1.6,2025-08-02 17:15:18,295,118
U0126,P0176,3.3,2025-05-21 17:15:18,125,175
U0228,P0062,2.6,2025-12-25 17:15:18,227,61
U0499,P0119,2.7,2025-07-12 17:15:18,498,118
U0329,P0029,3.4,2025-05-20 17:15:18,328,28
U0429,P0085,2.6,2026-01-03 17:15:18,428,84
U0126,P0119,4.3,2026-02-18 17:15:18,125,118
U0004,P0192,1.7,2026-03-09 17:15:18,3,191
U0350,P0174,3.6,2025-08-29 17:15:18,349,173
U0444,P0134,4.5,2025-07-28 17:15:18,443,133
U0442,P0099,3.0,2026-02-17 17:15:18,441,98
U0491,P0067,5.0,2025-06-23 17:15:18,490,66
U0062,P0184,3.9,2025-05-19 17:15:18,61,183
U0332,P0137,4.3,2026-03-13 17:15:18,331,136
U0225,P0124,2.1,2026-02-23 17:15:18,224,123
U0150,P0102,4.2,2026-03-05 17:15:18,149,101
U0367,P0131,2.9,2025-05-07 17:15:18,366,130
U0333,P0113,3.9,2025-08-18 17:15:18,332,112
U0404,P0032,1.0,2026-01-31 17:15:18,403,31
U0075,P0068,4.3,2025-06-02 17:15:18,74,67
U0386,P0029,4.4,2025-12-29 17:15:18,385,28
U0188,P0106,1.8,2025-04-23 17:15:18,187,105
U0174,P0037,1.2,2025-11-21 17:15:18,173,36
U0408,P0124,5.0,2025-12-08 17:15:18,407,123
U0136,P0025,3.0,2025-10-08 17:15:18,135,24
U0329,P0178,3.8,2026-02-16 17:15:18,328,177
U0235,P0182,2.9,2025-07-17 17:15:18,234,181
U0386,P0063,3.2,2025-11-12 17:15:18,385,62
U0176,P0076,3.8,2025-04-07 17:15:18,175,75
U0228,P0085,4.1,2025-08-07 17:15:18,227,84
U0359,P0067,1.9,2025-06-08 17:15:18,358,66
U0141,P0153,4.5,2026-03-07 17:15:18,140,152
U0390,P0036,3.2,2026-01-09 17:15:18,389,35
U0268,P0074,5.0,2026-03-12 17:15:18,267,73
U0289,P0093,5.0,2025-10-27 17:15:18,288,92
U0158,P0184,3.5,2026-01-03 17:15:18,157,183
U0291,P0163,1.9,2025-10-20 17:15:18,290,162
U0244,P0183,1.0,2025-08-12 17:15:18,243,182
U0345,P0076,1.0,2026-01-05 17:15:18,344,75
U0381,P0178,2.7,2026-01-19 17:15:18,380,177
U0076,P0156,2.6,2025-10-27 17:15:18,75,155
U0440,P0099,3.7,2025-11-14 17:15:18,439,98
U0327,P0059,1.2,2026-03-11 17:15:18,326,58
U0436,P0055,2.2,2025-05-31 17:15:18,435,54
U0156,P0038,4.5,2025-05-30 17:15:18,155,37
U0007,P0067,3.0,2025-09-20 17:15:18,6,66
U0370,P0131,1.0,2025-07-04 17:15:18,369,130
U0208,P0123,2.4,2025-05-13 17:15:18,207,122
U0461,P0044,2.6,2025-09-30 17:15:18,460,43
U0330,P0040,3.4,2025-05-29 17:15:18,329,39
U0437,P0129,4.8,2025-10-16 17:15:18,436,128
U0268,P0096,3.1,2025-09-13 17:15:18,267,95
U0444,P0125,3.2,2025-04-28 17:15:18,443,124
U0087,P0135,3.5,2025-07-22 17:15:18,86,134
U0090,P0124,1.0,2025-09-12 17:15:18,89,123
U0008,P0172,2.8,2026-02-20 17:15:18,7,171
U0176,P0058,2.2,2025-10-18 17:15:18,175,57
U0106,P0058,3.5,2026-01-08 17:15:18,105,57
U0143,P0156,1.4,2026-01-23 17:15:18,142,155
U0333,P0051,1.9,2025-09-24 17:15:18,332,50
U0256,P0118,2.5,2025-06-07 17:15:18,255,117
U0468,P0164,3.0,2026-03-19 17:15:18,467,163
U0431,P0192,1.3,2025-06-30 17:15:18,430,191
U0460,P0059,3.5,2025-12-12 17:15:18,459,58
U0187,P0171,1.8,2026-03-09 17:15:18,186,170
U0205,P0161,4.1,2026-02-03 17:15:18,204,160
U0488,P0085,2.1,2025-07-09 17:15:18,487,84
U0035,P0070,1.2,2025-06-15 17:15:18,34,69
U0493,P0137,2.3,2025-06-23 17:15:18,492,136
U0447,P0021,3.1,2026-02-25 17:15:18,446,20
U0229,P0146,2.8,2025-07-01 17:15:18,228,145
U0127,P0063,3.3,2025-11-14 17:15:18,126,62
U0409,P0190,1.7,2025-12-22 17:15:18,408,189
U0354,P0167,2.0,2025-11-20 17:15:18,353,166
U0117,P0177,3.0,2025-08-04 17:15:18,116,176
U0091,P0011,1.8,2025-05-18 17:15:18,90,10
U0137,P0142,4.0,2025-11-03 17:15:18,136,141
U0047,P0191,3.7,2025-12-18 17:15:18,46,190
U0376,P0017,4.1,2026-01-17 17:15:18,375,16
U0268,P0078,1.6,2026-02-22 17:15:18,267,77
U0107,P0059,1.0,2025-11-21 17:15:18,106,58
U0300,P0195,3.1,2025-06-01 17:15:18,299,194
U0245,P0119,3.5,2026-02-03 17:15:18,244,118
U0275,P0014,1.6,2025-10-13 17:15:18,274,13
U0405,P0163,3.8,2026-02-16 17:15:18,404,162
U0101,P0123,2.8,2026-01-25 17:15:18,100,122
U0227,P0022,4.7,2025-07-25 17:15:18,226,21
U0102,P0026,1.0,2025-06-21 17:15:18,101,25
U0302,P0056,1.6,2025-05-23 17:15:18,301,55
U0250,P0077,2.2,2025-06-07 17:15:18,249,76
U0005,P0149,3.2,2025-08-17 17:15:18,4,148
U0441,P0029,5.0,2025-08-11 17:15:18,440,28
U0399,P0165,3.8,2025-12-16 17:15:18,398,164
U0302,P0163,1.1,2025-05-15 17:15:18,301,162
U0387,P0117,2.9,2026-03-25 17:15:18,386,116
U0129,P0194,3.8,2025-08-29 17:15:18,128,193
U0308,P0070,2.6,2025-07-16 17:15:18,307,69
U0324,P0046,3.1,2025-10-08 17:15:18,323,45
U0260,P0124,3.5,2025-07-05 17:15:18,259,123
U0154,P0068,3.2,2025-06-26 17:15:18,153,67
U0128,P0088,3.0,2025-11-05 17:15:18,127,87
U0348,P0144,4.4,2025-07-11 17:15:18,347,143
U0159,P0161,3.5,2025-08-12 17:15:18,158,160
U0058,P0194,3.7,2025-12-22 17:15:18,57,193
U0250,P0002,3.9,2025-10-13 17:15:18,249,1
U0458,P0131,3.6,2025-07-28 17:15:18,457,130
U0254,P0042,3.7,2025-12-24 17:15:18,253,41
U0034,P0195,1.3,2025-08-16 17:15:18,33,194
U0345,P0078,4.4,2026-02-05 17:15:18,344,77
U0474,P0114,1.1,2025-10-01 17:15:18,473,113
U0327,P0176,3.6,2025-06-23 17:15:18,326,175
U0422,P0047,2.2,2025-12-16 17:15:18,421,46
U0399,P0028,3.8,2025-11-27 17:15:18,398,27
U0110,P0079,4.5,2025-07-12 17:15:18,109,78
U0157,P0082,1.3,2025-06-27 17:15:18,156,81
U0242,P0027,3.9,2025-04-09 17:15:18,241,26
U0154,P0157,4.1,2025-12-08 17:15:18,153,156
U0293,P0173,4.9,2026-01-05 17:15:18,292,172
U0166,P0041,3.2,2025-12-17 17:15:18,165,40
U0393,P0102,3.7,2025-12-28 17:15:18,392,101
U0437,P0041,2.6,2025-05-17 17:15:18,436,40
U0340,P0041,3.3,2025-10-10 17:15:18,339,40
U0490,P0133,5.0,2025-07-26 17:15:18,489,132
U0335,P0153,2.6,2025-08-24 17:15:18,334,152
U0400,P0186,1.3,2025-11-08 17:15:18,399,185
U0118,P0068,2.8,2025-07-27 17:15:18,117,67
U0479,P0078,2.2,2025-09-17 17:15:18,478,77
U0075,P0079,3.9,2025-10-06 17:15:18,74,78
U0373,P0091,2.1,2025-10-15 17:15:18,372,90
U0231,P0079,3.3,2025-08-20 17:15:18,230,78
U0289,P0101,3.6,2025-08-24 17:15:18,288,100
U0003,P0196,2.8,2025-08-31 17:15:18,2,195
U0029,P0105,2.2,2025-09-25 17:15:18,28,104
U0331,P0036,2.5,2025-08-04 17:15:18,330,35
U0393,P0071,2.5,2026-03-16 17:15:18,392,70
U0420,P0181,1.7,2025-12-12 17:15:18,419,180
U0107,P0170,3.1,2025-11-14 17:15:18,106,169
U0151,P0096,3.0,2026-03-13 17:15:18,150,95
U0165,P0110,4.0,2025-09-11 17:15:18,164,109
U0287,P0190,3.8,2025-12-13 17:15:18,286,189
U0409,P0056,1.8,2025-05-13 17:15:18,408,55
U0258,P0113,4.8,2025-11-05 17:15:18,257,112
U0055,P0020,3.0,2025-11-21 17:15:18,54,19
U0371,P0123,4.7,2025-05-26 17:15:18,370,122
U0241,P0012,2.0,2025-04-22 17:15:18,240,11
U0200,P0177,1.5,2025-03-29 17:15:18,199,176
U0250,P0064,4.3,2025-11-02 17:15:18,249,63
U0311,P0151,1.0,2025-09-14 17:15:18,310,150
U0031,P0026,1.0,2026-02-25 17:15:18,30,25
U0328,P0088,2.3,2025-11-04 17:15:18,327,87
U0276,P0095,2.6,2025-08-13 17:15:18,275,94
U0473,P0073,3.6,2026-01-28 17:15:18,472,72
U0242,P0035,1.0,2026-02-16 17:15:18,241,34
U0167,P0199,1.7,2025-08-26 17:15:18,166,198
U0423,P0039,2.9,2026-01-07 17:15:18,422,38
U0302,P0077,4.6,2025-06-05 17:15:18,301,76
U0103,P0144,2.5,2026-02-08 17:15:18,102,143
U0225,P0063,3.7,2025-10-09 17:15:18,224,62
U0294,P0140,2.9,2025-04-21 17:15:18,293,139
U0134,P0143,1.8,2025-06-27 17:15:18,133,142
U0419,P0075,3.7,2025-04-06 17:15:18,418,74
U0012,P0036,2.6,2026-02-19 17:15:18,11,35
U0446,P0180,3.9,2025-03-26 17:15:18,445,179
U0379,P0081,5.0,2025-09-22 17:15:18,378,80
U0464,P0198,4.7,2025-08-09 17:15:18,463,197
U0383,P0055,3.9,2025-12-21 17:15:18,382,54
U0165,P0120,3.7,2025-11-29 17:15:18,164,119
U0236,P0093,3.8,2025-10-06 17:15:18,235,92
U0102,P0174,2.3,2025-03-30 17:15:18,101,173
U0133,P0066,5.0,2025-05-20 17:15:18,132,65
U0383,P0006,4.0,2026-01-13 17:15:18,382,5
U0062,P0165,3.2,2025-08-27 17:15:18,61,164
U0219,P0102,5.0,2025-07-19 17:15:18,218,101
U0409,P0013,2.3,2025-06-28 17:15:18,408,12
U0031,P0132,2.7,2025-09-15 17:15:18,30,131
U0009,P0145,5.0,2025-08-14 17:15:18,8,144
U0017,P0130,3.9,2025-10-09 17:15:18,16,129
U0405,P0138,2.7,2025-07-17 17:15:18,404,137
U0145,P0148,4.6,2025-10-06 17:15:18,144,147
U0325,P0018,2.0,2026-02-15 17:15:18,324,17
U0290,P0024,2.7,2025-06-13 17:15:18,289,23
U0400,P0029,3.7,2025-06-26 17:15:18,399,28
U0082,P0132,1.9,2026-02-09 17:15:18,81,131
U0294,P0120,3.0,2025-05-17 17:15:18,293,119
U0333,P0049,4.3,2026-02-16 17:15:18,332,48
U0393,P0176,1.0,2025-08-17 17:15:18,392,175
U0419,P0071,3.7,2025-07-30 17:15:18,418,70
U0232,P0190,2.7,2026-01-07 17:15:18,231,189
U0334,P0085,3.7,2026-02-16 17:15:18,333,84
U0094,P0166,1.0,2025-06-04 17:15:18,93,165
U0174,P0117,5.0,2025-06-28 17:15:18,173,116
U0400,P0178,4.1,2025-08-16 17:15:18,399,177
U0456,P0006,3.9,2025-09-01 17:15:18,455,5
U0295,P0076,3.7,2026-03-22 17:15:18,294,75
U0320,P0100,3.1,2026-03-16 17:15:18,319,99
U0005,P0058,4.3,2025-10-11 17:15:18,4,57
U0219,P0039,3.8,2025-11-13 17:15:18,218,38
U0439,P0058,2.8,2025-05-30 17:15:18,438,57
U0346,P0197,5.0,2025-10-09 17:15:18,345,196
U0273,P0118,1.9,2025-04-25 17:15:18,272,117
U0341,P0052,1.0,2025-06-04 17:15:18,340,51
U0474,P0091,3.8,2025-06-03 17:15:18,473,90
U0079,P0049,2.0,2026-01-09 17:15:18,78,48
U0106,P0079,3.4,2025-12-23 17:15:18,105,78
U0052,P0007,2.2,2025-06-25 17:15:18,51,6
U0400,P0033,4.2,2025-06-22 17:15:18,399,32
U0168,P0081,2.7,2025-11-28 17:15:18,167,80
U0337,P0054,4.1,2025-12-12 17:15:18,336,53
U0156,P0042,3.4,2025-08-20 17:15:18,155,41
U0139,P0060,4.4,2025-12-04 17:15:18,138,59
U0396,P0091,3.9,2026-03-12 17:15:18,395,90
U0071,P0113,1.0,2026-01-21 17:15:18,70,112
U0428,P0097,3.2,2026-03-12 17:15:18,427,96
U0228,P0191,4.2,2025-12-09 17:15:18,227,190
U0195,P0013,1.7,2025-08-09 17:15:18,194,12
U0225,P0103,4.2,2025-12-14 17:15:18,224,102
U0106,P0198,3.2,2025-09-12 17:15:18,105,197
U0303,P0032,3.5,2026-02-06 17:15:18,302,31
U0497,P0045,1.3,2025-07-09 17:15:18,496,44
U0468,P0149,5.0,2025-07-04 17:15:18,467,148
U0063,P0042,4.8,2025-12-08 17:15:18,62,41
U0062,P0126,4.0,2025-05-20 17:15:18,61,125
U0184,P0192,5.0,2025-10-14 17:15:18,183,191
U0213,P0049,5.0,2025-12-08 17:15:18,212,48
U0047,P0130,1.1,2025-09-22 17:15:18,46,129
U0245,P0066,2.3,2025-07-08 17:15:18,244,65
U0058,P0117,1.0,2026-03-17 17:15:18,57,116
U0004,P0098,4.2,2025-08-22 17:15:18,3,97
U0182,P0093,4.4,2025-10-18 17:15:18,181,92
U0429,P0017,4.0,2025-08-15 17:15:18,428,16
U0485,P0167,3.3,2025-10-23 17:15:18,484,166
U0118,P0180,2.0,2026-02-10 17:15:18,117,179
U0334,P0165,2.9,2025-09-07 17:15:18,333,164
U0449,P0121,5.0,2026-03-17 17:15:18,448,120
U0488,P0071,1.9,2025-04-28 17:15:18,487,70
U0460,P0083,4.4,2026-03-02 17:15:18,459,82
U0073,P0064,1.0,2025-12-25 17:15:18,72,63
U0290,P0003,3.0,2026-01-19 17:15:18,289,2
U0266,P0040,3.6,2026-01-13 17:15:18,265,39
U0356,P0121,3.2,2026-03-06 17:15:18,355,120
U0032,P0153,3.2,2025-12-08 17:15:18,31,152
U0444,P0190,3.6,2025-04-21 17:15:18,443,189
U0317,P0107,2.9,2026-01-04 17:15:18,316,106
U0215,P0045,2.7,2025-12-26 17:15:18,214,44
U0480,P0133,3.6,2026-01-07 17:15:18,479,132
U0380,P0172,2.5,2025-12-23 17:15:18,379,171
U0187,P0029,2.9,2026-01-01 17:15:18,186,28
U0016,P0128,4.3,2025-12-11 17:15:18,15,127
U0157,P0104,3.1,2025-05-09 17:15:18,156,103
U0192,P0068,1.8,2025-05-11 17:15:18,191,67
U0165,P0008,3.0,2026-03-12 17:15:18,164,7
U0170,P0008,4.3,2025-07-28 17:15:18,169,7
U0018,P0189,4.6,2026-01-11 17:15:18,17,188
U0468,P0105,1.6,2026-03-02 17:15:18,467,104
U0277,P0097,3.6,2025-05-23 17:15:18,276,96
U0370,P0135,2.7,2025-12-29 17:15:18,369,134
U0081,P0026,2.8,2026-03-18 17:15:18,80,25
U0179,P0058,2.2,2026-02-06 17:15:18,178,57
U0215,P0017,1.8,2026-01-27 17:15:18,214,16
U0496,P0122,4.3,2025-07-31 17:15:18,495,121
U0213,P0138,3.5,2025-08-12 17:15:18,212,137
U0069,P0155,4.3,2025-05-03 17:15:18,68,154
U0001,P0080,1.2,2025-07-25 17:15:18,0,79
U0241,P0066,5.0,2026-01-19 17:15:18,240,65
U0166,P0169,2.4,2025-06-22 17:15:18,165,168
U0188,P0158,4.3,2025-04-17 17:15:18,187,157
U0367,P0025,4.8,2025-07-24 17:15:18,366,24
U0253,P0192,3.4,2025-06-06 17:15:18,252,191
U0101,P0033,4.9,2025-12-03 17:15:18,100,32
U0264,P0034,1.0,2026-01-11 17:15:18,263,33
U0116,P0169,3.3,2026-02-11 17:15:18,115,168
U0381,P0025,1.6,2025-08-31 17:15:18,380,24
U0145,P0158,1.2,2026-01-31 17:15:18,144,157
U0128,P0058,3.8,2025-11-17 17:15:18,127,57
U0095,P0187,4.4,2025-04-22 17:15:18,94,186
U0155,P0085,3.2,2025-03-27 17:15:18,154,84
U0343,P0152,4.2,2025-07-02 17:15:18,342,151
U0265,P0148,3.3,2025-11-09 17:15:18,264,147
U0390,P0034,2.9,2025-10-09 17:15:18,389,33
U0217,P0096,2.6,2025-04-21 17:15:18,216,95
U0075,P0149,4.9,2026-03-08 17:15:18,74,148
U0383,P0099,3.3,2025-05-06 17:15:18,382,98
U0025,P0051,2.5,2025-12-22 17:15:18,24,50
U0008,P0037,1.6,2025-05-05 17:15:18,7,36
U0018,P0061,3.3,2026-01-02 17:15:18,17,60
U0204,P0083,3.5,2026-03-20 17:15:18,203,82
U0293,P0124,3.7,2025-07-21 17:15:18,292,123
U0440,P0089,2.8,2025-12-19 17:15:18,439,88
U0322,P0148,3.2,2025-08-30 17:15:18,321,147
U0232,P0055,3.9,2025-08-05 17:15:18,231,54
U0319,P0068,2.5,2025-06-19 17:15:18,318,67
U0226,P0031,4.1,2025-11-02 17:15:18,225,30
U0336,P0197,3.5,2025-07-05 17:15:18,335,196
U0474,P0087,1.6,2025-10-04 17:15:18,473,86
U0457,P0048,2.2,2025-11-15 17:15:18,456,47
U0175,P0125,1.8,2025-06-17 17:15:18,174,124
U0234,P0170,4.5,2026-02-04 17:15:18,233,169
U0343,P0088,3.3,2025-07-03 17:15:18,342,87
U0135,P0017,2.3,2025-09-19 17:15:18,134,16
U0219,P0165,3.0,2026-03-12 17:15:18,218,164
U0494,P0140,3.0,2026-01-20 17:15:18,493,139
U0049,P0059,2.9,2025-08-03 17:15:18,48,58
U0425,P0029,5.0,2026-01-23 17:15:18,424,28
U0152,P0033,5.0,2025-09-29 17:15:18,151,32
U0158,P0116,1.4,2025-08-14 17:15:18,157,115
U0284,P0022,1.7,2025-07-10 17:15:18,283,21
U0094,P0102,5.0,2025-07-07 17:15:18,93,101
U0100,P0037,2.4,2025-04-11 17:15:18,99,36
U0114,P0199,1.8,2026-03-17 17:15:18,113,198
U0102,P0188,2.6,2025-09-25 17:15:18,101,187
U0270,P0154,3.8,2026-01-07 17:15:18,269,153
U0289,P0136,2.8,2025-06-30 17:15:18,288,135
U0025,P0137,3.6,2025-09-21 17:15:18,24,136
U0277,P0059,4.0,2025-04-04 17:15:18,276,58
U0485,P0136,4.0,2025-12-30 17:15:18,484,135
U0192,P0041,2.2,2026-02-02 17:15:18,191,40
U0349,P0043,5.0,2025-05-04 17:15:18,348,42
U0325,P0159,3.9,2025-11-30 17:15:18,324,158
U0432,P0193,3.9,2026-01-07 17:15:18,431,192
U0277,P0157,2.8,2025-08-20 17:15:18,276,156
U0440,P0052,2.0,2025-11-03 17:15:18,439,51
U0026,P0103,3.0,2025-10-25 17:15:18,25,102
U0200,P0134,3.5,2025-08-22 17:15:18,199,133
U0458,P0122,2.4,2025-07-29 17:15:18,457,121
U0165,P0035,5.0,2025-10-23 17:15:18,164,34
U0001,P0020,3.4,2025-11-17 17:15:18,0,19
U0363,P0143,3.1,2025-04-17 17:15:18,362,142
U0160,P0054,3.6,2025-05-16 17:15:18,159,53
U0305,P0018,4.3,2026-02-23 17:15:18,304,17
U0387,P0106,1.5,2026-01-13 17:15:18,386,105
U0074,P0124,2.0,2026-01-02 17:15:18,73,123
U0392,P0063,3.7,2025-09-06 17:15:18,391,62
U0403,P0041,1.7,2025-04-29 17:15:18,402,40
U0215,P0101,2.3,2025-05-27 17:15:18,214,100
U0100,P0064,1.5,2025-09-27 17:15:18,99,63
U0037,P0058,5.0,2025-11-04 17:15:18,36,57
U0072,P0103,4.2,2026-01-21 17:15:18,71,102
U0372,P0190,1.6,2025-05-30 17:15:18,371,189
U0484,P0173,2.6,2026-01-07 17:15:18,483,172
U0106,P0114,1.8,2026-01-12 17:15:18,105,113
U0345,P0071,3.1,2025-10-09 17:15:18,344,70
U0061,P0134,4.5,2025-10-17 17:15:18,60,133
U0269,P0027,4.8,2025-05-08 17:15:18,268,26
U0307,P0121,2.8,2025-11-27 17:15:18,306,120
U0339,P0113,5.0,2025-10-24 17:15:18,338,112
U0421,P0032,1.5,2025-06-21 17:15:18,420,31
U0381,P0157,2.3,2025-08-05 17:15:18,380,156
U0079,P0019,3.6,2025-10-02 17:15:18,78,18
U0449,P0070,1.0,2026-03-05 17:15:18,448,69
U0058,P0161,1.0,2025-07-30 17:15:18,57,160
U0219,P0150,1.5,2025-12-29 17:15:18,218,149
U0449,P0182,1.6,2025-04-05 17:15:18,448,181
U0389,P0075,3.0,2025-11-30 17:15:18,388,74
U0268,P0027,3.0,2026-02-08 17:15:18,267,26
U0375,P0155,2.0,2025-05-23 17:15:18,374,154
U0443,P0093,3.8,2025-11-22 17:15:18,442,92
U0446,P0171,3.4,2025-07-15 17:15:18,445,170
U0429,P0180,3.2,2025-08-16 17:15:18,428,179
U0216,P0015,2.2,2025-05-03 17:15:18,215,14
U0054,P0198,2.9,2025-11-02 17:15:18,53,197
U0432,P0186,2.1,2025-11-04 17:15:18,431,185
U0464,P0065,1.0,2025-05-02 17:15:18,463,64
U0261,P0085,2.8,2025-08-23 17:15:18,260,84
U0342,P0065,4.5,2025-09-24 17:15:18,341,64
U0043,P0004,5.0,2026-02-02 17:15:18,42,3
U0366,P0125,2.7,2025-11-21 17:15:18,365,124
U0300,P0127,4.8,2025-12-02 17:15:18,299,126
U0303,P0112,2.3,2025-04-19 17:15:18,302,111
U0137,P0027,2.8,2025-03-28 17:15:18,136,26
U0250,P0144,5.0,2025-05-19 17:15:18,249,143
U0429,P0145,1.0,2025-09-14 17:15:18,428,144
U0311,P0133,4.4,2025-04-18 17:15:18,310,132
U0196,P0011,5.0,2025-05-21 17:15:18,195,10
U0056,P0152,4.3,2025-04-30 17:15:18,55,151
U0489,P0026,5.0,2025-06-04 17:15:18,488,25
U0049,P0031,1.9,2025-11-23 17:15:18,48,30
U0185,P0149,4.0,2025-04-15 17:15:18,184,148
U0364,P0155,4.0,2025-08-22 17:15:18,363,154
U0418,P0101,1.0,2026-03-05 17:15:18,417,100
U0404,P0113,1.3,2025-08-02 17:15:18,403,112
U0294,P0134,1.4,2026-03-06 17:15:18,293,133
U0482,P0103,4.8,2025-05-08 17:15:18,481,102
U0382,P0200,3.4,2025-08-16 17:15:18,381,199
U0343,P0007,4.3,2025-12-05 17:15:18,342,6
U0291,P0047,3.3,2026-03-13 17:15:18,290,46
U0323,P0085,3.8,2026-02-03 17:15:18,322,84
U0150,P0106,3.7,2026-03-11 17:15:18,149,105
U0374,P0117,2.5,2025-11-16 17:15:18,373,116
U0184,P0175,2.6,2025-09-30 17:15:18,183,174
U0181,P0064,2.2,2025-11-04 17:15:18,180,63
U0229,P0013,4.7,2025-10-10 17:15:18,228,12
U0235,P0179,3.6,2025-05-04 17:15:18,234,178
U0135,P0197,5.0,2026-01-02 17:15:18,134,196
U0108,P0143,1.4,2025-06-18 17:15:18,107,142
U0332,P0083,2.9,2025-09-01 17:15:18,331,82
U0386,P0090,4.7,2025-12-27 17:15:18,385,89
U0433,P0128,2.4,2026-02-08 17:15:18,432,127
U0171,P0091,2.0,2025-05-14 17:15:18,170,90
U0276,P0190,3.4,2025-11-29 17:15:18,275,189
U0163,P0079,3.4,2026-02-02 17:15:18,162,78
U0469,P0185,3.8,2026-02-07 17:15:18,468,184
U0328,P0104,3.9,2025-10-16 17:15:18,327,103
U0319,P0128,5.0,2025-05-02 17:15:18,318,127
U0096,P0194,4.1,2025-09-11 17:15:18,95,193
U0104,P0068,3.7,2025-03-28 17:15:18,103,67
U0249,P0090,3.7,2025-10-04 17:15:18,248,89
U0459,P0093,3.1,2026-01-03 17:15:18,458,92
U0492,P0044,1.6,2025-10-11 17:15:18,491,43
U0009,P0029,1.0,2025-12-18 17:15:18,8,28
U0298,P0080,5.0,2025-07-09 17:15:18,297,79
U0359,P0165,3.1,2025-06-12 17:15:18,358,164
U0152,P0194,2.4,2025-06-12 17:15:18,151,193
U0276,P0046,3.1,2025-09-03 17:15:18,275,45
U0317,P0179,3.2,2026-02-15 17:15:18,316,178
U0102,P0024,3.6,2026-02-07 17:15:18,101,23
U0365,P0154,2.7,2025-04-20 17:15:18,364,153
U0208,P0068,4.4,2026-01-10 17:15:18,207,67
U0367,P0088,1.1,2025-06-26 17:15:18,366,87
U0182,P0102,3.2,2026-01-16 17:15:18,181,101
U0472,P0099,1.0,2026-01-31 17:15:18,471,98
U0433,P0189,1.1,2025-10-26 17:15:18,432,188
U0315,P0146,4.2,2026-02-11 17:15:18,314,145
U0166,P0058,1.0,2025-08-11 17:15:18,165,57
U0423,P0011,2.5,2025-11-20 17:15:18,422,10
U0281,P0040,2.5,2025-04-18 17:15:18,280,39
U0141,P0007,2.0,2025-07-15 17:15:18,140,6
U0113,P0063,5.0,2025-11-30 17:15:18,112,62
U0226,P0166,4.3,2025-12-05 17:15:18,225,165
U0075,P0004,3.1,2025-10-25 17:15:18,74,3
U0125,P0006,4.6,2025-05-16 17:15:18,124,5
U0248,P0113,4.7,2025-08-25 17:15:18,247,112
U0285,P0142,3.4,2025-06-08 17:15:18,284,141
U0099,P0106,2.5,2025-12-20 17:15:18,98,105
U0435,P0133,4.0,2025-06-01 17:15:18,434,132
U0295,P0100,2.3,2025-11-12 17:15:18,294,99
U0362,P0094,2.1,2025-11-11 17:15:18,361,93
U0221,P0095,2.9,2025-09-20 17:15:18,220,94
U0461,P0061,3.2,2025-10-13 17:15:18,460,60
U0277,P0092,1.3,2026-02-14 17:15:18,276,91
U0491,P0178,4.1,2026-01-16 17:15:18,490,177
U0165,P0180,2.9,2025-11-19 17:15:18,164,179
U0408,P0138,2.8,2025-06-02 17:15:18,407,137
U0066,P0025,4.9,2025-07-09 17:15:18,65,24
U0363,P0122,1.0,2025-06-24 17:15:18,362,121
U0161,P0027,1.9,2025-05-20 17:15:18,160,26
U0117,P0185,2.2,2025-09-28 17:15:18,116,184
U0368,P0180,3.4,2025-04-29 17:15:18,367,179
U0500,P0142,1.9,2025-12-01 17:15:18,499,141
U0239,P0069,4.4,2025-06-04 17:15:18,238,68
U0429,P0014,1.6,2025-08-02 17:15:18,428,13
U0317,P0113,4.9,2025-07-14 17:15:18,316,112
U0034,P0044,4.4,2026-03-14 17:15:18,33,43
U0287,P0115,4.1,2025-06-12 17:15:18,286,114
U0333,P0015,3.0,2025-09-29 17:15:18,332,14
U0245,P0181,5.0,2026-01-09 17:15:18,244,180
U0033,P0175,1.5,2025-09-25 17:15:18,32,174
U0034,P0185,1.4,2025-11-04 17:15:18,33,184
U0292,P0065,1.7,2026-03-11 17:15:18,291,64
U0366,P0154,2.5,2025-07-17 17:15:18,365,153
U0221,P0181,2.3,2026-01-16 17:15:18,220,180
U0203,P0056,2.5,2025-04-21 17:15:18,202,55
U0232,P0080,5.0,2025-06-23 17:15:18,231,79
U0357,P0173,4.2,2025-10-21 17:15:18,356,172
U0170,P0060,2.2,2025-06-07 17:15:18,169,59
U0409,P0131,1.9,2025-08-29 17:15:18,408,130
U0074,P0197,3.4,2025-06-22 17:15:18,73,196
U0349,P0151,3.2,2025-10-15 17:15:18,348,150
U0442,P0002,5.0,2025-05-17 17:15:18,441,1
U0028,P0183,4.4,2025-09-23 17:15:18,27,182
U0301,P0031,2.8,2026-02-17 17:15:18,300,30
U0315,P0017,4.0,2025-06-27 17:15:18,314,16
U0212,P0187,3.5,2026-01-02 17:15:18,211,186
U0376,P0050,3.6,2025-11-18 17:15:18,375,49
U0308,P0199,1.7,2025-12-24 17:15:18,307,198
U0428,P0047,2.0,2026-03-10 17:15:18,427,46
U0333,P0127,2.7,2026-01-23 17:15:18,332,126
U0049,P0104,2.9,2025-06-05 17:15:18,48,103
U0359,P0176,4.7,2025-09-08 17:15:18,358,175
U0413,P0105,2.7,2025-09-11 17:15:18,412,104
U0357,P0122,2.0,2026-01-14 17:15:18,356,121
U0434,P0088,1.2,2025-12-22 17:15:18,433,87
U0050,P0080,1.6,2025-09-25 17:15:18,49,79
U0091,P0182,3.1,2025-08-17 17:15:18,90,181
U0451,P0065,1.8,2025-07-13 17:15:18,450,64
U0047,P0048,3.7,2025-11-12 17:15:18,46,47
U0206,P0052,2.4,2025-11-29 17:15:18,205,51
U0180,P0166,2.7,2025-05-05 17:15:18,179,165
U0042,P0087,2.5,2025-08-06 17:15:18,41,86
U0385,P0025,1.8,2025-06-30 17:15:18,384,24
U0132,P0006,2.3,2025-05-19 17:15:18,131,5
U0032,P0143,2.7,2026-02-23 17:15:18,31,142
U0350,P0096,1.7,2026-02-05 17:15:18,349,95
U0494,P0136,1.0,2026-03-19 17:15:18,493,135
U0003,P0084,4.3,2025-09-10 17:15:18,2,83
U0157,P0008,1.9,2025-06-08 17:15:18,156,7
U0289,P0096,2.4,2026-02-18 17:15:18,288,95
U0490,P0045,3.5,2025-12-19 17:15:18,489,44
U0326,P0159,5.0,2025-07-13 17:15:18,325,158
U0094,P0138,2.8,2025-12-04 17:15:18,93,137
U0050,P0175,2.9,2026-01-05 17:15:18,49,174
U0308,P0096,3.3,2025-06-05 17:15:18,307,95
U0091,P0113,3.5,2025-03-29 17:15:18,90,112
U0434,P0198,1.8,2025-12-25 17:15:18,433,197
U0260,P0039,1.4,2025-08-10 17:15:18,259,38
U0016,P0160,4.0,2026-03-06 17:15:18,15,159
U0479,P0138,1.0,2026-01-23 17:15:18,478,137
U0414,P0080,4.9,2025-10-27 17:15:18,413,79
U0056,P0090,2.6,2025-04-10 17:15:18,55,89
U0093,P0152,2.9,2025-07-03 17:15:18,92,151
U0086,P0026,3.5,2025-07-14 17:15:18,85,25
U0099,P0155,2.1,2026-01-05 17:15:18,98,154
U0314,P0087,4.3,2025-08-05 17:15:18,313,86
U0476,P0169,2.8,2025-06-18 17:15:18,475,168
U0426,P0100,3.6,2025-08-08 17:15:18,425,99
U0484,P0030,1.6,2025-04-17 17:15:18,483,29
U0284,P0017,1.6,2025-10-03 17:15:18,283,16
U0127,P0094,1.0,2026-01-12 17:15:18,126,93
U0097,P0104,3.8,2026-03-04 17:15:18,96,103
U0184,P0016,1.8,2025-07-23 17:15:18,183,15
U0416,P0169,3.7,2025-03-28 17:15:18,415,168
U0387,P0152,5.0,2026-02-03 17:15:18,386,151
U0435,P0134,1.2,2026-02-07 17:15:18,434,133
U0340,P0168,1.4,2025-10-12 17:15:18,339,167
U0467,P0135,5.0,2025-06-10 17:15:18,466,134
U0295,P0180,5.0,2025-06-26 17:15:18,294,179
U0268,P0101,4.0,2025-06-19 17:15:18,267,100
U0330,P0052,4.3,2025-11-01 17:15:18,329,51
U0230,P0196,1.9,2025-12-14 17:15:18,229,195
U0150,P0161,4.4,2025-08-19 17:15:18,149,160
U0207,P0112,1.8,2025-09-13 17:15:18,206,111
U0043,P0126,2.0,2026-03-13 17:15:18,42,125
U0252,P0027,1.2,2025-10-12 17:15:18,251,26
U0288,P0124,4.0,2025-05-17 17:15:18,287,123
U0200,P0079,2.9,2025-07-14 17:15:18,199,78
U0403,P0198,2.4,2025-10-29 17:15:18,402,197
U0395,P0176,2.9,2025-04-02 17:15:18,394,175
U0029,P0136,3.2,2026-03-04 17:15:18,28,135
U0097,P0023,4.9,2025-10-19 17:15:18,96,22
U0457,P0151,2.7,2025-06-06 17:15:18,456,150
U0278,P0045,4.0,2025-05-01 17:15:18,277,44
U0161,P0190,4.9,2026-03-01 17:15:18,160,189
U0274,P0008,3.0,2026-03-01 17:15:18,273,7
U0495,P0078,5.0,2025-09-09 17:15:18,494,77
U0097,P0091,3.5,2025-06-23 17:15:18,96,90
U0027,P0176,2.1,2025-08-15 17:15:18,26,175
U0379,P0131,2.7,2025-06-30 17:15:18,378,130
U0435,P0046,3.6,2025-07-08 17:15:18,434,45
U0358,P0012,3.5,2025-12-06 17:15:18,357,11
U0051,P0118,3.8,2025-12-20 17:15:18,50,117
U0457,P0057,3.5,2025-03-26 17:15:18,456,56
U0164,P0019,1.0,2025-12-11 17:15:18,163,18
U0293,P0164,5.0,2025-05-16 17:15:18,292,163
U0008,P0012,1.0,2025-09-11 17:15:18,7,11
U0106,P0177,3.4,2026-01-25 17:15:18,105,176
U0474,P0075,2.1,2026-03-23 17:15:18,473,74
U0464,P0062,3.2,2025-04-22 17:15:18,463,61
U0417,P0085,1.2,2025-12-25 17:15:18,416,84
U0200,P0059,3.7,2025-09-16 17:15:18,199,58
U0470,P0103,1.0,2026-03-03 17:15:18,469,102
U0080,P0037,3.3,2025-05-23 17:15:18,79,36
U0127,P0160,3.0,2025-04-17 17:15:18,126,159
U0133,P0109,2.2,2025-04-11 17:15:18,132,108
U0293,P0182,4.1,2025-05-09 17:15:18,292,181
U0159,P0053,5.0,2025-04-25 17:15:18,158,52
U0378,P0070,5.0,2025-08-28 17:15:18,377,69
U0354,P0003,2.6,2025-08-25 17:15:18,353,2
U0422,P0106,3.6,2025-09-13 17:15:18,421,105
U0143,P0049,2.7,2025-07-19 17:15:18,142,48
U0130,P0154,3.0,2026-03-20 17:15:18,129,153
U0321,P0178,2.2,2025-09-04 17:15:18,320,177
U0022,P0179,4.2,2025-08-08 17:15:18,21,178
U0066,P0170,4.5,2025-04-06 17:15:18,65,169
U0115,P0019,1.9,2025-05-03 17:15:18,114,18
U0059,P0030,2.4,2026-01-03 17:15:18,58,29
U0462,P0126,3.9,2026-02-19 17:15:18,461,125
U0168,P0043,3.3,2025-11-14 17:15:18,167,42
U0490,P0175,1.4,2025-04-04 17:15:18,489,174
U0204,P0073,2.4,2025-06-24 17:15:18,203,72
U0147,P0073,4.4,2025-06-07 17:15:18,146,72
U0134,P0028,3.7,2026-01-23 17:15:18,133,27
U0203,P0052,3.8,2026-02-09 17:15:18,202,51
U0285,P0128,4.0,2025-12-13 17:15:18,284,127
U0066,P0133,4.3,2026-03-07 17:15:18,65,132
U0241,P0123,3.5,2026-01-29 17:15:18,240,122
U0058,P0059,5.0,2026-03-06 17:15:18,57,58
U0427,P0100,1.0,2025-12-21 17:15:18,426,99
U0043,P0196,2.7,2025-04-04 17:15:18,42,195
U0413,P0018,3.8,2025-11-22 17:15:18,412,17
U0224,P0158,2.2,2025-09-17 17:15:18,223,157
U0225,P0190,1.8,2026-01-11 17:15:18,224,189
U0227,P0153,2.7,2026-03-04 17:15:18,226,152
U0340,P0129,3.4,2025-12-19 17:15:18,339,128
U0394,P0054,2.6,2025-10-14 17:15:18,393,53
U0023,P0146,5.0,2026-03-18 17:15:18,22,145
U0486,P0040,2.5,2025-10-02 17:15:18,485,39
U0441,P0065,3.9,2025-12-26 17:15:18,440,64
U0103,P0165,4.6,2026-02-25 17:15:18,102,164
U0201,P0098,5.0,2026-01-06 17:15:18,200,97
U0485,P0075,3.4,2025-07-10 17:15:18,484,74
U0033,P0058,5.0,2025-12-21 17:15:18,32,57
U0322,P0050,3.4,2025-10-05 17:15:18,321,49
U0337,P0185,3.7,2025-08-13 17:15:18,336,184
U0013,P0113,4.8,2026-02-18 17:15:18,12,112
U0432,P0063,3.5,2025-05-21 17:15:18,431,62
U0271,P0074,4.0,2025-06-13 17:15:18,270,73
U0083,P0037,2.9,2025-06-18 17:15:18,82,36
U0494,P0082,3.3,2026-02-24 17:15:18,493,81
U0058,P0176,2.2,2026-02-20 17:15:18,57,175
U0210,P0133,4.7,2025-06-25 17:15:18,209,132
U0009,P0159,2.3,2025-12-29 17:15:18,8,158
U0371,P0083,4.7,2025-09-17 17:15:18,370,82
U0020,P0037,3.3,2026-01-31 17:15:18,19,36
U0351,P0060,4.1,2026-03-22 17:15:18,350,59
U0196,P0001,5.0,2025-06-10 17:15:18,195,0
U0030,P0100,3.8,2025-06-08 17:15:18,29,99
U0062,P0058,5.0,2025-05-08 17:15:18,61,57
U0019,P0145,2.8,2025-06-19 17:15:18,18,144
U0038,P0006,4.0,2025-04-27 17:15:18,37,5
U0422,P0122,4.9,2025-06-06 17:15:18,421,121
U0331,P0099,4.7,2025-11-01 17:15:18,330,98
U0352,P0158,3.7,2025-09-08 17:15:18,351,157
U0231,P0192,2.9,2025-11-24 17:15:18,230,191
U0350,P0126,2.5,2025-05-16 17:15:18,349,125
U0129,P0089,3.1,2025-05-04 17:15:18,128,88
U0233,P0123,3.8,2026-01-06 17:15:18,232,122
U0233,P0138,2.6,2025-09-22 17:15:18,232,137
U0115,P0037,5.0,2025-10-30 17:15:18,114,36
U0327,P0188,2.4,2025-12-26 17:15:18,326,187
U0494,P0100,3.4,2025-11-14 17:15:18,493,99
U0452,P0042,2.5,2025-09-18 17:15:18,451,41
U0379,P0006,3.6,2025-08-16 17:15:18,378,5
U0413,P0077,4.4,2026-01-11 17:15:18,412,76
U0022,P0118,2.8,2025-08-27 17:15:18,21,117
U0364,P0139,2.9,2025-11-29 17:15:18,363,138
U0206,P0033,1.3,2025-05-09 17:15:18,205,32
U0181,P0054,2.8,2025-08-30 17:15:18,180,53
U0216,P0107,1.1,2025-08-02 17:15:18,215,106
U0376,P0116,3.5,2025-08-10 17:15:18,375,115
U0488,P0100,4.5,2025-07-31 17:15:18,487,99
U0187,P0087,1.5,2025-10-10 17:15:18,186,86
U0069,P0186,5.0,2025-06-27 17:15:18,68,185
U0106,P0063,5.0,2025-12-04 17:15:18,105,62
U0365,P0049,2.4,2025-06-07 17:15:18,364,48
U0100,P0187,1.6,2025-04-22 17:15:18,99,186
U0402,P0159,1.0,2025-09-20 17:15:18,401,158
U0461,P0119,3.2,2025-06-18 17:15:18,460,118
U0442,P0196,3.3,2025-08-28 17:15:18,441,195
U0192,P0165,2.1,2025-10-19 17:15:18,191,164
U0110,P0101,4.5,2026-01-12 17:15:18,109,100
U0241,P0028,1.0,2025-06-21 17:15:18,240,27
U0334,P0116,4.8,2025-10-23 17:15:18,333,115
U0464,P0199,1.9,2025-05-10 17:15:18,463,198
U0212,P0014,2.5,2025-12-13 17:15:18,211,13
U0112,P0087,3.9,2025-06-16 17:15:18,111,86
U0456,P0041,2.7,2025-04-22 17:15:18,455,40
U0197,P0133,2.8,2025-08-16 17:15:18,196,132
U0093,P0114,5.0,2026-03-13 17:15:18,92,113
U0356,P0053,4.4,2025-09-09 17:15:18,355,52
U0291,P0171,3.6,2025-12-27 17:15:18,290,170
U0140,P0191,2.8,2025-04-11 17:15:18,139,190
U0289,P0197,4.1,2026-01-05 17:15:18,288,196
U0329,P0103,1.0,2025-06-04 17:15:18,328,102
U0401,P0051,2.2,2026-01-07 17:15:18,400,50
U0240,P0063,4.0,2026-01-18 17:15:18,239,62
U0391,P0125,5.0,2025-10-15 17:15:18,390,124
U0313,P0196,3.2,2025-05-16 17:15:18,312,195
U0322,P0010,5.0,2025-04-13 17:15:18,321,9
U0050,P0017,3.1,2026-02-10 17:15:18,49,16
U0011,P0003,1.8,2026-02-26 17:15:18,10,2
U0170,P0024,2.6,2025-10-16 17:15:18,169,23
U0477,P0092,4.2,2025-12-12 17:15:18,476,91
U0381,P0039,3.1,2025-12-06 17:15:18,380,38
U0158,P0017,2.1,2025-09-21 17:15:18,157,16
U0320,P0081,2.3,2025-05-31 17:15:18,319,80
U0464,P0115,5.0,2025-07-25 17:15:18,463,114
U0174,P0181,1.0,2025-12-26 17:15:18,173,180
U0149,P0078,3.7,2026-02-02 17:15:18,148,77
U0411,P0144,3.1,2026-01-03 17:15:18,410,143
U0462,P0039,1.1,2026-01-01 17:15:18,461,38
U0213,P0031,5.0,2025-06-26 17:15:18,212,30
U0467,P0159,3.2,2025-08-28 17:15:18,466,158
U0082,P0144,3.8,2025-06-16 17:15:18,81,143
U0322,P0121,3.3,2025-04-01 17:15:18,321,120
U0144,P0177,5.0,2025-11-18 17:15:18,143,176
U0500,P0030,3.1,2025-04-20 17:15:18,499,29
U0485,P0038,2.3,2025-08-10 17:15:18,484,37
U0050,P0194,2.8,2026-03-05 17:15:18,49,193
U0070,P0098,5.0,2025-07-26 17:15:18,69,97
U0195,P0123,3.2,2025-12-28 17:15:18,194,122
U0393,P0006,1.8,2025-05-29 17:15:18,392,5
U0477,P0113,2.2,2025-05-30 17:15:18,476,112
U0293,P0047,1.9,2025-08-08 17:15:18,292,46
U0458,P0006,2.6,2025-07-17 17:15:18,457,5
U0291,P0089,2.1,2025-10-03 17:15:18,290,88
U0044,P0095,4.1,2026-02-18 17:15:18,43,94
U0091,P0035,3.4,2025-05-10 17:15:18,90,34
U0154,P0174,2.0,2025-09-05 17:15:18,153,173
U0470,P0039,4.2,2026-01-28 17:15:18,469,38
U0479,P0172,1.0,2025-12-15 17:15:18,478,171
U0493,P0163,3.7,2025-10-12 17:15:18,492,162
U0150,P0183,4.7,2026-02-11 17:15:18,149,182
U0182,P0155,2.3,2025-07-15 17:15:18,181,154
U0009,P0160,5.0,2025-05-27 17:15:18,8,159
U0214,P0044,2.4,2025-09-20 17:15:18,213,43
U0436,P0065,3.1,2025-12-17 17:15:18,435,64
U0263,P0072,2.6,2025-07-02 17:15:18,262,71
U0463,P0007,2.3,2025-07-18 17:15:18,462,6
U0164,P0043,3.9,2026-02-27 17:15:18,163,42
U0333,P0062,4.1,2025-04-01 17:15:18,332,61
U0157,P0068,2.2,2025-08-08 17:15:18,156,67
U0222,P0087,3.1,2026-03-05 17:15:18,221,86
U0140,P0192,2.1,2025-04-23 17:15:18,139,191
U0042,P0086,2.1,2025-06-16 17:15:18,41,85
U0017,P0034,2.4,2025-05-10 17:15:18,16,33
U0006,P0189,1.0,2025-06-05 17:15:18,5,188
U0010,P0078,4.4,2025-09-12 17:15:18,9,77
U0103,P0121,3.0,2025-09-12 17:15:18,102,120
U0199,P0010,2.7,2025-04-04 17:15:18,198,9
U0345,P0070,3.8,2025-04-03 17:15:18,344,69
U0193,P0086,3.1,2025-09-19 17:15:18,192,85
U0438,P0109,3.6,2025-08-29 17:15:18,437,108
U0363,P0088,2.1,2026-01-17 17:15:18,362,87
U0483,P0089,5.0,2025-11-12 17:15:18,482,88
U0251,P0073,3.6,2025-11-09 17:15:18,250,72
U0043,P0116,1.7,2025-04-16 17:15:18,42,115
U0044,P0171,4.7,2025-10-13 17:15:18,43,170
U0442,P0131,2.1,2026-01-26 17:15:18,441,130
U0012,P0033,1.7,2026-01-30 17:15:18,11,32
U0125,P0020,3.5,2025-12-25 17:15:18,124,19
U0192,P0017,2.5,2026-01-06 17:15:18,191,16
U0293,P0061,3.8,2026-02-09 17:15:18,292,60
U0443,P0020,1.0,2026-03-21 17:15:18,442,19
U0371,P0004,4.0,2025-10-02 17:15:18,370,3
U0446,P0159,4.6,2026-02-17 17:15:18,445,158
U0080,P0150,4.2,2025-05-09 17:15:18,79,149
U0495,P0118,5.0,2025-05-06 17:15:18,494,117
U0403,P0171,3.9,2026-01-30 17:15:18,402,170
U0314,P0032,2.3,2026-02-25 17:15:18,313,31
U0361,P0036,3.1,2025-12-13 17:15:18,360,35
U0471,P0191,2.6,2026-02-12 17:15:18,470,190
U0096,P0024,2.1,2026-02-07 17:15:18,95,23
U0002,P0111,3.0,2025-04-08 17:15:18,1,110
U0120,P0054,1.8,2026-02-28 17:15:18,119,53
U0368,P0021,1.9,2025-09-08 17:15:18,367,20
U0165,P0161,3.5,2025-06-27 17:15:18,164,160
U0099,P0122,3.9,2025-12-14 17:15:18,98,121
U0363,P0127,1.0,2025-05-20 17:15:18,362,126
U0362,P0048,4.4,2025-07-28 17:15:18,361,47
U0148,P0188,4.0,2025-04-13 17:15:18,147,187
U0227,P0048,1.0,2025-07-09 17:15:18,226,47
U0004,P0021,2.8,2025-12-25 17:15:18,3,20
U0499,P0051,3.0,2025-11-11 17:15:18,498,50
U0074,P0139,4.6,2025-06-04 17:15:18,73,138
U0499,P0049,1.0,2025-04-01 17:15:18,498,48
U0064,P0180,3.9,2026-02-15 17:15:18,63,179
U0097,P0048,3.3,2025-10-12 17:15:18,96,47
U0388,P0059,3.2,2026-01-01 17:15:18,387,58
U0203,P0163,3.2,2025-05-26 17:15:18,202,162
U0152,P0154,3.1,2025-08-26 17:15:18,151,153
U0260,P0164,4.7,2025-10-30 17:15:18,259,163
U0112,P0110,3.6,2025-11-17 17:15:18,111,109
U0423,P0089,1.0,2025-11-22 17:15:18,422,88
U0272,P0002,5.0,2025-04-24 17:15:18,271,1
U0456,P0175,1.7,2025-11-17 17:15:18,455,174
U0145,P0194,3.1,2026-01-02 17:15:18,144,193
U0034,P0016,3.6,2026-02-21 17:15:18,33,15
U0253,P0089,2.8,2026-02-23 17:15:18,252,88
U0318,P0194,2.4,2025-08-17 17:15:18,317,193
U0041,P0173,3.0,2025-08-09 17:15:18,40,172
U0346,P0023,2.7,2025-10-13 17:15:18,345,22
U0470,P0093,3.3,2025-04-02 17:15:18,469,92
U0349,P0156,3.9,2025-04-12 17:15:18,348,155
U0492,P0017,5.0,2025-06-07 17:15:18,491,16
U0135,P0187,3.9,2025-10-13 17:15:18,134,186
U0231,P0092,3.6,2025-07-23 17:15:18,230,91
U0190,P0128,4.0,2025-10-23 17:15:18,189,127
U0391,P0126,3.5,2025-10-16 17:15:18,390,125
U0280,P0191,2.3,2025-12-18 17:15:18,279,190
U0117,P0151,2.3,2025-12-28 17:15:18,116,150
U0022,P0177,3.1,2025-09-26 17:15:18,21,176
U0210,P0120,3.9,2025-08-01 17:15:18,209,119
U0167,P0104,2.9,2025-07-31 17:15:18,166,103
U0445,P0119,3.7,2025-08-06 17:15:18,444,118
U0079,P0037,1.5,2025-09-09 17:15:18,78,36
U0215,P0007,2.1,2026-01-13 17:15:18,214,6
U0404,P0082,1.8,2025-09-11 17:15:18,403,81
U0446,P0162,2.8,2026-01-08 17:15:18,445,161
U0205,P0094,3.6,2026-03-18 17:15:18,204,93
U0223,P0170,3.2,2025-12-27 17:15:18,222,169
U0078,P0152,3.1,2025-12-21 17:15:18,77,151
U0112,P0025,2.5,2026-03-17 17:15:18,111,24
U0201,P0121,3.2,2026-01-08 17:15:18,200,120
U0139,P0087,1.9,2025-12-14 17:15:18,138,86
U0012,P0128,4.6,2025-09-06 17:15:18,11,127
U0082,P0078,3.7,2025-06-17 17:15:18,81,77
U0143,P0059,1.0,2025-12-18 17:15:18,142,58
U0250,P0156,4.2,2025-07-13 17:15:18,249,155
U0222,P0112,2.5,2026-01-03 17:15:18,221,111
U0250,P0171,2.4,2026-02-23 17:15:18,249,170
U0181,P0028,3.5,2026-02-19 17:15:18,180,27
U0488,P0083,3.2,2025-03-29 17:15:18,487,82
U0245,P0156,2.8,2025-10-28 17:15:18,244,155
U0073,P0061,3.0,2025-07-03 17:15:18,72,60
U0483,P0127,2.4,2025-12-05 17:15:18,482,126
U0214,P0126,5.0,2026-03-19 17:15:18,213,125
U0490,P0079,1.0,2025-05-06 17:15:18,489,78
U0082,P0087,4.1,2025-05-07 17:15:18,81,86
U0160,P0176,2.6,2025-05-13 17:15:18,159,175
U0220,P0157,3.3,2026-01-22 17:15:18,219,156
U0307,P0034,3.2,2025-06-27 17:15:18,306,33
U0145,P0088,2.3,2025-09-15 17:15:18,144,87
U0414,P0177,2.7,2026-01-19 17:15:18,413,176
U0190,P0145,4.3,2025-07-26 17:15:18,189,144
U0033,P0005,5.0,2025-08-09 17:15:18,32,4
U0190,P0107,1.2,2025-11-19 17:15:18,189,106
U0108,P0084,3.7,2025-04-07 17:15:18,107,83
U0120,P0081,4.9,2025-05-05 17:15:18,119,80
U0469,P0122,3.6,2025-11-02 17:15:18,468,121
U0285,P0088,1.2,2025-06-03 17:15:18,284,87
U0407,P0085,2.1,2025-04-02 17:15:18,406,84
U0100,P0033,2.5,2025-10-12 17:15:18,99,32
U0401,P0162,3.1,2025-06-05 17:15:18,400,161
U0498,P0059,3.4,2025-03-28 17:15:18,497,58
U0304,P0157,4.1,2025-11-24 17:15:18,303,156
U0417,P0064,1.4,2025-07-18 17:15:18,416,63
U0289,P0121,1.0,2026-03-16 17:15:18,288,120
U0161,P0131,3.6,2026-02-05 17:15:18,160,130
U0197,P0193,1.0,2026-01-09 17:15:18,196,192
U0320,P0083,2.3,2026-02-12 17:15:18,319,82
U0271,P0126,5.0,2025-08-01 17:15:18,270,125
U0137,P0018,4.0,2025-08-07 17:15:18,136,17
U0200,P0200,2.9,2025-12-17 17:15:18,199,199
U0406,P0198,2.4,2025-11-04 17:15:18,405,197
U0187,P0200,2.4,2026-02-23 17:15:18,186,199
U0243,P0064,4.2,2025-12-01 17:15:18,242,63
U0168,P0092,3.2,2025-05-12 17:15:18,167,91
U0248,P0144,3.0,2026-01-10 17:15:18,247,143
U0402,P0070,4.2,2025-10-13 17:15:18,401,69
U0249,P0081,4.2,2025-05-20 17:15:18,248,80
U0453,P0138,3.2,2025-12-13 17:15:18,452,137
U0422,P0166,1.9,2025-12-19 17:15:18,421,165
U0491,P0153,5.0,2025-05-20 17:15:18,490,152
U0062,P0076,2.2,2026-02-22 17:15:18,61,75
U0377,P0050,2.8,2025-06-30 17:15:18,376,49
U0410,P0130,3.1,2025-11-01 17:15:18,409,129
U0128,P0097,1.5,2025-08-21 17:15:18,127,96
U0359,P0003,4.7,2025-10-24 17:15:18,358,2
U0134,P0053,2.1,2026-01-11 17:15:18,133,52
U0152,P0007,3.1,2026-03-11 17:15:18,151,6
U0391,P0108,3.4,2026-02-13 17:15:18,390,107
U0189,P0120,3.2,2026-01-09 17:15:18,188,119
U0229,P0161,3.4,2025-09-11 17:15:18,228,160
U0285,P0041,2.4,2025-05-25 17:15:18,284,40
U0228,P0195,4.0,2025-10-16 17:15:18,227,194
U0234,P0071,2.1,2025-12-14 17:15:18,233,70
U0362,P0156,2.5,2025-08-05 17:15:18,361,155
U0146,P0042,2.8,2025-05-29 17:15:18,145,41
U0066,P0083,1.8,2026-03-17 17:15:18,65,82
U0064,P0014,3.6,2025-10-09 17:15:18,63,13
U0283,P0123,5.0,2025-09-18 17:15:18,282,122
U0073,P0081,4.7,2025-09-14 17:15:18,72,80
U0282,P0007,5.0,2025-05-08 17:15:18,281,6
U0223,P0166,2.4,2025-10-11 17:15:18,222,165
U0203,P0046,3.1,2025-10-09 17:15:18,202,45
U0314,P0195,1.9,2026-03-08 17:15:18,313,194
U0330,P0073,5.0,2025-10-11 17:15:18,329,72
U0290,P0194,5.0,2025-06-07 17:15:18,289,193
U0021,P0131,4.0,2026-02-25 17:15:18,20,130
U0371,P0184,4.4,2026-01-17 17:15:18,370,183
U0255,P0017,3.9,2026-02-19 17:15:18,254,16
U0072,P0039,2.4,2026-02-01 17:15:18,71,38
U0268,P0042,1.8,2025-11-25 17:15:18,267,41
U0048,P0194,3.4,2025-09-22 17:15:18,47,193
U0498,P0092,2.6,2025-10-03 17:15:18,497,91
U0042,P0106,2.7,2025-10-01 17:15:18,41,105
U0385,P0018,1.7,2025-07-16 17:15:18,384,17
U0206,P0140,2.3,2026-02-22 17:15:18,205,139
U0269,P0107,2.7,2025-05-01 17:15:18,268,106
U0405,P0102,4.9,2025-04-04 17:15:18,404,101
U0080,P0141,2.3,2026-02-08 17:15:18,79,140
U0417,P0054,3.9,2025-08-08 17:15:18,416,53
U0082,P0030,1.8,2025-11-12 17:15:18,81,29
U0117,P0062,1.4,2026-02-25 17:15:18,116,61
U0331,P0175,3.9,2025-06-13 17:15:18,330,174
U0013,P0014,2.4,2025-04-30 17:15:18,12,13
U0432,P0179,3.3,2025-11-30 17:15:18,431,178
U0246,P0011,1.7,2026-03-04 17:15:18,245,10
U0120,P0040,5.0,2026-01-14 17:15:18,119,39
U0257,P0082,4.5,2025-10-11 17:15:18,256,81
U0199,P0194,2.5,2025-05-05 17:15:18,198,193
U0344,P0102,3.7,2026-03-16 17:15:18,343,101
U0262,P0196,2.9,2025-10-28 17:15:18,261,195
U0253,P0007,3.6,2025-04-17 17:15:18,252,6
U0366,P0179,5.0,2025-08-25 17:15:18,365,178
U0282,P0018,4.9,2026-03-05 17:15:18,281,17
U0103,P0151,2.5,2026-03-07 17:15:18,102,150
U0299,P0126,1.0,2026-03-22 17:15:18,298,125
U0179,P0180,1.9,2026-02-12 17:15:18,178,179
U0298,P0095,3.4,2025-07-08 17:15:18,297,94
U0461,P0043,1.5,2025-09-03 17:15:18,460,42
U0275,P0002,2.6,2025-05-08 17:15:18,274,1
U0382,P0160,2.1,2025-11-01 17:15:18,381,159
U0137,P0143,3.2,2025-09-15 17:15:18,136,142
U0262,P0100,2.9,2026-01-03 17:15:18,261,99
U0428,P0052,1.8,2025-05-18 17:15:18,427,51
U0132,P0086,3.6,2025-12-15 17:15:18,131,85
U0168,P0067,3.3,2025-09-05 17:15:18,167,66
U0062,P0167,2.0,2025-10-30 17:15:18,61,166
U0232,P0008,3.5,2025-08-09 17:15:18,231,7
U0309,P0167,4.3,2025-04-16 17:15:18,308,166
U0263,P0198,4.5,2025-08-30 17:15:18,262,197
U0105,P0048,1.0,2026-01-27 17:15:18,104,47
U0022,P0100,3.5,2026-01-30 17:15:18,21,99
U0381,P0053,5.0,2025-12-13 17:15:18,380,52
U0389,P0146,2.9,2025-10-24 17:15:18,388,145
U0427,P0177,1.5,2025-04-14 17:15:18,426,176
U0110,P0152,2.0,2025-10-21 17:15:18,109,151
U0185,P0119,1.7,2026-02-26 17:15:18,184,118
U0332,P0161,2.7,2025-11-28 17:15:18,331,160
U0291,P0065,1.0,2025-12-04 17:15:18,290,64
U0262,P0007,2.9,2025-10-18 17:15:18,261,6
U0007,P0056,4.0,2025-12-23 17:15:18,6,55
U0441,P0086,3.1,2025-12-10 17:15:18,440,85
U0256,P0185,3.7,2025-09-08 17:15:18,255,184
U0369,P0084,2.9,2025-08-03 17:15:18,368,83
U0201,P0155,2.2,2025-12-31 17:15:18,200,154
U0472,P0126,3.1,2025-07-23 17:15:18,471,125
U0147,P0171,3.9,2025-11-18 17:15:18,146,170
U0040,P0158,3.5,2026-01-30 17:15:18,39,157
U0453,P0001,2.7,2026-03-10 17:15:18,452,0
U0318,P0013,4.5,2026-03-20 17:15:18,317,12
U0485,P0071,3.2,2026-03-25 17:15:18,484,70
U0196,P0187,3.7,2025-06-08 17:15:18,195,186
U0493,P0041,4.4,2026-02-04 17:15:18,492,40
U0028,P0095,2.6,2025-12-05 17:15:18,27,94
U0331,P0049,3.5,2025-08-21 17:15:18,330,48
U0380,P0096,5.0,2026-02-15 17:15:18,379,95
U0144,P0107,3.2,2025-04-25 17:15:18,143,106
U0012,P0077,4.9,2026-03-08 17:15:18,11,76
U0461,P0031,5.0,2025-10-22 17:15:18,460,30
U0073,P0068,2.7,2025-08-04 17:15:18,72,67
U0477,P0053,2.8,2026-01-23 17:15:18,476,52
U0471,P0163,4.0,2025-04-10 17:15:18,470,162
U0406,P0008,1.0,2025-07-25 17:15:18,405,7
U0090,P0004,2.5,2026-01-27 17:15:19,89,3
U0045,P0186,3.7,2025-11-25 17:15:19,44,185
U0234,P0149,1.9,2025-04-04 17:15:19,233,148
U0286,P0070,4.4,2025-11-07 17:15:19,285,69
U0012,P0180,3.4,2025-06-10 17:15:19,11,179
U0246,P0017,3.1,2025-04-05 17:15:19,245,16
U0079,P0056,3.5,2026-02-20 17:15:19,78,55
U0204,P0174,1.5,2025-09-13 17:15:19,203,173
U0016,P0010,3.2,2025-07-14 17:15:19,15,9
U0222,P0120,1.2,2025-08-26 17:15:19,221,119
U0296,P0012,1.6,2025-04-23 17:15:19,295,11
U0033,P0198,5.0,2025-11-02 17:15:19,32,197
U0364,P0073,1.6,2025-07-23 17:15:19,363,72
U0104,P0069,2.6,2026-03-13 17:15:19,103,68
U0344,P0070,3.5,2025-12-19 17:15:19,343,69
U0121,P0177,3.7,2025-08-08 17:15:19,120,176
U0333,P0012,5.0,2025-06-10 17:15:19,332,11
U0428,P0112,3.4,2025-06-12 17:15:19,427,111
U0488,P0180,4.3,2025-07-18 17:15:19,487,179
U0406,P0060,2.3,2026-03-01 17:15:19,405,59
U0147,P0094,2.8,2026-02-08 17:15:19,146,93
U0307,P0095,5.0,2025-08-04 17:15:19,306,94
U0421,P0121,3.2,2025-06-20 17:15:19,420,120
U0084,P0096,3.2,2025-04-22 17:15:19,83,95
U0462,P0096,3.6,2025-06-16 17:15:19,461,95
U0277,P0038,3.4,2025-10-12 17:15:19,276,37
U0377,P0164,5.0,2025-09-29 17:15:19,376,163
U0209,P0045,4.8,2025-06-01 17:15:19,208,44
U0206,P0096,4.2,2025-07-29 17:15:19,205,95
U0178,P0197,3.5,2025-10-27 17:15:19,177,196
U0076,P0173,1.2,2025-07-15 17:15:19,75,172
U0346,P0139,2.0,2025-08-29 17:15:19,345,138
U0185,P0111,4.2,2026-02-09 17:15:19,184,110
U0309,P0065,2.6,2026-01-14 17:15:19,308,64
U0171,P0092,3.6,2025-04-29 17:15:19,170,91
U0239,P0116,2.1,2025-06-22 17:15:19,238,115
U0442,P0175,3.0,2025-12-31 17:15:19,441,174
U0456,P0011,4.5,2025-10-01 17:15:19,455,10
U0260,P0161,3.0,2026-01-10 17:15:19,259,160
U0307,P0088,3.1,2025-06-22 17:15:19,306,87
U0324,P0191,3.1,2026-01-03 17:15:19,323,190
U0436,P0147,4.4,2026-01-13 17:15:19,435,146
U0418,P0053,3.4,2025-04-05 17:15:19,417,52
U0203,P0021,2.9,2025-08-23 17:15:19,202,20
U0451,P0029,3.7,2025-07-12 17:15:19,450,28
U0279,P0011,3.2,2025-07-02 17:15:19,278,10
U0054,P0148,3.8,2026-03-23 17:15:19,53,147
U0131,P0141,2.8,2025-04-19 17:15:19,130,140
U0483,P0043,2.2,2025-11-29 17:15:19,482,42
U0351,P0182,2.8,2025-10-05 17:15:19,350,181
U0251,P0030,4.4,2025-10-10 17:15:19,250,29
U0375,P0096,4.8,2025-06-18 17:15:19,374,95
U0480,P0102,5.0,2025-07-01 17:15:19,479,101
U0337,P0101,2.6,2025-12-03 17:15:19,336,100
U0296,P0090,2.7,2025-08-29 17:15:19,295,89
U0353,P0193,2.2,2026-01-30 17:15:19,352,192
U0116,P0164,2.5,2025-04-30 17:15:19,115,163
U0233,P0040,1.0,2025-04-04 17:15:19,232,39
U0459,P0193,3.9,2025-12-19 17:15:19,458,192
U0367,P0001,4.1,2025-07-10 17:15:19,366,0
U0254,P0037,2.9,2026-02-17 17:15:19,253,36
U0356,P0079,5.0,2025-11-22 17:15:19,355,78
U0387,P0104,1.9,2025-10-21 17:15:19,386,103
U0423,P0054,4.6,2025-06-21 17:15:19,422,53
U0327,P0025,2.4,2025-12-18 17:15:19,326,24
U0013,P0005,2.3,2026-03-10 17:15:19,12,4
U0152,P0031,3.2,2025-12-09 17:15:19,151,30
U0096,P0199,5.0,2025-04-11 17:15:19,95,198
U0037,P0018,2.1,2025-11-16 17:15:19,36,17
U0232,P0031,4.7,2025-08-21 17:15:19,231,30
U0484,P0092,1.0,2025-04-21 17:15:19,483,91
U0207,P0003,3.7,2025-04-02 17:15:19,206,2
U0306,P0077,5.0,2025-10-01 17:15:19,305,76
U0199,P0096,4.1,2025-12-09 17:15:19,198,95
U0156,P0110,3.8,2025-05-12 17:15:19,155,109
U0302,P0123,4.4,2025-05-04 17:15:19,301,122
U0315,P0152,4.8,2026-03-04 17:15:19,314,151
U0348,P0126,1.0,2026-03-09 17:15:19,347,125
U0256,P0082,4.8,2025-09-27 17:15:19,255,81
U0016,P0066,1.6,2025-04-01 17:15:19,15,65
U0243,P0099,4.0,2025-06-23 17:15:19,242,98
U0395,P0026,3.8,2025-08-21 17:15:19,394,25
U0353,P0151,3.6,2025-05-12 17:15:19,352,150
U0451,P0090,2.5,2025-04-09 17:15:19,450,89
U0252,P0007,1.4,2025-09-12 17:15:19,251,6
U0020,P0125,3.5,2026-02-09 17:15:19,19,124
U0244,P0065,2.2,2025-06-20 17:15:19,243,64
U0048,P0022,3.0,2025-11-20 17:15:19,47,21
U0324,P0025,3.7,2025-08-05 17:15:19,323,24
U0195,P0192,2.8,2025-10-04 17:15:19,194,191
U0124,P0155,2.7,2025-07-28 17:15:19,123,154
U0018,P0083,1.0,2025-10-18 17:15:19,17,82
U0283,P0199,4.0,2025-03-30 17:15:19,282,198
U0438,P0116,1.1,2025-12-05 17:15:19,437,115
U0315,P0106,4.5,2026-02-05 17:15:19,314,105
U0006,P0176,3.1,2026-01-19 17:15:19,5,175
U0304,P0173,2.0,2026-03-11 17:15:19,303,172
U0479,P0130,2.8,2025-08-10 17:15:19,478,129
U0036,P0129,3.2,2025-12-23 17:15:19,35,128
U0238,P0071,2.4,2025-04-03 17:15:19,237,70
U0290,P0100,2.5,2025-06-24 17:15:19,289,99
U0335,P0186,4.6,2026-03-01 17:15:19,334,185
U0130,P0150,4.3,2026-01-24 17:15:19,129,149
U0358,P0133,5.0,2025-07-17 17:15:19,357,132
U0090,P0116,2.6,2025-10-26 17:15:19,89,115
U0438,P0042,3.3,2026-03-05 17:15:19,437,41
U0149,P0154,1.0,2025-10-07 17:15:19,148,153
U0219,P0029,5.0,2025-04-08 17:15:19,218,28
U0080,P0020,4.8,2025-12-14 17:15:19,79,19
U0247,P0125,2.0,2025-11-18 17:15:19,246,124
U0003,P0100,3.7,2025-04-25 17:15:19,2,99
U0464,P0046,2.2,2025-09-14 17:15:19,463,45
U0023,P0078,2.0,2025-12-22 17:15:19,22,77
U0115,P0088,4.5,2025-04-10 17:15:19,114,87
U0299,P0127,1.4,2025-11-28 17:15:19,298,126
U0366,P0114,5.0,2025-04-01 17:15:19,365,113
U0486,P0030,1.4,2026-02-02 17:15:19,485,29
U0085,P0036,2.9,2026-01-17 17:15:19,84,35
U0380,P0155,3.1,2025-06-10 17:15:19,379,154
U0255,P0094,3.3,2025-04-02 17:15:19,254,93
U0221,P0006,1.9,2025-03-28 17:15:19,220,5
U0269,P0178,1.2,2025-09-18 17:15:19,268,177
U0326,P0140,3.4,2026-01-30 17:15:19,325,139
U0215,P0122,4.0,2026-03-08 17:15:19,214,121
U0143,P0112,1.3,2025-06-13 17:15:19,142,111
U0360,P0109,1.3,2026-02-19 17:15:19,359,108
U0034,P0023,5.0,2025-11-11 17:15:19,33,22
U0450,P0171,1.6,2025-09-23 17:15:19,449,170
U0244,P0103,3.7,2025-07-09 17:15:19,243,102
U0471,P0063,2.1,2026-01-14 17:15:19,470,62
U0062,P0007,2.1,2026-01-02 17:15:19,61,6
U0045,P0147,3.1,2025-12-20 17:15:19,44,146
U0341,P0051,4.9,2025-08-09 17:15:19,340,50
U0338,P0140,3.7,2025-09-15 17:15:19,337,139
U0286,P0068,2.8,2025-07-24 17:15:19,285,67
U0035,P0169,5.0,2025-12-21 17:15:19,34,168
U0299,P0106,2.4,2026-01-25 17:15:19,298,105
U0287,P0011,4.2,2025-11-27 17:15:19,286,10
U0104,P0038,1.8,2025-10-23 17:15:19,103,37
U0069,P0192,4.2,2025-03-31 17:15:19,68,191
U0201,P0003,4.4,2025-09-16 17:15:19,200,2
U0031,P0131,3.6,2026-03-19 17:15:19,30,130
U0058,P0135,2.3,2025-04-19 17:15:19,57,134
U0137,P0150,4.3,2025-06-27 17:15:19,136,149
U0451,P0036,1.9,2025-10-13 17:15:19,450,35
U0472,P0063,2.2,2025-07-23 17:15:19,471,62
U0411,P0055,3.7,2025-12-19 17:15:19,410,54
U0340,P0122,1.9,2025-07-24 17:15:19,339,121
U0246,P0055,3.7,2026-02-03 17:15:19,245,54
U0089,P0100,4.5,2025-06-15 17:15:19,88,99
U0325,P0161,2.8,2025-06-21 17:15:19,324,160
U0440,P0019,3.3,2026-01-10 17:15:19,439,18
U0342,P0033,2.2,2025-07-07 17:15:19,341,32
U0075,P0195,1.7,2026-02-19 17:15:19,74,194
U0245,P0132,1.9,2026-02-16 17:15:19,244,131
U0290,P0043,2.5,2025-11-19 17:15:19,289,42
U0321,P0193,2.9,2025-08-26 17:15:19,320,192
U0430,P0161,3.5,2025-09-21 17:15:19,429,160
U0481,P0058,3.5,2025-11-11 17:15:19,480,57
U0209,P0016,4.6,2025-08-16 17:15:19,208,15
U0022,P0083,1.0,2025-09-04 17:15:19,21,82
U0015,P0050,3.8,2025-04-16 17:15:19,14,49
U0372,P0096,5.0,2025-09-06 17:15:19,371,95
U0231,P0156,2.6,2025-11-30 17:15:19,230,155
U0384,P0033,4.8,2025-07-23 17:15:19,383,32
U0315,P0131,4.1,2025-08-29 17:15:19,314,130
U0331,P0194,1.8,2025-05-04 17:15:19,330,193
U0081,P0062,1.8,2025-05-23 17:15:19,80,61
U0267,P0074,2.7,2025-07-14 17:15:19,266,73
U0396,P0020,3.2,2025-08-16 17:15:19,395,19
U0308,P0008,3.2,2025-08-24 17:15:19,307,7
U0034,P0144,3.5,2026-02-10 17:15:19,33,143
U0361,P0199,4.2,2026-01-10 17:15:19,360,198
U0396,P0165,4.9,2026-03-05 17:15:19,395,164
U0190,P0072,4.2,2025-09-05 17:15:19,189,71
U0144,P0119,2.0,2025-04-27 17:15:19,143,118
U0414,P0088,2.8,2025-10-21 17:15:19,413,87
U0429,P0138,3.0,2025-05-20 17:15:19,428,137
U0168,P0079,5.0,2025-07-28 17:15:19,167,78
U0198,P0194,3.8,2025-04-07 17:15:19,197,193
U0302,P0178,1.6,2025-06-12 17:15:19,301,177
U0473,P0175,4.7,2025-05-20 17:15:19,472,174
U0307,P0170,5.0,2025-06-05 17:15:19,306,169
U0071,P0121,1.0,2025-10-04 17:15:19,70,120
U0251,P0088,2.7,2025-06-26 17:15:19,250,87
U0265,P0158,3.0,2025-05-06 17:15:19,264,157
U0033,P0065,2.4,2025-05-07 17:15:19,32,64
U0138,P0070,1.7,2025-10-29 17:15:19,137,69
U0305,P0132,5.0,2025-11-29 17:15:19,304,131
U0161,P0083,2.1,2025-11-23 17:15:19,160,82
U0290,P0049,2.5,2025-09-28 17:15:19,289,48
U0498,P0079,2.0,2025-12-17 17:15:19,497,78
U0423,P0086,5.0,2025-07-03 17:15:19,422,85
U0347,P0106,4.6,2025-11-03 17:15:19,346,105
U0136,P0154,2.6,2025-08-20 17:15:19,135,153
U0343,P0169,2.1,2025-12-19 17:15:19,342,168
U0394,P0157,3.5,2026-01-13 17:15:19,393,156
U0411,P0198,1.4,2025-04-07 17:15:19,410,197
U0152,P0049,3.6,2025-04-08 17:15:19,151,48
U0352,P0093,1.9,2025-03-26 17:15:19,351,92
U0278,P0142,1.8,2025-10-12 17:15:19,277,141
U0105,P0119,3.7,2025-06-01 17:15:19,104,118
U0267,P0045,4.6,2026-01-24 17:15:19,266,44
U0327,P0064,2.5,2025-12-10 17:15:19,326,63
U0307,P0163,4.8,2025-10-04 17:15:19,306,162
U0415,P0128,3.8,2025-09-15 17:15:19,414,127
U0126,P0101,3.6,2025-07-21 17:15:19,125,100
U0368,P0070,3.0,2025-06-08 17:15:19,367,69
U0236,P0138,4.0,2025-10-02 17:15:19,235,137
U0075,P0066,1.5,2025-05-19 17:15:19,74,65
U0037,P0065,3.2,2026-01-21 17:15:19,36,64
U0417,P0141,4.2,2025-09-05 17:15:19,416,140
U0002,P0018,4.3,2025-12-19 17:15:19,1,17
U0416,P0066,5.0,2025-07-15 17:15:19,415,65
U0233,P0141,1.0,2025-05-31 17:15:19,232,140
U0421,P0071,2.8,2025-07-07 17:15:19,420,70
U0291,P0108,4.9,2025-12-14 17:15:19,290,107
U0137,P0014,4.3,2025-08-19 17:15:19,136,13
U0322,P0126,3.8,2025-05-25 17:15:19,321,125
U0224,P0100,4.0,2025-10-16 17:15:19,223,99
U0062,P0036,3.1,2025-12-23 17:15:19,61,35
U0063,P0093,3.8,2026-02-26 17:15:19,62,92
U0022,P0018,2.5,2025-11-03 17:15:19,21,17
U0056,P0141,2.9,2025-06-24 17:15:19,55,140
U0402,P0025,5.0,2025-04-08 17:15:19,401,24
U0217,P0053,3.4,2026-03-05 17:15:19,216,52
U0291,P0016,2.9,2026-03-20 17:15:19,290,15
U0058,P0087,1.0,2025-05-10 17:15:19,57,86
U0369,P0071,2.1,2025-10-31 17:15:19,368,70
U0221,P0062,2.8,2025-11-27 17:15:19,220,61
U0113,P0159,5.0,2025-05-20 17:15:19,112,158
U0293,P0193,3.4,2025-11-09 17:15:19,292,192
U0476,P0142,2.9,2025-09-25 17:15:19,475,141
U0431,P0061,4.0,2026-01-07 17:15:19,430,60
U0012,P0142,1.9,2025-05-30 17:15:19,11,141
U0163,P0196,5.0,2025-12-03 17:15:19,162,195
U0088,P0099,3.3,2025-12-11 17:15:19,87,98
U0278,P0158,2.6,2026-03-17 17:15:19,277,157
U0489,P0042,1.0,2026-02-07 17:15:19,488,41
U0293,P0190,2.5,2025-05-15 17:15:19,292,189
U0499,P0070,1.9,2025-07-20 17:15:19,498,69
U0064,P0025,2.6,2025-11-19 17:15:19,63,24
U0114,P0062,3.7,2025-08-02 17:15:19,113,61
U0313,P0043,3.2,2025-12-27 17:15:19,312,42
U0470,P0057,2.5,2025-11-02 17:15:19,469,56
U0055,P0001,3.9,2025-11-23 17:15:19,54,0
U0344,P0079,4.7,2025-08-15 17:15:19,343,78
U0297,P0154,3.2,2025-09-09 17:15:19,296,153
U0229,P0055,3.0,2025-11-27 17:15:19,228,54
U0052,P0021,3.3,2025-08-28 17:15:19,51,20
U0365,P0114,4.4,2025-08-11 17:15:19,364,113
U0077,P0190,2.7,2025-09-10 17:15:19,76,189
U0436,P0158,1.7,2025-09-12 17:15:19,435,157
U0012,P0139,3.1,2025-11-06 17:15:19,11,138
U0106,P0173,1.7,2025-07-17 17:15:19,105,172
U0224,P0135,2.4,2025-10-01 17:15:19,223,134
U0165,P0006,5.0,2025-07-13 17:15:19,164,5
U0260,P0158,1.8,2025-09-08 17:15:19,259,157
U0430,P0114,2.4,2025-05-19 17:15:19,429,113
U0106,P0096,1.4,2026-01-11 17:15:19,105,95
U0361,P0020,5.0,2025-05-22 17:15:19,360,19
U0429,P0179,2.8,2025-04-10 17:15:19,428,178
U0194,P0044,3.9,2025-08-31 17:15:19,193,43
U0107,P0056,2.0,2025-10-16 17:15:19,106,55
U0181,P0104,3.0,2025-11-05 17:15:19,180,103
U0128,P0184,3.2,2025-10-28 17:15:19,127,183
U0461,P0060,2.8,2025-09-12 17:15:19,460,59
U0308,P0121,3.3,2026-03-13 17:15:19,307,120
U0352,P0145,1.6,2025-11-21 17:15:19,351,144
U0331,P0179,3.4,2026-02-20 17:15:19,330,178
U0232,P0183,3.6,2026-03-14 17:15:19,231,182
U0200,P0147,4.0,2025-09-30 17:15:19,199,146
U0185,P0098,4.2,2026-03-15 17:15:19,184,97
U0252,P0112,1.0,2025-08-09 17:15:19,251,111
U0466,P0109,3.2,2026-02-08 17:15:19,465,108
U0224,P0066,2.1,2025-09-28 17:15:19,223,65
U0118,P0069,4.0,2025-09-19 17:15:19,117,68
U0246,P0041,1.4,2025-12-29 17:15:19,245,40
U0113,P0150,2.7,2025-04-29 17:15:19,112,149
U0265,P0154,4.0,2025-06-27 17:15:19,264,153
U0415,P0051,1.2,2026-03-07 17:15:19,414,50
U0196,P0094,2.9,2026-03-01 17:15:19,195,93
U0390,P0059,3.2,2026-02-07 17:15:19,389,58
U0363,P0041,2.0,2026-02-06 17:15:19,362,40
U0316,P0179,1.7,2025-06-15 17:15:19,315,178
U0026,P0065,1.8,2026-02-13 17:15:19,25,64
U0269,P0066,5.0,2025-08-06 17:15:19,268,65
U0077,P0076,3.3,2026-01-12 17:15:19,76,75
U0440,P0112,5.0,2025-11-03 17:15:19,439,111
U0446,P0048,4.5,2025-11-28 17:15:19,445,47
U0210,P0080,1.0,2025-12-30 17:15:19,209,79
U0267,P0018,4.4,2025-11-27 17:15:19,266,17
U0447,P0024,5.0,2025-05-12 17:15:19,446,23
U0027,P0147,1.6,2025-04-24 17:15:19,26,146
U0401,P0190,3.5,2025-12-25 17:15:19,400,189
U0148,P0141,4.7,2025-07-28 17:15:19,147,140
U0483,P0109,5.0,2025-12-30 17:15:19,482,108
U0121,P0005,2.1,2025-12-15 17:15:19,120,4
U0309,P0183,2.9,2026-02-14 17:15:19,308,182
U0035,P0198,3.6,2026-02-02 17:15:19,34,197
U0138,P0046,5.0,2025-06-25 17:15:19,137,45
U0064,P0200,2.2,2025-08-01 17:15:19,63,199
U0284,P0195,1.0,2025-09-18 17:15:19,283,194
U0371,P0046,2.6,2026-01-06 17:15:19,370,45
U0274,P0048,3.6,2025-11-20 17:15:19,273,47
U0403,P0003,2.5,2025-10-10 17:15:19,402,2
U0438,P0044,4.9,2025-11-06 17:15:19,437,43
U0263,P0006,1.9,2025-07-12 17:15:19,262,5
U0259,P0015,1.0,2025-09-05 17:15:19,258,14
U0070,P0043,4.5,2026-03-01 17:15:19,69,42
U0241,P0040,3.0,2026-01-17 17:15:19,240,39
U0124,P0156,1.4,2025-09-18 17:15:19,123,155
U0294,P0072,3.6,2025-08-01 17:15:19,293,71
U0090,P0182,3.6,2026-01-28 17:15:19,89,181
U0366,P0064,3.9,2026-01-02 17:15:19,365,63
U0328,P0156,3.0,2026-03-04 17:15:19,327,155
U0035,P0097,5.0,2026-01-15 17:15:19,34,96
U0001,P0074,3.7,2025-08-02 17:15:19,0,73
U0347,P0194,4.0,2025-09-04 17:15:19,346,193
U0282,P0139,1.9,2025-08-31 17:15:19,281,138
U0456,P0135,4.8,2025-07-30 17:15:19,455,134
U0493,P0166,3.2,2025-07-02 17:15:19,492,165
U0182,P0156,5.0,2025-06-03 17:15:19,181,155
U0368,P0192,4.1,2025-08-30 17:15:19,367,191
U0385,P0065,1.8,2025-06-30 17:15:19,384,64
U0480,P0105,4.7,2025-12-30 17:15:19,479,104
U0258,P0128,3.4,2026-01-20 17:15:19,257,127
U0413,P0010,4.6,2025-12-10 17:15:19,412,9
U0038,P0154,1.5,2025-09-18 17:15:19,37,153
U0432,P0077,2.0,2026-01-25 17:15:19,431,76
U0310,P0106,4.0,2025-09-11 17:15:19,309,105
U0193,P0077,4.0,2025-09-15 17:15:19,192,76
U0013,P0081,4.7,2025-07-19 17:15:19,12,80
U0102,P0193,2.0,2026-03-17 17:15:19,101,192
U0111,P0112,2.8,2025-05-03 17:15:19,110,111
U0385,P0038,3.7,2025-08-07 17:15:19,384,37
U0443,P0152,1.7,2026-01-13 17:15:19,442,151
U0333,P0078,3.3,2025-09-04 17:15:19,332,77
U0126,P0037,3.8,2026-03-17 17:15:19,125,36
U0462,P0059,1.0,2025-08-13 17:15:19,461,58
U0130,P0125,1.8,2025-09-02 17:15:19,129,124
U0239,P0183,3.1,2025-07-30 17:15:19,238,182
U0191,P0053,3.0,2025-07-31 17:15:19,190,52
U0067,P0107,1.7,2026-02-27 17:15:19,66,106
U0126,P0038,2.3,2025-05-02 17:15:19,125,37
U0473,P0026,5.0,2025-10-25 17:15:19,472,25
U0192,P0014,5.0,2025-09-27 17:15:19,191,13
U0239,P0099,4.9,2025-04-25 17:15:19,238,98
U0447,P0111,3.5,2026-02-14 17:15:19,446,110
U0307,P0076,4.5,2025-09-25 17:15:19,306,75
U0421,P0132,3.8,2025-06-16 17:15:19,420,131
U0245,P0011,2.3,2025-07-23 17:15:19,244,10
U0035,P0091,4.4,2025-10-07 17:15:19,34,90
U0100,P0080,1.9,2025-07-09 17:15:19,99,79
U0085,P0003,4.0,2026-02-02 17:15:19,84,2
U0075,P0191,3.8,2025-03-26 17:15:19,74,190
U0288,P0070,4.6,2026-02-23 17:15:19,287,69
U0013,P0131,5.0,2025-12-04 17:15:19,12,130
U0323,P0134,5.0,2025-09-16 17:15:19,322,133
U0013,P0115,2.6,2025-08-31 17:15:19,12,114
U0172,P0157,2.9,2025-08-02 17:15:19,171,156
U0178,P0160,3.4,2025-10-09 17:15:19,177,159
U0146,P0095,3.4,2026-02-27 17:15:19,145,94
U0411,P0133,2.9,2025-05-30 17:15:19,410,132
U0064,P0113,3.3,2025-07-19 17:15:19,63,112
U0222,P0196,3.5,2025-07-05 17:15:19,221,195
U0019,P0171,1.7,2025-06-18 17:15:19,18,170
U0374,P0192,3.7,2025-06-09 17:15:19,373,191
U0260,P0018,5.0,2026-01-06 17:15:19,259,17
U0478,P0097,2.5,2025-10-07 17:15:19,477,96
U0339,P0183,3.3,2025-08-12 17:15:19,338,182
U0375,P0185,1.6,2025-05-04 17:15:19,374,184
U0137,P0037,4.3,2026-01-12 17:15:19,136,36
U0391,P0051,1.2,2026-02-06 17:15:19,390,50
U0316,P0099,2.3,2025-11-04 17:15:19,315,98
U0202,P0057,2.8,2026-03-04 17:15:19,201,56
U0007,P0035,3.8,2025-12-16 17:15:19,6,34
U0215,P0146,4.7,2025-12-16 17:15:19,214,145
U0214,P0039,3.3,2025-08-19 17:15:19,213,38
U0281,P0146,5.0,2025-11-15 17:15:19,280,145
U0470,P0054,3.7,2026-03-25 17:15:19,469,53
U0034,P0042,1.3,2026-03-06 17:15:19,33,41
U0136,P0187,2.3,2025-07-21 17:15:19,135,186
U0403,P0017,5.0,2025-12-03 17:15:19,402,16
U0240,P0043,2.7,2025-04-15 17:15:19,239,42
U0253,P0030,2.5,2026-02-13 17:15:19,252,29
U0343,P0118,4.1,2025-10-01 17:15:19,342,117
U0316,P0187,2.6,2025-09-16 17:15:19,315,186
U0436,P0121,2.7,2025-11-13 17:15:19,435,120
U0296,P0143,1.0,2025-06-18 17:15:19,295,142
U0456,P0190,2.9,2025-10-07 17:15:19,455,189
U0324,P0171,2.7,2025-10-09 17:15:19,323,170
U0270,P0040,5.0,2025-04-18 17:15:19,269,39
U0350,P0184,4.2,2025-05-28 17:15:19,349,183
U0267,P0175,3.6,2025-11-03 17:15:19,266,174
U0413,P0153,2.5,2025-11-20 17:15:19,412,152
U0116,P0006,4.1,2025-08-15 17:15:19,115,5
U0248,P0070,1.0,2025-10-08 17:15:19,247,69
U0482,P0131,5.0,2025-10-23 17:15:19,481,130
U0256,P0186,3.0,2025-08-30 17:15:19,255,185
U0027,P0152,4.2,2025-10-23 17:15:19,26,151
U0411,P0066,4.6,2026-01-30 17:15:19,410,65
U0422,P0038,4.7,2025-06-14 17:15:19,421,37
U0115,P0057,3.9,2025-11-18 17:15:19,114,56
U0238,P0040,1.9,2026-02-03 17:15:19,237,39
U0259,P0093,4.6,2025-08-26 17:15:19,258,92
U0381,P0103,4.4,2025-08-23 17:15:19,380,102
U0291,P0085,1.7,2025-10-23 17:15:19,290,84
U0042,P0063,5.0,2026-01-01 17:15:19,41,62
U0320,P0124,4.3,2025-04-20 17:15:19,319,123
U0034,P0199,3.2,2025-10-16 17:15:19,33,198
U0475,P0015,5.0,2025-08-14 17:15:19,474,14
U0079,P0107,2.5,2025-07-26 17:15:19,78,106
U0016,P0086,2.8,2025-09-17 17:15:19,15,85
U0061,P0079,3.3,2025-11-25 17:15:19,60,78
U0250,P0126,3.3,2025-09-04 17:15:19,249,125
U0302,P0055,2.6,2025-08-30 17:15:19,301,54
U0221,P0061,4.1,2025-10-30 17:15:19,220,60
U0125,P0157,3.0,2025-12-31 17:15:19,124,156
U0173,P0041,5.0,2025-05-23 17:15:19,172,40
U0193,P0022,2.6,2026-02-02 17:15:19,192,21
U0043,P0022,2.7,2026-03-21 17:15:19,42,21
U0077,P0139,3.8,2025-08-18 17:15:19,76,138
U0253,P0024,4.7,2025-04-02 17:15:19,252,23
U0332,P0039,3.0,2026-02-27 17:15:19,331,38
U0002,P0121,3.1,2025-12-25 17:15:19,1,120
U0017,P0035,4.0,2025-10-27 17:15:19,16,34
U0432,P0094,4.0,2025-04-12 17:15:19,431,93
U0352,P0180,5.0,2025-09-24 17:15:19,351,179
U0342,P0147,1.0,2026-02-09 17:15:19,341,146
U0021,P0043,3.2,2025-10-18 17:15:19,20,42
U0170,P0026,3.7,2026-03-06 17:15:19,169,25
U0299,P0022,3.4,2026-03-05 17:15:19,298,21
U0315,P0001,2.3,2025-12-17 17:15:19,314,0
U0405,P0044,3.7,2025-09-06 17:15:19,404,43
U0422,P0126,4.4,2026-01-29 17:15:19,421,125
U0137,P0152,4.8,2025-10-27 17:15:19,136,151
U0316,P0135,3.1,2026-02-17 17:15:19,315,134
U0426,P0157,3.5,2025-10-31 17:15:19,425,156
U0071,P0017,3.0,2025-08-01 17:15:19,70,16
U0311,P0067,2.3,2026-01-04 17:15:19,310,66
U0330,P0199,1.6,2025-04-01 17:15:19,329,198
U0264,P0025,2.1,2025-07-14 17:15:19,263,24
U0311,P0058,3.5,2025-04-07 17:15:19,310,57
U0146,P0009,2.6,2025-09-05 17:15:19,145,8
U0437,P0087,5.0,2025-04-19 17:15:19,436,86
U0084,P0178,2.7,2025-07-26 17:15:19,83,177
U0415,P0116,2.6,2025-09-23 17:15:19,414,115
U0488,P0131,4.1,2025-10-20 17:15:19,487,130
U0151,P0168,1.9,2025-03-29 17:15:19,150,167
U0418,P0103,2.4,2025-08-23 17:15:19,417,102
U0414,P0061,5.0,2025-10-18 17:15:19,413,60
U0342,P0084,2.6,2025-12-08 17:15:19,341,83
U0124,P0119,3.2,2026-01-08 17:15:19,123,118
U0361,P0040,1.6,2026-03-07 17:15:19,360,39
U0076,P0028,2.0,2025-08-08 17:15:19,75,27
U0065,P0039,4.1,2026-02-16 17:15:19,64,38
U0145,P0198,5.0,2025-10-06 17:15:19,144,197
U0353,P0082,2.7,2025-06-02 17:15:19,352,81
U0123,P0184,2.2,2025-07-22 17:15:19,122,183
U0223,P0105,2.6,2026-01-22 17:15:19,222,104
U0477,P0165,1.0,2025-04-17 17:15:19,476,164
U0483,P0172,3.2,2025-06-16 17:15:19,482,171
U0374,P0151,3.3,2025-10-22 17:15:19,373,150
U0480,P0182,3.2,2025-12-08 17:15:19,479,181
U0459,P0122,4.2,2025-04-24 17:15:19,458,121
U0018,P0094,2.3,2026-01-04 17:15:19,17,93
U0201,P0050,3.4,2025-09-30 17:15:19,200,49
U0034,P0013,4.4,2026-03-09 17:15:19,33,12
U0200,P0048,4.2,2025-07-14 17:15:19,199,47
U0238,P0169,5.0,2025-09-03 17:15:19,237,168
U0402,P0182,1.0,2025-10-11 17:15:19,401,181
U0231,P0035,3.1,2025-10-09 17:15:19,230,34
U0382,P0182,2.3,2025-08-21 17:15:19,381,181
U0338,P0081,4.2,2025-06-08 17:15:19,337,80
U0445,P0180,2.1,2025-12-21 17:15:19,444,179
U0004,P0043,2.6,2025-11-17 17:15:19,3,42
U0213,P0024,2.7,2025-07-19 17:15:19,212,23
U0449,P0086,3.4,2026-01-09 17:15:19,448,85
U0022,P0036,1.6,2025-11-23 17:15:19,21,35
U0263,P0155,2.1,2025-07-15 17:15:19,262,154
U0491,P0072,4.2,2025-12-12 17:15:19,490,71
U0370,P0047,4.6,2025-08-24 17:15:19,369,46
U0020,P0198,3.4,2026-03-21 17:15:19,19,197
U0324,P0093,2.0,2025-03-26 17:15:19,323,92
U0176,P0158,4.3,2025-09-16 17:15:19,175,157
U0173,P0001,5.0,2026-01-31 17:15:19,172,0
U0423,P0129,5.0,2025-12-12 17:15:19,422,128
U0109,P0038,3.9,2025-10-06 17:15:19,108,37
U0349,P0169,2.3,2025-07-10 17:15:19,348,168
U0141,P0136,2.7,2025-09-06 17:15:19,140,135
U0456,P0136,2.9,2025-05-27 17:15:19,455,135
U0314,P0157,2.3,2025-12-15 17:15:19,313,156
U0487,P0188,3.2,2026-03-05 17:15:19,486,187
U0233,P0185,3.1,2025-05-27 17:15:19,232,184
U0281,P0075,3.7,2025-06-23 17:15:19,280,74
U0023,P0073,2.7,2025-10-06 17:15:19,22,72
U0010,P0105,1.7,2025-05-28 17:15:19,9,104
U0322,P0017,3.2,2025-07-26 17:15:19,321,16
U0425,P0107,3.9,2025-07-31 17:15:19,424,106
U0469,P0156,2.2,2025-06-06 17:15:19,468,155
U0119,P0081,2.1,2025-05-27 17:15:19,118,80
U0115,P0116,2.4,2025-11-10 17:15:19,114,115
U0154,P0167,2.1,2026-03-06 17:15:19,153,166
U0419,P0059,3.2,2025-04-17 17:15:19,418,58
U0464,P0149,2.1,2025-11-15 17:15:19,463,148
U0203,P0068,4.1,2026-03-23 17:15:19,202,67
U0272,P0059,5.0,2026-03-05 17:15:19,271,58
U0114,P0116,3.1,2025-11-23 17:15:19,113,115
U0204,P0001,2.6,2025-08-17 17:15:19,203,0
U0025,P0020,1.8,2025-11-05 17:15:19,24,19
U0275,P0140,2.2,2025-08-24 17:15:19,274,139
U0009,P0129,4.5,2025-05-02 17:15:19,8,128
U0404,P0079,2.2,2025-05-22 17:15:19,403,78
U0340,P0014,4.4,2025-07-14 17:15:19,339,13
U0298,P0055,3.0,2025-06-25 17:15:19,297,54
U0339,P0142,1.5,2025-10-29 17:15:19,338,141
U0400,P0030,3.1,2025-11-25 17:15:19,399,29
U0474,P0100,1.3,2025-06-11 17:15:19,473,99
U0372,P0085,1.6,2025-12-25 17:15:19,371,84
U0280,P0168,1.1,2025-12-13 17:15:19,279,167
U0008,P0176,3.0,2025-08-18 17:15:19,7,175
U0041,P0085,4.6,2025-04-28 17:15:19,40,84
U0126,P0123,2.6,2026-03-15 17:15:19,125,122
U0051,P0034,2.6,2025-11-13 17:15:19,50,33
U0087,P0169,1.9,2025-10-27 17:15:19,86,168
U0344,P0066,2.0,2025-08-25 17:15:19,343,65
U0083,P0110,1.5,2025-12-11 17:15:19,82,109
U0374,P0042,4.9,2025-09-21 17:15:19,373,41
U0050,P0196,4.8,2025-10-29 17:15:19,49,195
U0159,P0139,2.8,2025-04-05 17:15:19,158,138
U0281,P0164,3.2,2026-02-18 17:15:19,280,163
U0040,P0040,5.0,2026-01-22 17:15:19,39,39
U0437,P0001,5.0,2025-11-23 17:15:19,436,0
U0034,P0200,5.0,2025-11-07 17:15:19,33,199
U0495,P0046,1.6,2026-01-26 17:15:19,494,45
U0392,P0116,5.0,2025-10-04 17:15:19,391,115
U0063,P0129,3.6,2025-06-25 17:15:19,62,128
U0239,P0131,1.9,2026-01-22 17:15:19,238,130
U0247,P0172,4.3,2025-05-15 17:15:19,246,171
U0143,P0022,3.4,2025-09-24 17:15:19,142,21
U0404,P0024,2.9,2025-09-26 17:15:19,403,23
U0091,P0100,2.7,2025-12-19 17:15:19,90,99
U0280,P0065,3.8,2026-03-16 17:15:19,279,64
U0412,P0197,3.8,2026-02-09 17:15:19,411,196
U0033,P0042,2.4,2026-01-10 17:15:19,32,41
U0176,P0042,4.1,2025-07-01 17:15:19,175,41
U0418,P0177,4.5,2025-06-25 17:15:19,417,176
U0100,P0123,5.0,2025-05-06 17:15:19,99,122
U0180,P0008,2.3,2025-10-02 17:15:19,179,7
U0437,P0100,4.6,2025-08-16 17:15:19,436,99
U0054,P0132,2.2,2025-08-31 17:15:19,53,131
U0109,P0043,4.2,2025-12-18 17:15:19,108,42
U0318,P0164,3.6,2025-07-21 17:15:19,317,163
U0397,P0151,2.8,2025-04-02 17:15:19,396,150
U0035,P0191,1.5,2025-11-29 17:15:19,34,190
U0428,P0169,2.1,2025-07-15 17:15:19,427,168
U0286,P0198,2.0,2025-08-03 17:15:19,285,197
U0199,P0083,3.8,2025-05-01 17:15:19,198,82
U0189,P0051,2.4,2026-03-04 17:15:19,188,50
U0019,P0116,1.2,2025-12-19 17:15:19,18,115
U0002,P0147,3.5,2025-09-25 17:15:19,1,146
U0009,P0171,2.5,2025-09-16 17:15:19,8,170
U0333,P0087,1.4,2025-08-25 17:15:19,332,86
U0384,P0002,4.4,2025-10-15 17:15:19,383,1
U0442,P0119,2.8,2026-02-10 17:15:19,441,118
U0069,P0025,5.0,2025-05-25 17:15:19,68,24
U0267,P0144,3.9,2026-01-25 17:15:19,266,143
U0304,P0035,2.6,2025-07-26 17:15:19,303,34
U0254,P0142,3.7,2025-06-16 17:15:19,253,141
U0372,P0195,4.8,2025-10-02 17:15:19,371,194
U0062,P0160,3.3,2026-03-09 17:15:19,61,159
U0403,P0164,4.3,2025-10-14 17:15:19,402,163
U0126,P0080,3.1,2025-06-24 17:15:19,125,79
U0421,P0109,3.8,2025-10-26 17:15:19,420,108
U0020,P0028,4.5,2026-02-25 17:15:19,19,27
U0481,P0077,2.2,2025-04-19 17:15:19,480,76
U0494,P0036,2.5,2025-04-03 17:15:19,493,35
U0133,P0098,3.7,2026-01-06 17:15:19,132,97
U0144,P0088,3.5,2025-08-27 17:15:19,143,87
U0039,P0136,1.8,2025-09-20 17:15:19,38,135
U0039,P0128,4.5,2025-10-19 17:15:19,38,127
U0379,P0077,5.0,2025-08-29 17:15:19,378,76
U0012,P0007,3.7,2025-10-31 17:15:19,11,6
U0168,P0048,1.2,2025-03-26 17:15:19,167,47
U0048,P0036,3.8,2025-06-30 17:15:19,47,35
U0309,P0154,3.7,2026-02-02 17:15:19,308,153
U0186,P0030,4.6,2026-02-05 17:15:19,185,29
U0500,P0068,1.6,2025-10-06 17:15:19,499,67
U0163,P0032,4.1,2025-12-22 17:15:19,162,31
U0296,P0055,2.8,2025-05-31 17:15:19,295,54
U0410,P0021,1.0,2025-11-27 17:15:19,409,20
U0026,P0071,4.6,2025-10-17 17:15:19,25,70
U0431,P0195,3.8,2025-06-17 17:15:19,430,194
U0387,P0139,3.8,2026-02-13 17:15:19,386,138
U0416,P0183,3.9,2025-06-17 17:15:19,415,182
U0479,P0148,2.3,2025-04-06 17:15:19,478,147
U0280,P0077,3.3,2025-06-16 17:15:19,279,76
U0337,P0077,1.0,2026-02-02 17:15:19,336,76
U0459,P0104,5.0,2026-03-05 17:15:19,458,103
U0160,P0108,4.0,2026-02-06 17:15:19,159,107
U0337,P0086,2.2,2025-11-08 17:15:19,336,85
U0380,P0014,1.0,2026-01-14 17:15:19,379,13
U0036,P0025,4.3,2025-05-28 17:15:19,35,24
U0003,P0028,1.1,2025-07-24 17:15:19,2,27
U0022,P0121,2.9,2025-09-22 17:15:19,21,120
U0208,P0139,2.9,2026-01-30 17:15:19,207,138
U0136,P0041,1.6,2025-05-27 17:15:19,135,40
U0482,P0144,5.0,2025-11-19 17:15:19,481,143
U0087,P0048,4.8,2025-04-27 17:15:19,86,47
U0471,P0146,3.5,2025-04-01 17:15:19,470,145
U0323,P0005,2.5,2025-07-28 17:15:19,322,4
U0112,P0187,2.6,2025-03-28 17:15:19,111,186
U0065,P0044,5.0,2025-04-10 17:15:19,64,43
U0261,P0062,3.7,2025-08-29 17:15:19,260,61
U0003,P0175,1.1,2025-07-01 17:15:19,2,174
U0296,P0187,3.9,2025-12-19 17:15:19,295,186
U0253,P0141,4.6,2025-11-24 17:15:19,252,140
U0031,P0111,4.0,2025-12-07 17:15:19,30,110
U0314,P0171,5.0,2025-09-08 17:15:19,313,170
U0099,P0136,4.1,2025-10-27 17:15:19,98,135
U0177,P0035,2.1,2025-08-30 17:15:19,176,34
U0499,P0152,3.4,2025-08-27 17:15:19,498,151
U0467,P0149,5.0,2025-10-29 17:15:19,466,148
U0138,P0064,1.7,2025-05-14 17:15:19,137,63
U0439,P0032,3.2,2025-03-29 17:15:19,438,31
U0216,P0066,1.9,2025-04-28 17:15:19,215,65
U0310,P0128,3.5,2026-03-25 17:15:19,309,127
U0059,P0104,3.5,2025-05-27 17:15:19,58,103
U0098,P0192,2.1,2025-11-16 17:15:19,97,191
U0354,P0033,2.1,2025-06-03 17:15:19,353,32
U0095,P0165,3.6,2025-06-01 17:15:19,94,164
U0062,P0172,4.1,2025-11-18 17:15:19,61,171
U0068,P0183,4.6,2026-03-05 17:15:19,67,182
U0119,P0064,1.8,2026-03-02 17:15:19,118,63
U0375,P0019,2.0,2025-04-09 17:15:19,374,18
U0203,P0035,2.6,2025-12-04 17:15:19,202,34
U0142,P0029,4.3,2025-06-04 17:15:19,141,28
U0002,P0167,3.0,2025-12-08 17:15:19,1,166
U0368,P0029,3.2,2025-04-03 17:15:19,367,28
U0008,P0106,4.1,2026-01-30 17:15:19,7,105
U0175,P0053,1.0,2025-08-09 17:15:19,174,52
U0074,P0038,1.6,2025-04-28 17:15:19,73,37
U0403,P0032,2.0,2025-09-18 17:15:19,402,31
U0167,P0106,2.4,2025-09-13 17:15:19,166,105
U0338,P0133,4.4,2025-04-11 17:15:19,337,132
U0141,P0114,4.2,2025-04-20 17:15:19,140,113
U0104,P0163,3.2,2026-01-10 17:15:19,103,162
U0106,P0100,2.7,2025-09-26 17:15:19,105,99
U0097,P0171,2.1,2025-04-20 17:15:19,96,170
U0125,P0126,2.8,2025-07-18 17:15:19,124,125
U0486,P0071,3.1,2025-08-14 17:15:19,485,70
U0238,P0041,5.0,2026-02-22 17:15:19,237,40
U0401,P0016,2.5,2025-08-03 17:15:19,400,15
U0269,P0075,4.1,2025-12-11 17:15:19,268,74
U0212,P0029,4.9,2025-10-29 17:15:19,211,28
U0073,P0073,1.8,2025-11-02 17:15:19,72,72
U0091,P0110,4.7,2026-03-18 17:15:19,90,109
U0243,P0196,4.3,2025-06-27 17:15:19,242,195
U0034,P0151,1.7,2025-08-05 17:15:19,33,150
U0179,P0078,4.2,2025-04-30 17:15:19,178,77
U0103,P0177,5.0,2025-11-04 17:15:19,102,176
U0430,P0123,4.0,2025-09-07 17:15:19,429,122
U0139,P0042,2.0,2025-07-23 17:15:19,138,41
U0113,P0113,2.3,2026-01-16 17:15:19,112,112
U0009,P0200,4.7,2025-11-25 17:15:19,8,199
U0331,P0125,5.0,2025-09-10 17:15:19,330,124
U0113,P0142,4.6,2025-07-08 17:15:19,112,141
U0329,P0038,4.1,2026-01-28 17:15:19,328,37
U0138,P0185,5.0,2025-09-17 17:15:19,137,184
U0268,P0066,2.2,2025-04-06 17:15:19,267,65
U0051,P0070,5.0,2025-04-22 17:15:19,50,69
U0265,P0080,3.7,2025-08-31 17:15:19,264,79
U0011,P0017,4.4,2025-06-08 17:15:19,10,16
U0124,P0073,3.9,2025-11-16 17:15:19,123,72
U0415,P0063,3.9,2025-04-17 17:15:19,414,62
U0477,P0143,2.1,2025-05-15 17:15:19,476,142
U0295,P0136,3.8,2025-12-22 17:15:19,294,135
U0271,P0001,3.3,2026-01-08 17:15:19,270,0
U0491,P0006,1.8,2025-10-09 17:15:19,490,5
U0394,P0177,5.0,2025-06-15 17:15:19,393,176
U0175,P0001,3.5,2025-07-22 17:15:19,174,0
U0100,P0048,1.6,2026-01-29 17:15:19,99,47
U0376,P0079,3.4,2025-08-20 17:15:19,375,78
U0129,P0179,2.2,2025-11-06 17:15:19,128,178
U0301,P0052,1.5,2025-05-08 17:15:19,300,51
U0206,P0172,1.0,2025-05-21 17:15:19,205,171
U0290,P0145,2.4,2025-09-24 17:15:19,289,144
U0050,P0098,1.4,2025-07-27 17:15:19,49,97
U0320,P0051,4.1,2025-11-20 17:15:19,319,50
U0167,P0012,1.0,2025-10-04 17:15:19,166,11
U0183,P0121,4.1,2025-11-22 17:15:19,182,120
U0273,P0086,2.1,2025-07-16 17:15:19,272,85
U0117,P0111,5.0,2025-06-11 17:15:19,116,110
U0009,P0177,5.0,2026-02-14 17:15:19,8,176
U0053,P0145,4.8,2026-01-14 17:15:19,52,144
U0119,P0106,2.2,2026-03-03 17:15:19,118,105
U0105,P0120,5.0,2025-08-26 17:15:19,104,119
U0274,P0190,2.4,2026-02-16 17:15:19,273,189
U0053,P0175,1.1,2025-06-18 17:15:19,52,174
U0226,P0184,3.9,2026-01-15 17:15:19,225,183
U0114,P0189,5.0,2025-12-06 17:15:19,113,188
U0112,P0095,3.8,2026-02-04 17:15:19,111,94
U0019,P0066,2.3,2026-03-20 17:15:19,18,65
U0471,P0151,1.1,2025-08-28 17:15:19,470,150
U0062,P0072,3.4,2025-04-30 17:15:19,61,71
U0302,P0116,5.0,2025-12-08 17:15:19,301,115
U0048,P0088,3.3,2025-11-24 17:15:19,47,87
U0314,P0031,3.4,2026-02-06 17:15:19,313,30
U0413,P0065,1.8,2025-05-23 17:15:19,412,64
U0275,P0192,1.2,2025-05-07 17:15:19,274,191
U0481,P0195,4.1,2025-11-22 17:15:19,480,194
U0023,P0122,2.9,2025-04-07 17:15:19,22,121
U0142,P0139,1.3,2025-12-30 17:15:19,141,138
U0337,P0194,3.6,2025-04-03 17:15:19,336,193
U0374,P0002,2.0,2025-07-18 17:15:19,373,1
U0419,P0056,2.0,2025-08-27 17:15:19,418,55
U0052,P0023,3.0,2025-07-11 17:15:19,51,22
U0299,P0059,2.6,2025-06-04 17:15:19,298,58
U0143,P0001,2.2,2025-08-19 17:15:19,142,0
U0357,P0090,2.7,2025-09-24 17:15:19,356,89
U0386,P0116,3.0,2025-06-14 17:15:19,385,115
U0357,P0043,2.6,2026-03-12 17:15:19,356,42
U0379,P0025,2.7,2025-05-08 17:15:19,378,24
U0293,P0006,2.5,2025-04-18 17:15:19,292,5
U0141,P0050,5.0,2025-12-27 17:15:19,140,49
U0422,P0041,1.6,2025-11-26 17:15:19,421,40
U0378,P0012,4.1,2025-12-24 17:15:19,377,11
U0101,P0054,3.7,2025-12-14 17:15:19,100,53
U0236,P0016,4.9,2025-04-21 17:15:19,235,15
U0231,P0058,2.5,2025-05-13 17:15:19,230,57
U0069,P0009,3.6,2026-01-24 17:15:19,68,8
U0372,P0186,4.9,2025-12-11 17:15:19,371,185
U0188,P0161,4.7,2025-10-23 17:15:19,187,160
U0428,P0176,3.4,2025-08-16 17:15:19,427,175
U0079,P0177,3.2,2026-02-21 17:15:19,78,176
U0427,P0041,1.9,2025-07-26 17:15:19,426,40
U0194,P0002,2.7,2025-12-28 17:15:19,193,1
U0192,P0009,2.4,2025-06-26 17:15:19,191,8
U0090,P0176,3.6,2025-08-22 17:15:19,89,175
U0056,P0022,4.4,2026-01-04 17:15:19,55,21
U0109,P0019,3.8,2026-01-06 17:15:19,108,18
U0213,P0028,1.8,2025-08-15 17:15:19,212,27
U0417,P0043,3.6,2025-11-09 17:15:19,416,42
U0366,P0134,2.0,2025-06-14 17:15:19,365,133
U0453,P0174,3.3,2025-06-27 17:15:19,452,173
U0487,P0152,1.0,2025-05-30 17:15:19,486,151
U0169,P0116,4.2,2026-01-04 17:15:19,168,115
U0425,P0153,1.0,2025-06-26 17:15:19,424,152
U0339,P0146,2.2,2025-12-05 17:15:19,338,145
U0489,P0115,2.9,2025-08-20 17:15:19,488,114
U0089,P0157,3.5,2025-08-10 17:15:19,88,156
U0143,P0081,2.9,2025-11-12 17:15:19,142,80
U0311,P0055,4.8,2026-03-15 17:15:19,310,54
U0101,P0104,2.4,2025-10-25 17:15:19,100,103
U0193,P0198,3.5,2025-06-24 17:15:19,192,197
U0239,P0024,2.5,2025-06-01 17:15:19,238,23
U0060,P0178,5.0,2026-01-20 17:15:19,59,177
U0462,P0014,5.0,2025-11-28 17:15:19,461,13
U0378,P0180,3.7,2025-06-25 17:15:19,377,179
U0487,P0029,2.9,2025-06-12 17:15:19,486,28
U0246,P0102,2.7,2025-04-27 17:15:19,245,101
U0298,P0183,1.0,2026-01-15 17:15:19,297,182
U0028,P0133,1.8,2025-12-23 17:15:19,27,132
U0276,P0060,2.0,2026-01-20 17:15:19,275,59
U0124,P0013,1.0,2025-07-08 17:15:19,123,12
U0440,P0156,2.8,2025-06-20 17:15:19,439,155
U0453,P0019,1.0,2025-11-22 17:15:19,452,18
U0276,P0142,4.0,2026-02-11 17:15:19,275,141
U0174,P0135,3.3,2025-06-23 17:15:19,173,134
U0048,P0067,5.0,2025-11-12 17:15:19,47,66
U0171,P0141,4.4,2026-01-15 17:15:19,170,140
U0424,P0046,3.0,2026-03-03 17:15:19,423,45
U0219,P0126,2.1,2025-12-10 17:15:19,218,125
U0072,P0057,1.0,2025-04-02 17:15:19,71,56
U0266,P0038,1.2,2025-05-10 17:15:19,265,37
U0227,P0019,3.1,2025-08-21 17:15:19,226,18
U0370,P0163,2.3,2025-06-19 17:15:19,369,162
U0042,P0189,1.5,2025-10-12 17:15:19,41,188
U0236,P0043,2.8,2025-04-11 17:15:19,235,42
U0142,P0087,2.3,2026-03-10 17:15:19,141,86
U0017,P0196,2.5,2026-03-20 17:15:19,16,195
U0400,P0007,5.0,2025-04-19 17:15:19,399,6
U0354,P0007,1.3,2026-03-10 17:15:19,353,6
U0043,P0083,4.4,2025-12-31 17:15:19,42,82
U0388,P0191,4.0,2025-05-03 17:15:19,387,190
U0300,P0021,3.7,2026-02-11 17:15:19,299,20
U0353,P0049,3.4,2025-07-22 17:15:19,352,48
U0488,P0026,4.9,2025-08-13 17:15:19,487,25
U0402,P0138,1.6,2025-04-28 17:15:19,401,137
U0191,P0015,3.8,2025-05-07 17:15:19,190,14
U0384,P0155,2.8,2026-03-12 17:15:19,383,154
U0369,P0039,2.2,2025-09-26 17:15:19,368,38
U0161,P0098,3.1,2025-04-15 17:15:19,160,97
U0059,P0130,2.8,2025-04-29 17:15:19,58,129
U0149,P0193,5.0,2025-10-27 17:15:19,148,192
U0134,P0041,2.5,2026-02-10 17:15:19,133,40
U0280,P0038,2.4,2025-05-22 17:15:19,279,37
U0343,P0148,3.1,2025-06-22 17:15:19,342,147
U0245,P0074,3.1,2025-07-17 17:15:19,244,73
U0040,P0039,2.4,2025-12-26 17:15:19,39,38
U0423,P0196,4.3,2025-10-29 17:15:19,422,195
U0257,P0160,1.9,2026-03-04 17:15:19,256,159
U0241,P0011,3.3,2025-07-09 17:15:19,240,10
U0223,P0120,2.6,2026-03-12 17:15:19,222,119
U0023,P0154,2.0,2026-02-28 17:15:19,22,153
U0002,P0170,5.0,2025-11-12 17:15:19,1,169
U0454,P0063,2.5,2025-09-13 17:15:19,453,62
U0177,P0163,3.1,2025-10-02 17:15:19,176,162
U0046,P0093,5.0,2025-07-04 17:15:19,45,92
U0077,P0104,2.8,2025-09-13 17:15:19,76,103
U0289,P0032,3.4,2025-11-25 17:15:19,288,31
U0212,P0039,3.0,2025-11-08 17:15:19,211,38
U0262,P0059,2.0,2025-10-12 17:15:19,261,58
U0190,P0170,2.0,2026-02-28 17:15:19,189,169
U0188,P0080,2.5,2025-12-28 17:15:19,187,79
U0193,P0187,3.4,2026-03-04 17:15:19,192,186
U0283,P0183,3.6,2026-03-05 17:15:19,282,182
U0321,P0121,2.7,2026-02-26 17:15:19,320,120
U0124,P0106,3.0,2025-05-21 17:15:19,123,105
U0439,P0158,4.4,2025-06-13 17:15:19,438,157
U0236,P0159,3.2,2025-09-25 17:15:19,235,158
U0403,P0005,2.4,2025-05-10 17:15:19,402,4
U0399,P0163,4.9,2025-06-29 17:15:19,398,162
U0095,P0033,4.8,2026-02-20 17:15:19,94,32
U0032,P0069,4.0,2026-03-01 17:15:19,31,68
U0476,P0032,1.0,2025-09-06 17:15:19,475,31
U0130,P0136,5.0,2026-01-21 17:15:19,129,135
U0456,P0143,4.2,2025-06-28 17:15:19,455,142
U0379,P0002,4.7,2025-11-12 17:15:19,378,1
U0133,P0165,1.7,2025-12-25 17:15:19,132,164
U0281,P0122,3.9,2025-07-13 17:15:19,280,121
U0451,P0064,2.0,2025-07-04 17:15:19,450,63
U0368,P0196,3.8,2025-12-19 17:15:19,367,195
U0271,P0166,4.3,2026-02-21 17:15:19,270,165
U0205,P0069,1.7,2025-11-21 17:15:19,204,68
U0080,P0173,2.0,2026-02-20 17:15:19,79,172
U0073,P0179,5.0,2025-09-02 17:15:19,72,178
U0317,P0174,4.1,2025-10-25 17:15:19,316,173
U0372,P0044,4.0,2025-07-01 17:15:19,371,43
U0293,P0166,4.8,2025-04-17 17:15:19,292,165
U0342,P0188,2.2,2025-10-19 17:15:19,341,187
U0209,P0077,1.0,2026-01-03 17:15:19,208,76
U0011,P0063,2.8,2025-08-23 17:15:19,10,62
U0388,P0184,4.0,2026-01-18 17:15:19,387,183
U0189,P0185,4.1,2025-06-28 17:15:19,188,184
U0221,P0055,4.1,2026-01-31 17:15:19,220,54
U0159,P0200,2.7,2025-11-17 17:15:19,158,199
U0043,P0119,3.1,2026-03-05 17:15:19,42,118
U0421,P0100,4.6,2025-10-27 17:15:19,420,99
U0485,P0162,4.7,2025-09-07 17:15:19,484,161
U0081,P0091,3.4,2025-09-15 17:15:19,80,90
U0388,P0075,4.6,2026-03-04 17:15:19,387,74
U0096,P0104,2.1,2025-11-28 17:15:19,95,103
U0370,P0173,2.4,2025-09-18 17:15:19,369,172
U0175,P0140,2.6,2025-04-10 17:15:19,174,139
U0096,P0076,2.6,2025-12-17 17:15:19,95,75
U0492,P0187,3.5,2026-03-14 17:15:19,491,186
U0343,P0022,4.6,2025-07-28 17:15:19,342,21
U0194,P0079,4.6,2025-08-27 17:15:19,193,78
U0406,P0072,5.0,2025-10-28 17:15:19,405,71
U0263,P0148,4.1,2025-06-27 17:15:19,262,147
U0259,P0006,1.0,2025-11-30 17:15:19,258,5
U0375,P0028,3.7,2025-09-18 17:15:19,374,27
U0358,P0129,3.5,2025-07-03 17:15:19,357,128
U0092,P0071,3.2,2025-10-07 17:15:19,91,70
U0372,P0035,2.1,2025-07-30 17:15:19,371,34
U0313,P0179,3.6,2026-02-22 17:15:19,312,178
U0345,P0177,3.1,2025-10-02 17:15:19,344,176
U0020,P0075,2.4,2025-04-08 17:15:19,19,74
U0328,P0015,2.9,2025-10-27 17:15:19,327,14
U0123,P0053,4.3,2025-12-05 17:15:19,122,52
U0107,P0196,3.1,2025-09-25 17:15:19,106,195
U0100,P0135,3.1,2025-11-14 17:15:19,99,134
U0301,P0081,1.7,2025-03-28 17:15:19,300,80
U0063,P0102,3.0,2025-12-02 17:15:19,62,101
U0414,P0037,2.0,2026-02-01 17:15:19,413,36
U0047,P0025,4.2,2025-03-26 17:15:19,46,24
U0308,P0117,4.0,2025-06-29 17:15:19,307,116
U0239,P0185,1.0,2026-01-21 17:15:19,238,184
U0279,P0013,3.8,2025-05-19 17:15:19,278,12
U0500,P0051,1.2,2025-11-22 17:15:19,499,50
U0304,P0024,1.0,2025-05-06 17:15:19,303,23
U0348,P0051,5.0,2025-07-16 17:15:19,347,50
U0111,P0035,4.5,2025-08-30 17:15:19,110,34
U0330,P0083,4.4,2025-11-30 17:15:19,329,82
U0021,P0105,3.4,2026-03-08 17:15:19,20,104
U0371,P0020,2.0,2026-02-11 17:15:19,370,19
U0471,P0193,2.1,2025-05-16 17:15:19,470,192
U0390,P0130,4.7,2025-07-14 17:15:19,389,129
U0389,P0084,3.8,2025-09-07 17:15:19,388,83
U0049,P0119,4.7,2025-07-12 17:15:19,48,118
U0440,P0105,4.0,2025-06-16 17:15:19,439,104
U0369,P0135,1.0,2026-03-21 17:15:19,368,134
U0006,P0048,2.0,2025-12-09 17:15:19,5,47
U0421,P0007,1.9,2026-03-10 17:15:19,420,6
U0301,P0028,3.6,2025-10-05 17:15:19,300,27
U0399,P0107,3.3,2026-01-27 17:15:19,398,106
U0282,P0033,3.4,2025-05-24 17:15:19,281,32
U0269,P0004,1.5,2025-11-20 17:15:19,268,3
U0353,P0097,5.0,2025-10-06 17:15:19,352,96
U0242,P0164,1.5,2025-03-31 17:15:19,241,163
U0255,P0068,2.7,2025-10-31 17:15:19,254,67
U0422,P0153,4.0,2026-01-23 17:15:19,421,152
U0492,P0186,3.8,2025-08-25 17:15:19,491,185
U0470,P0001,3.8,2025-05-12 17:15:19,469,0
U0349,P0055,1.8,2025-09-06 17:15:19,348,54
U0189,P0157,2.7,2025-09-29 17:15:19,188,156
U0069,P0015,2.5,2026-02-14 17:15:19,68,14
U0160,P0155,3.6,2026-02-17 17:15:19,159,154
U0414,P0032,5.0,2025-06-29 17:15:19,413,31
U0328,P0198,3.2,2025-06-04 17:15:19,327,197
U0147,P0028,2.1,2025-06-22 17:15:19,146,27
U0150,P0058,2.9,2025-11-27 17:15:19,149,57
U0204,P0136,2.1,2025-07-24 17:15:19,203,135
U0176,P0007,1.5,2025-05-29 17:15:19,175,6
U0072,P0194,2.6,2025-08-29 17:15:19,71,193
U0100,P0044,5.0,2026-01-04 17:15:19,99,43
U0483,P0056,3.6,2025-05-19 17:15:19,482,55
U0309,P0130,2.7,2026-01-09 17:15:19,308,129
U0038,P0062,3.7,2025-08-06 17:15:19,37,61
U0141,P0086,4.3,2025-10-04 17:15:19,140,85
U0215,P0020,2.0,2026-02-06 17:15:19,214,19
U0131,P0010,4.2,2025-04-03 17:15:19,130,9
U0382,P0188,2.3,2025-10-26 17:15:19,381,187
U0067,P0134,3.9,2025-06-24 17:15:19,66,133
U0209,P0192,1.0,2026-03-04 17:15:19,208,191
U0425,P0094,3.8,2025-05-07 17:15:19,424,93
U0011,P0200,4.8,2025-10-04 17:15:19,10,199
U0122,P0127,1.4,2025-09-04 17:15:19,121,126
U0220,P0112,3.2,2026-03-02 17:15:19,219,111
U0266,P0178,4.8,2026-02-04 17:15:19,265,177
U0060,P0192,2.5,2026-01-19 17:15:19,59,191
U0219,P0200,3.6,2026-03-16 17:15:19,218,199
U0481,P0011,2.0,2025-12-17 17:15:19,480,10
U0448,P0015,2.1,2025-07-02 17:15:19,447,14
U0454,P0053,2.9,2025-09-22 17:15:19,453,52
U0200,P0102,2.9,2025-05-18 17:15:19,199,101
U0046,P0196,5.0,2026-03-12 17:15:19,45,195
U0198,P0040,4.8,2025-04-09 17:15:19,197,39
U0234,P0019,3.1,2025-10-12 17:15:19,233,18
U0482,P0191,5.0,2025-12-07 17:15:19,481,190
U0394,P0056,2.2,2025-11-15 17:15:19,393,55
U0460,P0088,5.0,2025-09-24 17:15:19,459,87
U0027,P0111,3.3,2025-07-08 17:15:19,26,110
U0282,P0047,1.1,2025-08-14 17:15:19,281,46
U0293,P0028,1.5,2025-07-20 17:15:19,292,27
U0321,P0125,3.4,2025-08-20 17:15:19,320,124
U0391,P0144,4.2,2025-04-30 17:15:19,390,143
U0463,P0037,1.5,2025-05-11 17:15:19,462,36
U0108,P0135,3.4,2025-11-10 17:15:19,107,134
U0149,P0192,2.1,2026-03-05 17:15:19,148,191
U0060,P0062,2.4,2025-10-21 17:15:19,59,61
U0459,P0142,4.7,2026-03-23 17:15:19,458,141
U0407,P0136,3.3,2025-08-08 17:15:19,406,135
U0400,P0050,5.0,2025-10-01 17:15:19,399,49
U0245,P0171,4.9,2025-06-17 17:15:19,244,170
U0378,P0136,3.5,2026-01-15 17:15:19,377,135
U0209,P0012,5.0,2025-12-07 17:15:19,208,11
U0120,P0166,2.9,2025-09-15 17:15:19,119,165
U0315,P0186,3.8,2026-01-21 17:15:19,314,185
U0028,P0027,5.0,2025-04-18 17:15:19,27,26
U0190,P0116,5.0,2025-04-06 17:15:19,189,115
U0356,P0005,3.5,2025-05-19 17:15:19,355,4
U0421,P0013,1.8,2025-07-09 17:15:19,420,12
U0189,P0145,2.6,2025-06-01 17:15:19,188,144
U0363,P0017,3.3,2025-10-28 17:15:19,362,16
U0147,P0147,4.8,2025-12-22 17:15:19,146,146
U0479,P0005,1.1,2025-08-06 17:15:19,478,4
U0414,P0043,4.4,2025-08-31 17:15:19,413,42
U0388,P0154,1.9,2025-03-29 17:15:19,387,153
U0294,P0160,2.2,2025-05-09 17:15:19,293,159
U0216,P0197,1.6,2025-05-10 17:15:19,215,196
U0294,P0097,5.0,2025-04-23 17:15:19,293,96
U0152,P0142,4.2,2025-05-01 17:15:19,151,141
U0310,P0195,3.1,2025-05-22 17:15:19,309,194
U0382,P0187,4.9,2025-04-13 17:15:19,381,186
U0438,P0117,3.3,2026-02-08 17:15:19,437,116
U0456,P0134,2.3,2025-10-25 17:15:19,455,133
U0075,P0138,4.8,2025-09-19 17:15:19,74,137
U0297,P0099,3.2,2025-05-03 17:15:19,296,98
U0488,P0146,3.5,2025-11-18 17:15:19,487,145
U0076,P0085,1.0,2025-06-09 17:15:19,75,84
U0053,P0076,2.7,2026-03-15 17:15:19,52,75
U0396,P0129,5.0,2025-10-18 17:15:19,395,128
U0292,P0159,4.1,2025-12-16 17:15:19,291,158
U0456,P0049,2.6,2026-01-29 17:15:19,455,48
U0095,P0200,4.2,2025-12-01 17:15:19,94,199
U0151,P0200,3.8,2026-01-12 17:15:19,150,199
U0207,P0145,2.3,2025-06-12 17:15:19,206,144
U0492,P0015,4.1,2025-08-29 17:15:19,491,14
U0319,P0180,2.4,2026-03-14 17:15:19,318,179
U0080,P0102,2.3,2025-05-02 17:15:19,79,101
U0061,P0118,3.6,2025-08-24 17:15:19,60,117
U0498,P0008,4.2,2025-05-01 17:15:19,497,7
U0227,P0045,3.2,2025-12-05 17:15:19,226,44
U0483,P0186,5.0,2025-11-29 17:15:19,482,185
U0267,P0156,2.9,2025-12-03 17:15:19,266,155
U0167,P0172,1.5,2025-04-20 17:15:19,166,171
U0309,P0093,1.1,2025-04-27 17:15:19,308,92
U0125,P0134,2.6,2026-01-14 17:15:19,124,133
U0337,P0144,2.3,2026-03-17 17:15:19,336,143
U0429,P0073,2.6,2026-03-24 17:15:19,428,72
U0460,P0089,4.0,2025-08-29 17:15:19,459,88
U0455,P0170,5.0,2026-01-24 17:15:19,454,169
U0073,P0178,1.2,2025-06-09 17:15:19,72,177
U0313,P0112,1.0,2025-10-02 17:15:19,312,111
U0016,P0141,4.3,2026-01-09 17:15:19,15,140
U0208,P0152,3.6,2025-09-23 17:15:19,207,151
U0279,P0174,4.3,2026-01-09 17:15:19,278,173
U0137,P0024,3.1,2025-06-17 17:15:19,136,23
U0196,P0147,3.8,2025-09-13 17:15:19,195,146
U0177,P0105,1.0,2025-05-07 17:15:19,176,104
U0038,P0056,1.9,2026-03-18 17:15:19,37,55
U0415,P0110,4.4,2026-02-03 17:15:19,414,109
U0345,P0176,3.3,2026-01-10 17:15:19,344,175
U0393,P0049,5.0,2025-06-28 17:15:19,392,48
U0161,P0147,3.5,2025-10-04 17:15:19,160,146
U0473,P0193,3.9,2026-01-23 17:15:19,472,192
U0398,P0069,1.6,2025-09-02 17:15:19,397,68
U0278,P0039,1.9,2025-11-22 17:15:19,277,38
U0301,P0198,1.9,2025-10-17 17:15:19,300,197
U0140,P0161,4.7,2026-03-05 17:15:19,139,160
U0438,P0008,4.3,2025-12-31 17:15:19,437,7
U0245,P0193,2.7,2025-12-01 17:15:19,244,192
U0001,P0002,2.1,2025-04-18 17:15:19,0,1
U0437,P0132,4.9,2025-08-15 17:15:19,436,131
U0308,P0101,4.4,2025-09-07 17:15:19,307,100
U0033,P0015,3.1,2026-01-25 17:15:19,32,14
U0427,P0196,2.9,2025-09-08 17:15:19,426,195
U0258,P0052,5.0,2026-02-15 17:15:19,257,51
U0042,P0172,2.7,2025-12-17 17:15:19,41,171
U0417,P0157,3.6,2025-10-05 17:15:19,416,156
U0422,P0007,1.6,2026-03-01 17:15:19,421,6
U0485,P0017,4.2,2025-09-14 17:15:19,484,16
U0271,P0015,1.0,2025-05-16 17:15:19,270,14
U0332,P0072,2.3,2026-02-12 17:15:19,331,71
U0151,P0162,2.3,2025-05-19 17:15:19,150,161
U0038,P0189,1.1,2025-10-12 17:15:19,37,188
U0028,P0117,1.6,2025-08-29 17:15:19,27,116
U0397,P0046,4.8,2025-05-07 17:15:19,396,45
U0268,P0051,2.7,2025-05-31 17:15:19,267,50
U0487,P0114,4.1,2025-05-01 17:15:19,486,113
U0211,P0161,4.3,2026-01-11 17:15:19,210,160
U0026,P0187,4.1,2025-09-18 17:15:19,25,186
U0113,P0164,3.7,2025-11-02 17:15:19,112,163
U0139,P0005,4.1,2025-07-15 17:15:19,138,4
U0226,P0114,2.5,2025-05-23 17:15:19,225,113
U0145,P0101,4.1,2026-01-01 17:15:19,144,100
U0030,P0183,4.4,2025-08-08 17:15:19,29,182
U0454,P0036,3.4,2025-08-31 17:15:19,453,35
U0391,P0106,2.7,2025-04-16 17:15:19,390,105
U0067,P0153,4.4,2026-01-14 17:15:19,66,152
U0177,P0005,3.9,2025-06-14 17:15:19,176,4
U0409,P0024,4.1,2025-07-17 17:15:19,408,23
U0372,P0161,3.7,2025-07-26 17:15:19,371,160
U0473,P0099,3.2,2026-03-01 17:15:19,472,98
U0083,P0145,3.4,2025-04-01 17:15:19,82,144
U0478,P0155,4.9,2026-02-19 17:15:19,477,154
U0394,P0200,4.2,2025-11-11 17:15:19,393,199
U0012,P0102,3.2,2025-06-30 17:15:19,11,101
U0346,P0137,4.0,2025-11-11 17:15:19,345,136
U0035,P0050,2.7,2025-12-14 17:15:19,34,49
U0104,P0117,5.0,2025-11-27 17:15:19,103,116
U0046,P0034,3.1,2025-10-16 17:15:19,45,33
U0184,P0184,3.8,2025-12-28 17:15:19,183,183
U0104,P0089,3.9,2025-09-01 17:15:19,103,88
U0056,P0120,1.0,2025-06-20 17:15:19,55,119
U0475,P0021,4.6,2025-07-31 17:15:19,474,20
U0006,P0053,2.3,2025-12-31 17:15:19,5,52
U0348,P0027,3.4,2026-02-13 17:15:19,347,26
U0309,P0042,4.0,2026-03-25 17:15:19,308,41
U0195,P0029,2.4,2025-12-03 17:15:19,194,28
U0385,P0109,5.0,2025-11-24 17:15:19,384,108
U0423,P0132,2.9,2025-04-17 17:15:19,422,131
U0163,P0034,2.8,2025-07-29 17:15:19,162,33
U0254,P0140,1.9,2025-06-05 17:15:19,253,139
U0193,P0032,2.8,2025-12-18 17:15:19,192,31
U0112,P0115,2.4,2026-02-15 17:15:19,111,114
U0457,P0171,2.6,2025-06-19 17:15:19,456,170
U0152,P0079,2.0,2025-11-10 17:15:19,151,78
U0304,P0013,2.0,2025-12-29 17:15:19,303,12
U0443,P0149,2.8,2025-10-11 17:15:19,442,148
U0025,P0037,4.9,2025-09-04 17:15:19,24,36
U0151,P0131,3.4,2026-03-03 17:15:19,150,130
U0499,P0025,3.1,2025-08-17 17:15:19,498,24
U0142,P0073,4.6,2026-02-26 17:15:19,141,72
U0122,P0116,4.0,2025-12-11 17:15:19,121,115
U0350,P0065,3.3,2026-02-01 17:15:19,349,64
U0204,P0121,3.1,2025-06-25 17:15:19,203,120
U0056,P0037,2.2,2025-07-31 17:15:19,55,36
U0380,P0128,2.0,2025-04-18 17:15:19,379,127
U0263,P0044,1.7,2025-12-20 17:15:19,262,43
U0039,P0004,3.9,2026-01-02 17:15:19,38,3
U0328,P0024,3.4,2025-07-17 17:15:19,327,23
U0458,P0151,3.2,2025-06-24 17:15:19,457,150
U0424,P0047,3.7,2026-02-01 17:15:19,423,46
U0134,P0133,4.2,2025-08-23 17:15:19,133,132
U0088,P0147,2.7,2025-06-19 17:15:19,87,146
U0175,P0189,2.7,2025-07-17 17:15:19,174,188
U0402,P0188,4.0,2025-04-08 17:15:19,401,187
U0311,P0113,3.0,2025-11-26 17:15:19,310,112
U0444,P0060,3.2,2025-06-22 17:15:19,443,59
U0125,P0030,3.9,2025-07-05 17:15:19,124,29
U0091,P0140,2.3,2025-04-11 17:15:19,90,139
U0164,P0105,2.7,2026-03-11 17:15:19,163,104
U0174,P0059,2.7,2025-06-05 17:15:19,173,58
U0385,P0116,1.6,2026-03-14 17:15:19,384,115
U0253,P0180,3.2,2025-05-28 17:15:19,252,179
U0279,P0185,4.7,2025-05-04 17:15:19,278,184
U0220,P0104,1.7,2025-04-11 17:15:19,219,103
U0475,P0031,2.8,2025-08-05 17:15:19,474,30
U0245,P0180,1.0,2026-02-22 17:15:19,244,179
U0207,P0128,3.0,2025-11-25 17:15:19,206,127
U0461,P0104,3.1,2025-07-03 17:15:19,460,103
U0400,P0038,3.4,2026-03-18 17:15:19,399,37
U0187,P0196,2.9,2026-03-24 17:15:19,186,195
U0193,P0139,4.7,2026-01-11 17:15:19,192,138
U0044,P0169,5.0,2025-12-28 17:15:19,43,168
U0093,P0058,4.0,2025-05-07 17:15:19,92,57
U0179,P0084,3.1,2025-04-14 17:15:19,178,83
U0082,P0023,4.1,2025-09-05 17:15:19,81,22
U0348,P0169,1.7,2025-09-19 17:15:19,347,168
U0008,P0199,1.0,2025-10-05 17:15:19,7,198
U0277,P0115,3.0,2026-01-31 17:15:19,276,114
U0352,P0068,1.4,2025-08-30 17:15:19,351,67
U0292,P0039,3.5,2026-02-16 17:15:19,291,38
U0268,P0167,2.1,2025-12-26 17:15:19,267,166
U0038,P0147,3.1,2026-01-13 17:15:19,37,146
U0168,P0146,3.9,2025-09-03 17:15:19,167,145
U0497,P0117,1.3,2025-05-25 17:15:19,496,116
U0489,P0011,3.4,2025-06-13 17:15:19,488,10
U0303,P0137,3.9,2025-04-10 17:15:19,302,136
U0138,P0061,5.0,2025-08-17 17:15:19,137,60
U0320,P0156,3.3,2025-06-21 17:15:19,319,155
U0148,P0140,1.9,2026-03-17 17:15:19,147,139
U0488,P0041,3.0,2026-01-20 17:15:19,487,40
U0436,P0085,3.4,2026-03-08 17:15:19,435,84
U0488,P0155,4.2,2025-04-05 17:15:19,487,154
U0374,P0059,2.4,2025-04-20 17:15:19,373,58
U0431,P0139,5.0,2025-08-16 17:15:19,430,138
U0500,P0185,1.2,2025-05-23 17:15:19,499,184
U0367,P0178,3.7,2025-11-17 17:15:19,366,177
U0260,P0075,2.5,2025-04-28 17:15:19,259,74
U0067,P0077,4.4,2025-05-19 17:15:19,66,76
U0173,P0189,1.2,2025-05-17 17:15:19,172,188
U0263,P0142,5.0,2025-05-07 17:15:19,262,141
U0034,P0166,3.3,2026-02-10 17:15:19,33,165
U0232,P0161,4.4,2025-06-19 17:15:19,231,160
U0260,P0118,1.5,2026-03-07 17:15:19,259,117
U0356,P0168,4.6,2025-08-12 17:15:19,355,167
U0047,P0092,1.8,2025-12-24 17:15:19,46,91
U0121,P0140,3.8,2025-09-01 17:15:19,120,139
U0230,P0100,1.5,2025-07-24 17:15:19,229,99
U0101,P0139,2.4,2025-04-23 17:15:19,100,138
U0096,P0007,3.4,2025-05-14 17:15:19,95,6
U0232,P0071,1.5,2025-09-12 17:15:19,231,70
U0400,P0020,3.2,2025-05-15 17:15:19,399,19
U0033,P0185,3.0,2025-05-08 17:15:19,32,184
U0340,P0119,3.7,2025-07-15 17:15:19,339,118
U0313,P0137,2.2,2025-07-16 17:15:19,312,136
U0197,P0139,3.6,2026-01-08 17:15:19,196,138
U0439,P0160,5.0,2025-06-04 17:15:19,438,159
U0469,P0112,2.0,2025-07-10 17:15:19,468,111
U0255,P0184,5.0,2026-01-06 17:15:19,254,183
U0429,P0034,3.7,2025-10-13 17:15:19,428,33
U0101,P0127,1.1,2026-03-06 17:15:19,100,126
U0405,P0165,3.7,2025-06-26 17:15:19,404,164
U0163,P0175,3.5,2025-06-30 17:15:19,162,174
U0001,P0103,1.7,2025-04-30 17:15:19,0,102
U0096,P0175,3.4,2025-05-09 17:15:19,95,174
U0406,P0061,3.1,2025-09-18 17:15:19,405,60
U0027,P0179,2.5,2025-11-08 17:15:19,26,178
U0453,P0008,3.1,2025-04-20 17:15:19,452,7
U0387,P0100,2.7,2025-09-11 17:15:19,386,99
U0373,P0159,3.0,2025-10-07 17:15:19,372,158
U0292,P0010,3.6,2026-03-10 17:15:19,291,9
U0086,P0072,2.7,2025-06-21 17:15:19,85,71
U0091,P0200,1.6,2025-10-01 17:15:19,90,199
U0437,P0096,3.8,2025-11-08 17:15:19,436,95
U0129,P0047,1.9,2025-06-30 17:15:19,128,46
U0202,P0118,3.6,2025-05-26 17:15:19,201,117
U0202,P0051,3.8,2026-01-13 17:15:19,201,50
U0181,P0157,2.7,2025-10-26 17:15:19,180,156
U0096,P0164,3.5,2025-11-19 17:15:19,95,163
U0325,P0035,1.5,2025-04-10 17:15:19,324,34
U0273,P0190,2.3,2025-06-04 17:15:19,272,189
U0434,P0069,1.4,2025-09-06 17:15:19,433,68
U0426,P0057,3.7,2025-12-16 17:15:19,425,56
U0280,P0147,2.7,2026-02-01 17:15:19,279,146
U0175,P0104,3.5,2025-12-31 17:15:19,174,103
U0134,P0021,2.1,2025-04-09 17:15:19,133,20
U0349,P0084,3.1,2025-12-20 17:15:19,348,83
U0173,P0185,1.1,2025-07-21 17:15:19,172,184
U0092,P0088,4.5,2025-09-07 17:15:19,91,87
U0086,P0148,3.9,2025-12-28 17:15:19,85,147
U0114,P0178,5.0,2025-12-02 17:15:19,113,177
U0176,P0136,3.2,2025-05-18 17:15:19,175,135
U0401,P0176,3.1,2025-09-17 17:15:19,400,175
U0053,P0058,5.0,2025-07-10 17:15:19,52,57
U0055,P0144,2.8,2025-03-27 17:15:19,54,143
U0201,P0095,4.6,2025-09-19 17:15:19,200,94
U0014,P0166,2.2,2025-07-18 17:15:19,13,165
U0266,P0068,2.6,2025-09-09 17:15:19,265,67
U0487,P0144,1.8,2025-10-10 17:15:19,486,143
U0009,P0157,2.5,2025-10-12 17:15:19,8,156
U0388,P0125,2.6,2025-04-11 17:15:19,387,124
U0148,P0067,4.4,2025-12-01 17:15:19,147,66
U0004,P0050,4.1,2025-10-20 17:15:19,3,49
U0322,P0160,3.7,2026-01-23 17:15:19,321,159
U0450,P0173,2.1,2025-07-06 17:15:19,449,172
U0423,P0148,2.2,2026-02-15 17:15:19,422,147
U0475,P0029,2.7,2025-07-22 17:15:19,474,28
U0307,P0124,1.8,2025-12-31 17:15:19,306,123
U0268,P0181,4.5,2025-10-06 17:15:19,267,180
U0298,P0061,4.0,2025-11-08 17:15:19,297,60
U0407,P0010,3.4,2026-02-09 17:15:19,406,9
U0430,P0094,2.7,2025-12-08 17:15:19,429,93
U0202,P0079,2.1,2026-02-08 17:15:19,201,78
U0167,P0076,4.6,2025-08-05 17:15:19,166,75
U0424,P0084,3.9,2025-12-12 17:15:19,423,83
U0055,P0056,3.7,2025-12-27 17:15:19,54,55
U0188,P0159,3.6,2025-12-06 17:15:19,187,158
U0419,P0108,3.2,2025-07-25 17:15:19,418,107
U0373,P0135,4.9,2026-02-04 17:15:19,372,134
U0122,P0110,4.2,2025-08-08 17:15:19,121,109
U0436,P0082,1.6,2026-03-02 17:15:19,435,81
U0137,P0039,4.0,2025-04-03 17:15:19,136,38
U0443,P0165,5.0,2026-01-29 17:15:19,442,164
U0146,P0198,3.0,2026-02-09 17:15:19,145,197
U0019,P0199,2.9,2025-09-25 17:15:19,18,198
U0091,P0117,1.0,2025-09-10 17:15:19,90,116
U0316,P0136,3.3,2026-01-22 17:15:19,315,135
U0357,P0152,2.9,2025-06-30 17:15:19,356,151
U0243,P0144,2.9,2026-02-23 17:15:19,242,143
U0310,P0188,5.0,2026-01-17 17:15:19,309,187
U0388,P0123,2.4,2026-03-22 17:15:19,387,122
U0140,P0093,2.9,2026-01-18 17:15:19,139,92
U0121,P0132,2.5,2025-06-29 17:15:19,120,131
U0286,P0197,1.5,2025-09-28 17:15:19,285,196
U0206,P0042,1.0,2026-01-14 17:15:19,205,41
U0479,P0085,4.4,2025-06-13 17:15:19,478,84
U0415,P0199,2.7,2025-08-18 17:15:19,414,198
U0214,P0015,3.4,2025-10-10 17:15:19,213,14
U0443,P0198,2.4,2025-05-31 17:15:19,442,197
U0260,P0107,3.1,2025-08-07 17:15:19,259,106
U0276,P0114,2.2,2025-11-02 17:15:19,275,113
U0153,P0043,3.1,2026-01-14 17:15:19,152,42
U0253,P0181,5.0,2025-10-04 17:15:19,252,180
U0262,P0087,1.9,2025-04-17 17:15:19,261,86
U0144,P0139,3.3,2025-05-06 17:15:19,143,138
U0174,P0188,3.8,2025-05-28 17:15:19,173,187
U0408,P0082,5.0,2025-03-26 17:15:19,407,81
U0431,P0158,2.4,2025-10-29 17:15:19,430,157
U0092,P0129,5.0,2026-01-19 17:15:19,91,128
U0156,P0158,2.6,2026-01-24 17:15:19,155,157
U0496,P0022,2.4,2025-04-05 17:15:19,495,21
U0220,P0086,3.8,2026-03-12 17:15:19,219,85
U0070,P0002,2.1,2026-03-05 17:15:19,69,1
U0022,P0040,3.5,2025-10-19 17:15:19,21,39
U0191,P0164,2.9,2025-11-28 17:15:19,190,163
U0301,P0166,4.3,2025-11-27 17:15:19,300,165
U0038,P0061,3.6,2026-01-17 17:15:19,37,60
U0330,P0030,1.7,2025-10-10 17:15:19,329,29
U0445,P0082,5.0,2026-02-18 17:15:19,444,81
U0107,P0002,2.9,2025-10-11 17:15:19,106,1
U0175,P0124,3.1,2026-03-08 17:15:19,174,123
U0268,P0053,3.6,2025-05-05 17:15:19,267,52
U0325,P0109,2.6,2025-06-14 17:15:19,324,108
U0378,P0047,4.3,2025-04-10 17:15:19,377,46
U0052,P0073,1.5,2025-10-21 17:15:19,51,72
U0146,P0134,3.2,2025-06-30 17:15:19,145,133
U0198,P0151,3.5,2025-05-12 17:15:19,197,150
U0367,P0126,4.6,2026-01-11 17:15:19,366,125
U0256,P0177,2.7,2025-12-02 17:15:19,255,176
U0217,P0115,2.3,2025-05-03 17:15:19,216,114
U0369,P0075,2.5,2025-04-30 17:15:19,368,74
U0383,P0002,1.5,2026-01-18 17:15:19,382,1
U0188,P0132,1.0,2025-03-30 17:15:19,187,131
U0086,P0095,3.2,2025-10-29 17:15:19,85,94
U0108,P0018,3.2,2025-06-29 17:15:19,107,17
U0112,P0045,4.1,2025-03-28 17:15:19,111,44
U0279,P0028,3.2,2026-01-16 17:15:19,278,27
U0098,P0017,4.7,2026-01-20 17:15:19,97,16
U0103,P0156,3.7,2026-01-11 17:15:19,102,155
U0450,P0166,3.7,2026-03-22 17:15:19,449,165
U0321,P0079,5.0,2025-05-10 17:15:19,320,78
U0048,P0016,4.2,2025-09-13 17:15:19,47,15
U0379,P0003,3.7,2026-02-07 17:15:19,378,2
U0267,P0063,5.0,2025-08-25 17:15:19,266,62
U0135,P0126,3.1,2026-01-03 17:15:19,134,125
U0105,P0184,3.3,2025-06-15 17:15:19,104,183
U0238,P0089,1.2,2026-03-13 17:15:19,237,88
U0273,P0043,2.2,2025-07-27 17:15:19,272,42
U0207,P0133,4.0,2025-03-29 17:15:19,206,132
U0045,P0171,3.6,2025-08-04 17:15:19,44,170
U0091,P0047,2.9,2025-09-27 17:15:19,90,46
U0165,P0067,2.8,2025-09-21 17:15:19,164,66
U0137,P0124,5.0,2026-01-15 17:15:19,136,123
U0195,P0040,1.4,2025-06-06 17:15:19,194,39
U0483,P0009,3.0,2025-10-10 17:15:19,482,8
U0073,P0159,3.4,2026-02-07 17:15:19,72,158
U0262,P0199,5.0,2025-04-17 17:15:19,261,198
U0380,P0117,1.7,2025-09-11 17:15:19,379,116
U0461,P0169,5.0,2025-06-15 17:15:19,460,168
U0124,P0187,4.2,2026-02-01 17:15:19,123,186
U0201,P0014,2.8,2025-06-17 17:15:19,200,13
U0445,P0047,1.0,2025-08-12 17:15:19,444,46
U0492,P0031,1.0,2025-04-29 17:15:19,491,30
U0241,P0045,2.3,2026-02-21 17:15:19,240,44
U0235,P0176,2.7,2025-12-05 17:15:19,234,175
U0102,P0114,2.9,2025-12-04 17:15:19,101,113
U0475,P0145,2.9,2025-04-24 17:15:19,474,144
U0299,P0048,3.1,2026-03-11 17:15:19,298,47
U0167,P0047,3.1,2025-12-27 17:15:19,166,46
U0080,P0148,3.9,2025-06-08 17:15:19,79,147
U0466,P0158,3.3,2025-12-06 17:15:19,465,157
U0380,P0106,2.8,2025-12-28 17:15:19,379,105
U0490,P0026,2.1,2025-08-19 17:15:19,489,25
U0410,P0084,4.1,2025-04-23 17:15:19,409,83
U0438,P0150,2.6,2026-02-15 17:15:19,437,149
U0328,P0078,2.6,2025-11-25 17:15:19,327,77
U0284,P0141,4.8,2026-01-11 17:15:19,283,140
U0122,P0043,1.1,2025-10-10 17:15:19,121,42
U0335,P0094,3.3,2025-03-31 17:15:19,334,93
U0494,P0063,4.2,2025-06-03 17:15:19,493,62
U0439,P0139,3.7,2025-12-11 17:15:19,438,138
U0164,P0143,4.9,2025-10-19 17:15:19,163,142
U0137,P0107,3.0,2026-01-22 17:15:19,136,106
U0251,P0186,3.3,2025-04-29 17:15:19,250,185
U0238,P0189,2.9,2025-07-16 17:15:19,237,188
U0113,P0042,3.3,2025-09-05 17:15:19,112,41
U0149,P0064,3.6,2026-03-15 17:15:19,148,63
U0293,P0086,5.0,2025-11-12 17:15:19,292,85
U0444,P0065,2.4,2025-06-03 17:15:19,443,64
U0416,P0199,5.0,2025-07-13 17:15:19,415,198
U0313,P0184,3.7,2026-01-25 17:15:19,312,183
U0093,P0115,3.4,2025-05-20 17:15:19,92,114
U0423,P0150,4.2,2025-08-13 17:15:19,422,149
U0002,P0048,4.4,2025-06-06 17:15:19,1,47
U0090,P0113,2.9,2026-02-18 17:15:19,89,112
U0083,P0015,1.0,2025-10-07 17:15:19,82,14
U0127,P0171,1.4,2025-05-24 17:15:19,126,170
U0240,P0195,4.1,2025-06-29 17:15:19,239,194
U0467,P0128,1.0,2026-01-27 17:15:19,466,127
U0110,P0126,3.3,2025-03-28 17:15:19,109,125
U0459,P0084,4.9,2026-01-14 17:15:19,458,83
U0297,P0143,2.8,2025-07-03 17:15:19,296,142
U0125,P0034,2.9,2026-01-08 17:15:19,124,33
U0015,P0173,3.9,2026-02-03 17:15:19,14,172
U0069,P0094,5.0,2025-09-03 17:15:19,68,93
U0442,P0014,2.6,2025-06-18 17:15:19,441,13
U0097,P0045,4.5,2026-03-06 17:15:19,96,44
U0453,P0012,4.2,2025-11-10 17:15:19,452,11
U0390,P0142,4.5,2025-07-18 17:15:19,389,141
U0311,P0176,2.4,2025-07-30 17:15:19,310,175
U0266,P0129,4.0,2025-07-09 17:15:19,265,128
U0443,P0146,3.4,2025-08-13 17:15:19,442,145
U0179,P0176,5.0,2025-12-08 17:15:19,178,175
U0355,P0190,2.6,2025-03-30 17:15:19,354,189
U0450,P0096,2.4,2025-04-18 17:15:19,449,95
U0264,P0092,2.8,2025-12-21 17:15:19,263,91
U0122,P0164,5.0,2025-06-25 17:15:19,121,163
U0202,P0016,1.9,2026-03-05 17:15:19,201,15
U0104,P0005,2.6,2025-11-03 17:15:19,103,4
U0473,P0100,4.6,2025-04-29 17:15:19,472,99
U0042,P0147,4.2,2025-06-05 17:15:19,41,146
U0236,P0018,4.7,2025-09-29 17:15:19,235,17
U0428,P0042,4.2,2025-12-08 17:15:19,427,41
U0447,P0187,2.9,2025-06-06 17:15:19,446,186
U0461,P0024,3.9,2026-03-14 17:15:19,460,23
U0399,P0039,1.6,2025-04-30 17:15:19,398,38
U0296,P0043,2.4,2025-05-29 17:15:19,295,42
U0384,P0090,3.5,2025-04-20 17:15:19,383,89
U0013,P0024,2.8,2025-10-21 17:15:19,12,23
U0102,P0123,2.2,2025-11-04 17:15:19,101,122
U0262,P0050,3.6,2026-02-24 17:15:19,261,49
U0314,P0051,3.1,2026-03-23 17:15:19,313,50
U0296,P0107,3.1,2025-07-28 17:15:19,295,106
U0043,P0054,4.1,2025-04-08 17:15:19,42,53
U0304,P0128,3.0,2026-02-06 17:15:19,303,127
U0312,P0030,3.2,2026-01-10 17:15:19,311,29
U0204,P0013,2.2,2025-05-05 17:15:19,203,12
U0078,P0188,2.7,2026-01-07 17:15:19,77,187
U0060,P0054,2.8,2026-01-04 17:15:19,59,53
U0061,P0176,2.8,2025-04-01 17:15:19,60,175
U0492,P0118,2.4,2025-08-28 17:15:19,491,117
U0239,P0193,2.1,2025-04-21 17:15:19,238,192
U0072,P0014,5.0,2026-01-26 17:15:19,71,13
U0311,P0198,3.4,2025-04-15 17:15:19,310,197
U0046,P0030,4.4,2026-01-27 17:15:19,45,29
U0196,P0104,3.8,2026-01-31 17:15:19,195,103
U0067,P0047,2.0,2026-03-04 17:15:19,66,46
U0062,P0159,3.9,2026-03-09 17:15:19,61,158
U0229,P0035,4.3,2025-10-01 17:15:19,228,34
U0474,P0136,2.1,2025-08-13 17:15:19,473,135
U0478,P0064,1.0,2025-12-14 17:15:19,477,63
U0474,P0160,1.9,2025-12-06 17:15:19,473,159
U0019,P0076,2.7,2025-06-06 17:15:19,18,75
U0099,P0111,3.8,2025-09-12 17:15:19,98,110
U0173,P0054,4.0,2025-06-24 17:15:19,172,53
U0007,P0170,1.0,2025-12-24 17:15:19,6,169
U0234,P0167,1.7,2025-04-19 17:15:19,233,166
U0416,P0078,4.0,2025-07-02 17:15:19,415,77
U0054,P0039,2.6,2025-11-01 17:15:19,53,38
U0091,P0026,4.9,2026-02-07 17:15:19,90,25
U0146,P0006,4.6,2025-06-13 17:15:19,145,5
U0350,P0102,1.8,2025-05-09 17:15:19,349,101
U0269,P0036,2.4,2025-10-04 17:15:19,268,35
U0441,P0003,2.2,2025-06-03 17:15:19,440,2
U0341,P0084,1.0,2026-01-16 17:15:19,340,83
U0077,P0153,2.2,2025-10-30 17:15:19,76,152
U0193,P0033,4.9,2026-03-17 17:15:19,192,32
U0431,P0152,4.5,2025-12-16 17:15:19,430,151
U0359,P0094,3.1,2025-09-27 17:15:19,358,93
U0370,P0098,3.6,2026-02-20 17:15:19,369,97
U0377,P0168,1.8,2026-03-25 17:15:19,376,167
U0413,P0055,5.0,2025-04-18 17:15:19,412,54
U0292,P0153,3.5,2025-09-30 17:15:19,291,152
U0066,P0200,2.8,2025-04-04 17:15:19,65,199
U0299,P0128,4.2,2026-03-17 17:15:19,298,127
U0398,P0025,5.0,2025-11-28 17:15:19,397,24
U0061,P0037,5.0,2025-11-04 17:15:19,60,36
U0098,P0109,1.2,2025-09-23 17:15:19,97,108
U0282,P0084,1.3,2025-06-22 17:15:19,281,83
U0188,P0100,4.6,2025-10-19 17:15:19,187,99
U0109,P0007,2.4,2025-11-13 17:15:19,108,6
U0483,P0020,3.5,2026-01-05 17:15:19,482,19
U0014,P0037,5.0,2025-07-22 17:15:19,13,36
U0477,P0014,2.7,2025-08-21 17:15:19,476,13
U0064,P0093,4.1,2025-05-15 17:15:19,63,92
U0083,P0123,4.8,2025-11-27 17:15:19,82,122
U0286,P0127,3.6,2025-11-03 17:15:19,285,126
U0031,P0043,4.1,2025-05-23 17:15:19,30,42
U0318,P0016,3.2,2025-08-11 17:15:19,317,15
U0369,P0185,3.2,2026-02-10 17:15:19,368,184
U0221,P0110,5.0,2025-05-27 17:15:19,220,109
U0012,P0106,1.1,2025-11-29 17:15:19,11,105
U0067,P0033,3.7,2025-11-01 17:15:19,66,32
U0272,P0167,5.0,2026-01-30 17:15:19,271,166
U0176,P0082,5.0,2025-11-12 17:15:19,175,81
U0324,P0165,2.3,2026-03-22 17:15:19,323,164
U0114,P0180,3.3,2025-03-27 17:15:19,113,179
U0444,P0074,5.0,2026-03-09 17:15:19,443,73
U0128,P0016,5.0,2026-01-21 17:15:19,127,15
U0009,P0158,2.8,2025-09-21 17:15:19,8,157
U0465,P0104,1.3,2025-07-14 17:15:19,464,103
U0328,P0116,4.2,2025-09-18 17:15:19,327,115
U0217,P0079,4.6,2025-05-11 17:15:19,216,78
U0034,P0095,3.7,2025-08-11 17:15:19,33,94
U0303,P0174,3.2,2025-09-28 17:15:19,302,173
U0191,P0073,1.8,2025-08-20 17:15:19,190,72
U0432,P0045,1.9,2025-11-19 17:15:19,431,44
U0129,P0123,2.1,2026-01-30 17:15:19,128,122
U0071,P0065,4.1,2025-08-01 17:15:19,70,64
U0223,P0001,2.2,2026-01-28 17:15:19,222,0
U0023,P0143,2.8,2026-02-23 17:15:19,22,142
U0394,P0031,1.0,2025-07-05 17:15:19,393,30
U0063,P0010,2.0,2025-12-09 17:15:19,62,9
U0014,P0189,3.4,2025-08-26 17:15:19,13,188
U0284,P0059,5.0,2026-02-02 17:15:19,283,58
U0231,P0103,5.0,2025-11-04 17:15:19,230,102
U0391,P0024,3.2,2025-07-18 17:15:19,390,23
U0083,P0109,1.3,2025-07-04 17:15:19,82,108
U0022,P0140,4.5,2026-03-19 17:15:19,21,139
U0265,P0025,3.1,2025-04-16 17:15:19,264,24
U0188,P0115,4.4,2026-01-30 17:15:19,187,114
U0076,P0152,2.0,2026-03-10 17:15:19,75,151
U0445,P0185,1.6,2026-01-29 17:15:19,444,184
U0499,P0088,4.0,2025-03-30 17:15:19,498,87
U0032,P0119,4.5,2026-02-10 17:15:19,31,118
U0101,P0131,3.3,2026-03-04 17:15:19,100,130
U0053,P0064,2.6,2026-02-26 17:15:19,52,63
U0237,P0183,4.3,2025-11-28 17:15:19,236,182
U0171,P0021,2.6,2026-03-01 17:15:19,170,20
U0185,P0136,4.7,2025-11-04 17:15:19,184,135
U0252,P0077,2.8,2025-12-13 17:15:19,251,76
U0411,P0103,4.1,2025-12-26 17:15:19,410,102
U0059,P0181,2.2,2025-12-15 17:15:19,58,180
U0290,P0112,4.1,2025-12-22 17:15:19,289,111
U0179,P0137,4.5,2025-06-28 17:15:19,178,136
U0229,P0110,2.8,2025-03-30 17:15:19,228,109
U0220,P0153,2.9,2025-11-16 17:15:19,219,152
U0105,P0031,5.0,2025-06-11 17:15:19,104,30
U0003,P0086,2.8,2025-12-14 17:15:19,2,85
U0344,P0199,1.9,2025-12-13 17:15:19,343,198
U0311,P0104,3.4,2026-01-04 17:15:19,310,103
U0422,P0113,2.6,2025-11-15 17:15:19,421,112
U0430,P0112,2.9,2025-09-05 17:15:19,429,111
U0224,P0039,2.8,2026-02-13 17:15:19,223,38
U0181,P0150,3.0,2026-02-21 17:15:19,180,149
U0269,P0062,2.8,2026-01-14 17:15:19,268,61
U0359,P0122,3.6,2026-03-16 17:15:19,358,121
U0017,P0015,1.9,2025-11-09 17:15:19,16,14
U0218,P0026,3.5,2025-10-17 17:15:19,217,25
U0495,P0085,3.4,2025-05-09 17:15:19,494,84
U0302,P0007,4.7,2026-02-19 17:15:19,301,6
U0408,P0030,2.5,2026-02-28 17:15:19,407,29
U0229,P0151,2.0,2025-07-20 17:15:19,228,150
U0342,P0120,1.2,2026-01-21 17:15:19,341,119
U0468,P0065,5.0,2026-03-06 17:15:19,467,64
U0011,P0192,3.1,2025-04-24 17:15:19,10,191
U0135,P0150,1.8,2025-11-25 17:15:19,134,149
U0279,P0197,3.2,2025-06-16 17:15:19,278,196
U0035,P0184,2.4,2025-06-10 17:15:19,34,183
U0388,P0180,3.7,2025-03-28 17:15:19,387,179
U0324,P0179,2.9,2025-11-07 17:15:19,323,178
U0294,P0001,1.8,2025-10-15 17:15:19,293,0
U0128,P0171,3.7,2025-03-28 17:15:19,127,170
U0402,P0045,4.1,2026-03-04 17:15:19,401,44
U0131,P0157,3.5,2025-05-18 17:15:19,130,156
U0257,P0010,4.7,2025-05-28 17:15:19,256,9
U0153,P0166,5.0,2025-05-23 17:15:19,152,165
U0421,P0128,3.2,2025-09-04 17:15:19,420,127
U0402,P0156,1.0,2025-06-28 17:15:19,401,155
U0253,P0164,1.0,2025-12-01 17:15:19,252,163
U0332,P0017,2.3,2025-12-14 17:15:19,331,16
U0238,P0152,3.3,2025-08-13 17:15:19,237,151
U0351,P0031,2.7,2025-08-25 17:15:19,350,30
U0150,P0027,4.1,2025-08-27 17:15:19,149,26
U0465,P0098,1.0,2026-02-03 17:15:19,464,97
U0077,P0056,1.0,2025-07-20 17:15:19,76,55
U0147,P0013,4.3,2025-07-20 17:15:19,146,12
U0246,P0147,2.6,2025-11-09 17:15:19,245,146
U0128,P0060,3.6,2025-12-26 17:15:19,127,59
U0391,P0083,1.0,2025-08-14 17:15:19,390,82
U0094,P0054,3.0,2025-04-07 17:15:19,93,53
U0496,P0132,3.8,2025-04-17 17:15:19,495,131
U0303,P0153,2.8,2025-10-28 17:15:19,302,152
U0299,P0146,1.7,2026-01-26 17:15:19,298,145
U0313,P0115,2.5,2026-03-18 17:15:19,312,114
U0035,P0183,1.1,2025-11-10 17:15:19,34,182
U0085,P0111,5.0,2025-04-21 17:15:19,84,110
U0072,P0007,4.1,2025-12-06 17:15:19,71,6
U0240,P0014,1.0,2025-07-05 17:15:19,239,13
U0236,P0139,3.7,2025-12-28 17:15:19,235,138
U0055,P0023,3.0,2025-08-27 17:15:19,54,22
U0029,P0041,3.7,2025-04-21 17:15:19,28,40
U0341,P0169,2.2,2026-03-11 17:15:19,340,168
U0323,P0170,1.3,2025-05-08 17:15:19,322,169
U0133,P0025,4.6,2025-06-19 17:15:19,132,24
U0484,P0022,3.4,2025-11-25 17:15:19,483,21
U0190,P0176,1.0,2025-03-31 17:15:19,189,175
U0385,P0158,2.1,2025-06-06 17:15:19,384,157
U0263,P0153,3.5,2025-07-10 17:15:19,262,152
U0454,P0200,3.6,2025-05-30 17:15:19,453,199
U0230,P0038,4.2,2026-01-27 17:15:19,229,37
U0043,P0114,4.4,2026-03-14 17:15:19,42,113
U0375,P0138,4.3,2025-07-11 17:15:19,374,137
U0321,P0151,2.4,2025-10-28 17:15:19,320,150
U0476,P0170,2.4,2025-07-08 17:15:19,475,169
U0016,P0019,2.2,2025-06-19 17:15:19,15,18
U0476,P0103,2.2,2025-11-12 17:15:19,475,102
U0156,P0137,4.5,2026-01-14 17:15:19,155,136
U0083,P0195,1.6,2026-01-23 17:15:19,82,194
U0232,P0092,2.9,2025-07-01 17:15:19,231,91
U0263,P0189,2.9,2025-11-26 17:15:19,262,188
U0293,P0113,5.0,2025-07-09 17:15:19,292,112
U0192,P0113,3.0,2026-03-20 17:15:19,191,112
U0277,P0045,2.8,2026-02-22 17:15:19,276,44
U0416,P0007,2.9,2025-11-13 17:15:19,415,6
U0164,P0122,4.6,2025-04-18 17:15:19,163,121
U0048,P0047,3.9,2025-12-19 17:15:19,47,46
U0195,P0145,2.7,2026-02-10 17:15:19,194,144
U0154,P0153,1.5,2025-08-31 17:15:19,153,152
U0047,P0196,2.7,2025-04-28 17:15:19,46,195
U0262,P0128,3.6,2025-04-14 17:15:19,261,127
U0419,P0152,1.7,2025-11-07 17:15:19,418,151
U0406,P0043,4.7,2025-05-22 17:15:19,405,42
U0344,P0109,2.5,2025-06-12 17:15:19,343,108
U0463,P0130,3.1,2026-01-07 17:15:19,462,129
U0238,P0186,3.2,2025-09-06 17:15:19,237,185
U0297,P0172,1.6,2025-07-24 17:15:19,296,171
U0341,P0163,1.7,2026-02-28 17:15:19,340,162
U0137,P0012,2.3,2025-05-28 17:15:19,136,11
U0182,P0059,2.8,2026-01-24 17:15:19,181,58
U0133,P0023,3.8,2025-06-01 17:15:19,132,22
U0217,P0029,2.9,2025-09-25 17:15:19,216,28
U0219,P0012,4.3,2025-07-15 17:15:19,218,11
U0461,P0142,3.5,2025-05-01 17:15:19,460,141
U0250,P0073,1.0,2025-04-14 17:15:19,249,72
U0458,P0177,3.3,2025-06-15 17:15:19,457,176
U0286,P0058,4.2,2025-10-06 17:15:19,285,57
U0371,P0097,2.9,2025-09-25 17:15:19,370,96
U0055,P0200,2.9,2025-08-02 17:15:19,54,199
U0298,P0169,2.4,2025-04-16 17:15:19,297,168
U0329,P0102,1.4,2025-12-22 17:15:19,328,101
U0150,P0164,4.6,2026-03-02 17:15:19,149,163
U0454,P0155,2.6,2025-08-22 17:15:19,453,154
U0360,P0164,2.2,2025-11-01 17:15:19,359,163
U0428,P0157,3.0,2025-09-14 17:15:19,427,156
U0197,P0140,4.1,2025-11-18 17:15:19,196,139
U0369,P0068,2.1,2025-05-16 17:15:19,368,67
U0220,P0007,2.7,2025-11-09 17:15:19,219,6
U0232,P0131,4.0,2025-10-17 17:15:19,231,130
U0078,P0017,3.0,2025-08-10 17:15:19,77,16
U0006,P0040,4.6,2025-06-11 17:15:19,5,39
U0174,P0027,2.5,2025-09-09 17:15:19,173,26
U0073,P0041,1.5,2025-09-24 17:15:19,72,40
U0297,P0195,4.7,2025-11-21 17:15:19,296,194
U0423,P0162,4.5,2025-08-29 17:15:19,422,161
U0141,P0139,2.3,2025-06-19 17:15:19,140,138
U0065,P0001,5.0,2025-07-11 17:15:19,64,0
U0496,P0147,5.0,2025-12-02 17:15:19,495,146
U0205,P0137,2.4,2025-04-03 17:15:19,204,136
U0257,P0059,4.3,2025-05-15 17:15:19,256,58
U0022,P0112,1.5,2026-01-14 17:15:19,21,111
U0133,P0102,3.9,2025-07-23 17:15:19,132,101
U0078,P0193,2.3,2025-06-29 17:15:19,77,192
U0228,P0155,4.2,2025-06-04 17:15:19,227,154
U0035,P0109,4.3,2026-03-14 17:15:19,34,108
U0320,P0017,4.6,2026-02-08 17:15:19,319,16
U0154,P0019,2.7,2025-12-06 17:15:19,153,18
U0301,P0194,1.3,2025-11-18 17:15:19,300,193
U0184,P0170,1.6,2025-05-22 17:15:19,183,169
U0328,P0042,2.0,2025-12-11 17:15:19,327,41
U0366,P0105,3.7,2026-01-29 17:15:19,365,104
U0120,P0055,5.0,2025-07-25 17:15:19,119,54
U0369,P0105,1.3,2026-03-25 17:15:19,368,104
U0128,P0012,3.6,2025-11-15 17:15:19,127,11
U0165,P0143,5.0,2025-07-07 17:15:19,164,142
U0049,P0103,3.7,2025-10-06 17:15:19,48,102
U0400,P0180,4.5,2026-03-14 17:15:19,399,179
U0466,P0043,2.4,2025-09-22 17:15:19,465,42
U0465,P0072,2.8,2025-10-22 17:15:19,464,71
U0254,P0038,2.3,2025-11-11 17:15:19,253,37
U0064,P0158,4.7,2026-02-04 17:15:19,63,157
U0220,P0082,1.0,2025-04-27 17:15:19,219,81
U0017,P0050,3.6,2025-04-03 17:15:19,16,49
U0149,P0071,2.8,2026-03-11 17:15:19,148,70
U0404,P0146,3.0,2025-08-24 17:15:19,403,145
U0206,P0017,5.0,2025-07-28 17:15:19,205,16
U0387,P0190,2.1,2025-07-21 17:15:19,386,189
U0460,P0192,4.0,2026-02-20 17:15:19,459,191
U0396,P0133,3.3,2026-01-20 17:15:19,395,132
U0294,P0193,3.8,2025-06-19 17:15:19,293,192
U0323,P0011,4.8,2025-06-19 17:15:19,322,10
U0278,P0187,1.6,2026-03-24 17:15:19,277,186
U0444,P0103,4.3,2025-08-01 17:15:19,443,102
U0427,P0142,2.4,2026-01-10 17:15:19,426,141
U0050,P0070,3.1,2026-02-13 17:15:19,49,69
U0227,P0070,2.3,2025-08-26 17:15:19,226,69
U0265,P0027,3.7,2025-11-30 17:15:19,264,26
U0430,P0084,5.0,2025-05-11 17:15:19,429,83
U0095,P0101,3.9,2025-05-09 17:15:19,94,100
U0193,P0068,4.8,2025-06-19 17:15:19,192,67
U0217,P0158,2.3,2025-04-20 17:15:19,216,157
U0276,P0159,5.0,2025-11-18 17:15:19,275,158
U0358,P0149,3.3,2025-09-04 17:15:19,357,148
U0357,P0159,3.4,2025-06-17 17:15:19,356,158
U0226,P0080,5.0,2025-07-09 17:15:19,225,79
U0196,P0146,2.1,2025-10-17 17:15:19,195,145
U0353,P0024,4.1,2025-10-09 17:15:19,352,23
U0175,P0151,3.4,2025-11-12 17:15:19,174,150
U0161,P0169,3.8,2026-02-28 17:15:19,160,168
U0057,P0032,2.2,2025-05-15 17:15:19,56,31
U0070,P0185,2.5,2025-05-23 17:15:19,69,184
U0348,P0047,4.1,2026-02-24 17:15:19,347,46
U0433,P0176,3.7,2025-07-24 17:15:19,432,175
U0185,P0064,5.0,2025-04-03 17:15:19,184,63
U0476,P0098,1.8,2025-04-04 17:15:19,475,97
U0023,P0090,3.3,2026-01-26 17:15:19,22,89
U0037,P0122,3.3,2026-02-13 17:15:19,36,121
U0217,P0175,3.6,2026-02-22 17:15:19,216,174
U0117,P0153,3.0,2025-06-23 17:15:19,116,152
U0386,P0198,1.0,2025-06-14 17:15:19,385,197
U0414,P0102,3.8,2025-12-09 17:15:19,413,101
U0216,P0081,1.3,2025-11-18 17:15:19,215,80
U0211,P0182,3.8,2025-04-28 17:15:19,210,181
U0065,P0026,5.0,2025-07-05 17:15:19,64,25
U0297,P0067,4.3,2025-10-09 17:15:19,296,66
U0191,P0154,3.6,2026-02-25 17:15:19,190,153
U0195,P0125,2.8,2026-03-22 17:15:19,194,124
U0026,P0007,1.2,2025-05-25 17:15:19,25,6
U0336,P0167,1.0,2025-06-05 17:15:19,335,166
U0155,P0035,2.6,2025-10-24 17:15:19,154,34
U0272,P0149,3.8,2025-11-17 17:15:19,271,148
U0092,P0013,1.5,2025-10-26 17:15:19,91,12
U0472,P0097,1.0,2025-09-14 17:15:19,471,96
U0350,P0071,3.3,2025-06-13 17:15:19,349,70
U0315,P0112,2.3,2025-08-17 17:15:19,314,111
U0255,P0106,4.7,2026-02-28 17:15:19,254,105
U0135,P0042,2.7,2026-03-18 17:15:19,134,41
U0420,P0080,4.1,2025-10-15 17:15:19,419,79
U0251,P0194,1.5,2025-08-11 17:15:19,250,193
U0175,P0138,3.4,2026-03-11 17:15:19,174,137
U0293,P0116,4.0,2025-10-19 17:15:19,292,115
U0394,P0082,4.7,2025-12-02 17:15:19,393,81
U0099,P0130,3.6,2025-05-18 17:15:19,98,129
U0015,P0109,3.6,2026-01-18 17:15:19,14,108
U0125,P0095,4.3,2025-11-13 17:15:19,124,94
U0410,P0104,1.8,2025-09-11 17:15:19,409,103
U0402,P0034,4.0,2025-05-05 17:15:19,401,33
U0095,P0198,3.8,2025-08-23 17:15:19,94,197
U0173,P0180,3.0,2025-10-28 17:15:19,172,179
U0028,P0028,1.3,2025-09-03 17:15:19,27,27
U0324,P0086,4.0,2025-05-20 17:15:19,323,85
U0312,P0089,2.9,2025-11-28 17:15:19,311,88
U0474,P0014,2.5,2026-03-21 17:15:19,473,13
U0356,P0173,5.0,2025-08-20 17:15:19,355,172
U0061,P0045,3.3,2026-01-07 17:15:19,60,44
U0151,P0047,4.0,2025-08-06 17:15:19,150,46
U0356,P0169,4.2,2025-07-26 17:15:19,355,168
U0160,P0103,2.8,2026-01-16 17:15:19,159,102
U0392,P0081,2.9,2025-05-16 17:15:19,391,80
U0035,P0100,2.2,2026-03-11 17:15:19,34,99
U0054,P0021,2.2,2025-12-25 17:15:19,53,20
U0144,P0182,2.5,2026-02-02 17:15:19,143,181
U0048,P0096,5.0,2025-07-11 17:15:19,47,95
U0418,P0065,2.4,2025-06-25 17:15:19,417,64
U0409,P0133,2.3,2025-05-02 17:15:19,408,132
U0199,P0016,3.4,2026-03-22 17:15:19,198,15
U0390,P0138,4.4,2026-03-18 17:15:19,389,137
U0302,P0133,1.4,2025-09-04 17:15:19,301,132
U0247,P0183,3.9,2025-07-15 17:15:19,246,182
U0287,P0033,2.2,2025-12-15 17:15:19,286,32
U0448,P0021,2.3,2025-12-27 17:15:19,447,20
U0296,P0153,1.8,2025-09-23 17:15:19,295,152
U0228,P0004,2.3,2025-11-06 17:15:19,227,3
U0368,P0105,2.4,2025-11-11 17:15:19,367,104
U0437,P0043,2.5,2025-05-03 17:15:19,436,42
U0416,P0109,5.0,2026-02-15 17:15:19,415,108
U0057,P0043,3.9,2026-02-26 17:15:19,56,42
U0105,P0136,2.5,2025-11-17 17:15:19,104,135
U0118,P0189,4.4,2025-07-23 17:15:19,117,188
U0176,P0059,1.7,2025-08-17 17:15:19,175,58
U0178,P0179,4.5,2025-05-28 17:15:19,177,178
U0374,P0099,2.1,2025-06-26 17:15:19,373,98
U0025,P0119,3.1,2025-06-15 17:15:19,24,118
U0087,P0095,4.6,2025-11-10 17:15:19,86,94
U0486,P0132,4.0,2025-12-26 17:15:19,485,131
U0159,P0033,4.7,2026-01-21 17:15:19,158,32
U0344,P0143,3.4,2025-04-04 17:15:19,343,142
U0385,P0060,2.0,2025-07-11 17:15:19,384,59
U0167,P0065,1.0,2025-09-21 17:15:19,166,64
U0409,P0193,4.0,2025-11-08 17:15:19,408,192
U0025,P0009,4.6,2025-04-13 17:15:19,24,8
U0484,P0110,4.0,2025-11-15 17:15:19,483,109
U0157,P0168,2.2,2025-09-18 17:15:19,156,167
U0147,P0167,1.3,2025-07-29 17:15:19,146,166
U0174,P0190,1.4,2026-01-10 17:15:19,173,189
U0446,P0051,2.3,2026-02-14 17:15:19,445,50
U0058,P0036,2.4,2025-12-16 17:15:19,57,35
U0079,P0183,4.1,2025-08-08 17:15:19,78,182
U0147,P0198,3.9,2025-06-23 17:15:19,146,197
U0315,P0196,2.8,2025-07-17 17:15:19,314,195
U0350,P0159,3.9,2026-02-10 17:15:19,349,158
U0231,P0113,3.6,2025-09-03 17:15:19,230,112
U0392,P0053,5.0,2025-11-21 17:15:19,391,52
U0341,P0076,5.0,2025-04-29 17:15:19,340,75
U0329,P0174,2.4,2025-12-30 17:15:19,328,173
U0251,P0044,3.4,2026-03-10 17:15:19,250,43
U0099,P0143,3.2,2025-06-23 17:15:19,98,142
U0195,P0176,3.7,2025-12-29 17:15:19,194,175
U0420,P0019,1.3,2025-07-25 17:15:19,419,18
U0182,P0183,3.8,2026-03-19 17:15:19,181,182
U0336,P0139,3.7,2026-02-22 17:15:19,335,138
U0493,P0064,2.7,2026-03-04 17:15:19,492,63
U0131,P0085,1.2,2025-05-04 17:15:19,130,84
U0198,P0156,2.8,2025-11-28 17:15:19,197,155
U0167,P0185,4.1,2025-06-19 17:15:19,166,184
U0258,P0038,3.5,2025-11-09 17:15:19,257,37
U0320,P0059,2.2,2025-10-07 17:15:19,319,58
U0435,P0059,3.5,2025-10-20 17:15:19,434,58
U0007,P0010,3.2,2025-04-01 17:15:19,6,9
U0404,P0163,3.9,2026-01-31 17:15:19,403,162
U0264,P0018,1.5,2025-09-04 17:15:19,263,17
U0226,P0122,3.7,2025-07-10 17:15:19,225,121
U0147,P0132,3.3,2026-02-19 17:15:19,146,131
U0432,P0109,2.9,2025-09-30 17:15:19,431,108
U0089,P0072,5.0,2025-11-15 17:15:19,88,71
U0131,P0172,4.4,2025-09-22 17:15:19,130,171
U0134,P0068,4.3,2025-08-19 17:15:19,133,67
U0028,P0137,3.0,2025-12-08 17:15:19,27,136
U0420,P0137,5.0,2025-09-21 17:15:19,419,136
U0353,P0017,3.7,2025-07-25 17:15:19,352,16
U0309,P0159,4.0,2025-12-04 17:15:19,308,158
U0231,P0181,3.4,2025-06-16 17:15:19,230,180
U0055,P0004,4.1,2025-05-01 17:15:19,54,3
U0352,P0167,3.2,2025-04-17 17:15:19,351,166
U0165,P0062,2.4,2025-04-30 17:15:19,164,61
U0306,P0032,5.0,2026-01-09 17:15:19,305,31
U0275,P0117,1.0,2025-07-11 17:15:19,274,116
U0263,P0170,1.1,2025-11-15 17:15:19,262,169
U0448,P0138,4.7,2025-09-09 17:15:19,447,137
U0412,P0160,4.0,2025-06-08 17:15:19,411,159
U0297,P0109,4.6,2025-05-29 17:15:19,296,108
U0398,P0040,4.1,2025-04-06 17:15:19,397,39
U0307,P0016,4.6,2025-10-20 17:15:19,306,15
U0162,P0124,1.7,2025-06-02 17:15:19,161,123
U0360,P0035,4.6,2025-07-23 17:15:19,359,34
U0054,P0071,3.5,2025-08-07 17:15:19,53,70
U0349,P0036,3.7,2025-11-16 17:15:19,348,35
U0193,P0060,5.0,2026-03-07 17:15:19,192,59
U0415,P0023,4.2,2025-05-23 17:15:19,414,22
U0277,P0192,4.3,2025-09-11 17:15:19,276,191
U0364,P0065,1.0,2025-12-26 17:15:19,363,64
U0138,P0034,3.5,2025-12-11 17:15:19,137,33
U0426,P0143,2.3,2025-04-27 17:15:19,425,142
U0116,P0152,5.0,2025-08-07 17:15:19,115,151
U0084,P0134,1.9,2025-11-25 17:15:19,83,133
U0122,P0146,3.3,2026-02-01 17:15:19,121,145
U0078,P0029,2.5,2025-04-29 17:15:19,77,28
U0338,P0141,2.3,2025-07-13 17:15:19,337,140
U0016,P0101,4.2,2026-01-04 17:15:19,15,100
U0484,P0146,3.6,2025-12-08 17:15:19,483,145
U0089,P0133,2.1,2025-07-05 17:15:19,88,132
U0474,P0013,1.0,2025-03-26 17:15:19,473,12
U0086,P0038,3.8,2026-01-22 17:15:19,85,37
U0023,P0030,2.0,2026-03-18 17:15:19,22,29
U0095,P0059,2.0,2025-12-26 17:15:19,94,58
U0456,P0001,2.9,2026-03-17 17:15:19,455,0
U0033,P0178,3.2,2025-07-01 17:15:19,32,177
U0198,P0119,2.7,2025-08-15 17:15:19,197,118
U0195,P0030,5.0,2026-03-02 17:15:19,194,29
U0466,P0008,3.1,2025-07-08 17:15:19,465,7
U0431,P0162,2.2,2025-05-24 17:15:19,430,161
U0471,P0174,3.5,2025-07-22 17:15:19,470,173
U0367,P0099,4.3,2026-01-22 17:15:19,366,98
U0006,P0141,4.6,2026-02-11 17:15:19,5,140
U0419,P0076,5.0,2025-12-19 17:15:19,418,75
U0191,P0099,3.7,2026-02-06 17:15:19,190,98
U0148,P0016,2.0,2025-11-25 17:15:19,147,15
U0460,P0142,3.9,2025-10-28 17:15:19,459,141
U0476,P0082,3.2,2025-04-27 17:15:19,475,81
U0125,P0165,3.6,2026-02-10 17:15:19,124,164
U0302,P0131,4.9,2026-03-01 17:15:19,301,130
U0403,P0124,2.4,2025-11-04 17:15:19,402,123
U0216,P0193,1.2,2025-06-17 17:15:19,215,192
U0329,P0036,3.0,2025-12-16 17:15:19,328,35
U0162,P0080,2.8,2025-08-28 17:15:19,161,79
U0444,P0151,2.8,2025-10-15 17:15:19,443,150
U0427,P0174,2.9,2026-02-03 17:15:19,426,173
U0018,P0001,2.5,2025-12-14 17:15:19,17,0
U0376,P0198,3.1,2026-03-17 17:15:19,375,197
U0235,P0193,2.8,2025-08-31 17:15:19,234,192
U0469,P0047,3.6,2026-03-24 17:15:19,468,46
U0484,P0085,3.6,2025-05-28 17:15:19,483,84
U0195,P0113,5.0,2026-02-15 17:15:19,194,112
U0170,P0006,3.5,2025-04-07 17:15:19,169,5
U0024,P0112,3.0,2025-08-16 17:15:19,23,111
U0498,P0172,2.0,2025-09-07 17:15:19,497,171
U0217,P0069,3.9,2026-02-06 17:15:19,216,68
U0038,P0004,2.1,2025-04-28 17:15:19,37,3
U0202,P0095,2.3,2025-10-23 17:15:19,201,94
U0363,P0024,2.8,2025-03-30 17:15:19,362,23
U0431,P0058,3.8,2025-11-01 17:15:19,430,57
U0001,P0115,2.4,2025-06-21 17:15:19,0,114
U0166,P0026,1.0,2025-09-02 17:15:19,165,25
U0138,P0198,4.4,2025-05-13 17:15:19,137,197
U0268,P0158,2.4,2026-03-18 17:15:19,267,157
U0189,P0198,4.1,2025-06-11 17:15:19,188,197
U0390,P0050,3.1,2025-08-17 17:15:19,389,49
U0215,P0141,1.0,2025-12-12 17:15:19,214,140
U0151,P0142,4.6,2026-01-12 17:15:19,150,141
U0194,P0137,2.8,2025-06-08 17:15:19,193,136
U0290,P0160,1.5,2025-08-30 17:15:19,289,159
U0082,P0100,2.5,2025-05-19 17:15:19,81,99
U0236,P0004,5.0,2025-06-28 17:15:19,235,3
U0120,P0139,3.9,2025-08-16 17:15:19,119,138
U0286,P0143,1.5,2025-07-02 17:15:19,285,142
U0460,P0163,2.0,2025-06-09 17:15:19,459,162
U0061,P0121,4.2,2025-06-28 17:15:19,60,120
U0350,P0170,2.0,2025-05-01 17:15:19,349,169
U0249,P0158,3.5,2026-02-16 17:15:19,248,157
U0187,P0008,3.7,2025-09-17 17:15:19,186,7
U0412,P0152,1.4,2025-08-18 17:15:19,411,151
U0093,P0093,2.3,2025-08-05 17:15:19,92,92
U0433,P0020,5.0,2025-06-07 17:15:19,432,19
U0233,P0097,1.0,2026-03-14 17:15:19,232,96
U0355,P0153,4.2,2025-11-24 17:15:19,354,152
U0065,P0006,3.4,2026-02-09 17:15:19,64,5
U0068,P0111,1.0,2025-03-31 17:15:19,67,110
U0392,P0092,1.6,2025-08-05 17:15:19,391,91
U0435,P0162,3.7,2025-07-01 17:15:19,434,161
U0296,P0144,4.5,2025-12-20 17:15:19,295,143
U0195,P0004,1.9,2025-10-22 17:15:19,194,3
U0041,P0142,3.7,2026-03-23 17:15:19,40,141
U0390,P0147,5.0,2025-09-18 17:15:19,389,146
U0479,P0036,4.3,2026-02-16 17:15:19,478,35
U0402,P0119,1.6,2025-09-22 17:15:19,401,118
U0172,P0131,3.6,2025-10-16 17:15:19,171,130
U0498,P0031,4.3,2025-08-02 17:15:19,497,30
U0250,P0117,3.8,2025-10-28 17:15:19,249,116
U0362,P0024,4.9,2025-04-16 17:15:19,361,23
U0383,P0036,1.0,2025-07-19 17:15:19,382,35
U0152,P0099,2.5,2025-05-21 17:15:19,151,98
U0095,P0020,2.7,2026-02-04 17:15:19,94,19
U0278,P0173,2.0,2025-04-29 17:15:19,277,172
U0283,P0038,1.9,2025-11-02 17:15:19,282,37
U0048,P0156,1.0,2025-03-26 17:15:19,47,155
U0304,P0104,2.5,2026-01-14 17:15:19,303,103
U0224,P0069,2.4,2025-12-25 17:15:19,223,68
U0084,P0037,3.2,2025-05-21 17:15:19,83,36
U0483,P0123,2.6,2025-10-05 17:15:19,482,122
U0263,P0151,3.9,2026-02-15 17:15:19,262,150
U0231,P0014,3.7,2025-03-28 17:15:19,230,13
U0452,P0068,1.2,2025-09-19 17:15:19,451,67
U0137,P0034,4.5,2026-01-31 17:15:19,136,33
U0422,P0142,2.3,2025-09-29 17:15:19,421,141
U0349,P0076,1.7,2025-09-16 17:15:19,348,75
U0249,P0012,1.3,2025-10-13 17:15:19,248,11
U0223,P0200,3.3,2025-07-10 17:15:19,222,199
U0433,P0148,2.4,2026-01-12 17:15:19,432,147
U0065,P0094,4.0,2025-07-14 17:15:19,64,93
U0426,P0001,2.9,2025-03-27 17:15:19,425,0
U0295,P0005,2.2,2026-02-28 17:15:19,294,4
U0033,P0162,1.7,2025-09-02 17:15:19,32,161
U0113,P0181,4.4,2025-10-01 17:15:19,112,180
U0210,P0071,1.5,2026-02-26 17:15:19,209,70
U0236,P0044,5.0,2025-12-07 17:15:19,235,43
U0424,P0035,1.0,2025-11-03 17:15:19,423,34
U0434,P0121,1.7,2025-12-25 17:15:19,433,120
U0471,P0144,5.0,2025-05-17 17:15:19,470,143
U0168,P0185,2.1,2025-11-02 17:15:19,167,184
U0003,P0015,1.2,2026-02-08 17:15:19,2,14
U0249,P0134,2.7,2025-04-26 17:15:19,248,133
U0485,P0133,2.0,2025-12-22 17:15:19,484,132
U0083,P0177,3.2,2025-11-11 17:15:19,82,176
U0368,P0116,2.9,2025-11-22 17:15:19,367,115
U0047,P0035,5.0,2025-08-23 17:15:19,46,34
U0038,P0100,2.2,2025-06-21 17:15:19,37,99
U0474,P0198,1.0,2025-09-15 17:15:19,473,197
U0004,P0124,4.0,2026-02-20 17:15:19,3,123
U0031,P0090,3.1,2025-06-11 17:15:19,30,89
U0329,P0179,3.2,2026-02-23 17:15:19,328,178
U0295,P0096,1.6,2026-03-25 17:15:19,294,95
U0313,P0046,3.2,2025-07-31 17:15:19,312,45
U0454,P0028,3.8,2025-04-23 17:15:19,453,27
U0045,P0081,1.0,2025-12-20 17:15:19,44,80
U0219,P0021,5.0,2026-03-03 17:15:19,218,20
U0381,P0093,2.1,2025-11-29 17:15:19,380,92
U0485,P0113,5.0,2026-02-26 17:15:19,484,112
U0421,P0146,5.0,2026-01-15 17:15:19,420,145
U0103,P0012,3.0,2026-03-09 17:15:19,102,11
U0237,P0019,5.0,2025-08-17 17:15:19,236,18
U0304,P0081,1.8,2025-04-11 17:15:19,303,80
U0008,P0002,2.1,2025-07-21 17:15:19,7,1
U0132,P0180,2.1,2025-04-25 17:15:19,131,179
U0045,P0130,2.9,2025-06-05 17:15:19,44,129
U0403,P0080,3.5,2025-06-11 17:15:19,402,79
U0365,P0084,2.2,2025-04-02 17:15:19,364,83
U0151,P0059,3.6,2025-04-29 17:15:19,150,58
U0073,P0146,2.6,2025-07-01 17:15:19,72,145
U0240,P0106,3.2,2025-05-26 17:15:19,239,105
U0110,P0106,4.7,2025-09-30 17:15:19,109,105
U0068,P0153,4.2,2025-11-14 17:15:19,67,152
U0143,P0121,1.0,2026-01-25 17:15:19,142,120
U0212,P0188,4.4,2026-02-08 17:15:19,211,187
U0492,P0160,2.9,2025-07-05 17:15:19,491,159
U0474,P0037,4.0,2025-07-26 17:15:19,473,36
U0104,P0080,3.4,2025-06-23 17:15:19,103,79
U0043,P0055,3.3,2026-02-17 17:15:19,42,54
U0019,P0067,2.8,2025-10-06 17:15:19,18,66
U0024,P0040,2.4,2025-09-26 17:15:19,23,39
U0397,P0144,4.4,2025-04-20 17:15:19,396,143
U0313,P0104,5.0,2025-12-02 17:15:19,312,103
U0351,P0047,1.5,2026-02-18 17:15:19,350,46
U0240,P0076,3.2,2025-12-06 17:15:19,239,75
U0498,P0187,1.8,2025-09-22 17:15:19,497,186
U0225,P0066,4.1,2025-06-30 17:15:19,224,65
U0173,P0039,2.9,2025-08-22 17:15:19,172,38
U0272,P0016,4.4,2025-08-30 17:15:19,271,15
U0442,P0070,3.3,2025-06-19 17:15:19,441,69
U0223,P0010,3.0,2025-08-18 17:15:19,222,9
U0230,P0050,1.0,2025-05-28 17:15:19,229,49
U0281,P0057,5.0,2025-11-17 17:15:19,280,56
U0457,P0077,3.4,2025-06-21 17:15:19,456,76
U0258,P0050,4.8,2025-06-18 17:15:19,257,49
U0156,P0046,4.4,2025-10-14 17:15:19,155,45
U0410,P0059,2.7,2025-09-11 17:15:19,409,58
U0472,P0162,3.5,2025-10-24 17:15:19,471,161
U0208,P0036,4.4,2025-06-22 17:15:19,207,35
U0025,P0085,3.0,2025-10-05 17:15:19,24,84
U0028,P0115,5.0,2025-08-10 17:15:19,27,114
U0475,P0071,2.4,2025-03-30 17:15:19,474,70
U0185,P0115,3.9,2025-05-12 17:15:19,184,114
U0172,P0091,1.0,2026-02-13 17:15:19,171,90
U0187,P0102,3.7,2026-01-03 17:15:19,186,101
U0106,P0145,3.0,2025-12-22 17:15:19,105,144
U0374,P0003,3.5,2025-05-25 17:15:19,373,2
U0018,P0139,2.9,2025-10-06 17:15:19,17,138
U0462,P0197,2.1,2025-10-10 17:15:19,461,196
U0055,P0011,2.1,2025-07-16 17:15:19,54,10
U0323,P0180,2.6,2025-10-18 17:15:19,322,179
U0375,P0008,2.4,2025-04-18 17:15:19,374,7
U0308,P0027,1.1,2025-11-26 17:15:19,307,26
U0052,P0022,4.4,2026-02-02 17:15:19,51,21
U0237,P0200,1.7,2025-07-09 17:15:19,236,199
U0482,P0100,3.6,2026-02-05 17:15:19,481,99
U0308,P0176,4.2,2026-03-16 17:15:19,307,175
U0073,P0085,3.1,2025-10-25 17:15:19,72,84
U0361,P0114,3.9,2025-04-10 17:15:19,360,113
U0200,P0014,2.2,2025-04-08 17:15:19,199,13
U0360,P0046,1.9,2025-12-29 17:15:19,359,45
U0325,P0007,3.4,2025-08-30 17:15:19,324,6
U0368,P0159,3.0,2025-09-17 17:15:19,367,158
U0471,P0060,2.3,2025-10-15 17:15:19,470,59
U0419,P0069,5.0,2025-04-02 17:15:19,418,68
U0482,P0022,3.8,2025-04-10 17:15:19,481,21
U0091,P0001,2.5,2026-02-11 17:15:19,90,0
U0342,P0035,2.5,2025-12-22 17:15:19,341,34
U0225,P0081,1.6,2025-06-09 17:15:19,224,80
U0183,P0016,2.6,2026-03-20 17:15:19,182,15
U0081,P0107,5.0,2025-04-01 17:15:19,80,106
U0471,P0013,2.9,2026-02-13 17:15:19,470,12
U0164,P0029,2.5,2025-10-04 17:15:19,163,28
U0110,P0185,3.8,2025-12-22 17:15:19,109,184
U0465,P0089,4.3,2025-04-24 17:15:19,464,88
U0352,P0176,4.7,2025-05-28 17:15:19,351,175
U0133,P0113,4.6,2025-05-05 17:15:19,132,112
U0456,P0159,2.2,2025-10-03 17:15:19,455,158
U0017,P0113,2.8,2025-11-01 17:15:19,16,112
U0023,P0127,4.5,2026-02-02 17:15:19,22,126
U0392,P0114,1.5,2025-03-30 17:15:19,391,113
U0098,P0034,2.7,2025-07-31 17:15:19,97,33
U0305,P0141,1.8,2026-02-28 17:15:19,304,140
U0477,P0091,3.0,2025-03-28 17:15:19,476,90
U0381,P0152,4.7,2025-04-14 17:15:19,380,151
U0188,P0165,3.2,2026-03-11 17:15:19,187,164
U0468,P0060,3.6,2025-04-18 17:15:19,467,59
U0385,P0017,2.8,2026-03-01 17:15:19,384,16
U0005,P0101,3.9,2025-10-29 17:15:19,4,100
U0491,P0174,5.0,2025-05-11 17:15:19,490,173
U0111,P0078,2.5,2026-03-19 17:15:19,110,77
U0105,P0177,4.1,2025-06-02 17:15:19,104,176
U0061,P0001,5.0,2025-11-03 17:15:19,60,0
U0179,P0033,1.0,2026-03-09 17:15:19,178,32
U0450,P0055,3.7,2025-08-18 17:15:19,449,54
U0024,P0130,3.8,2025-05-16 17:15:19,23,129
U0358,P0195,5.0,2025-10-31 17:15:19,357,194
U0033,P0019,2.9,2025-06-21 17:15:19,32,18
U0154,P0161,2.5,2025-05-15 17:15:19,153,160
U0466,P0025,2.5,2025-12-02 17:15:19,465,24
U0335,P0087,1.9,2025-05-14 17:15:19,334,86
U0316,P0045,4.3,2025-06-19 17:15:19,315,44
U0184,P0089,3.2,2025-11-21 17:15:19,183,88
U0466,P0096,3.0,2025-04-08 17:15:19,465,95
U0291,P0088,1.0,2026-01-09 17:15:19,290,87
U0024,P0093,5.0,2025-09-08 17:15:19,23,92
U0037,P0009,2.1,2026-02-23 17:15:19,36,8
U0209,P0125,4.2,2025-06-07 17:15:19,208,124
U0482,P0148,2.5,2026-03-19 17:15:19,481,147
U0330,P0005,1.4,2025-09-03 17:15:19,329,4
U0293,P0110,1.2,2025-06-18 17:15:19,292,109
U0031,P0019,1.5,2025-06-19 17:15:19,30,18
U0199,P0184,1.8,2025-08-13 17:15:19,198,183
U0245,P0068,2.9,2026-03-03 17:15:19,244,67
U0399,P0179,3.2,2025-11-22 17:15:19,398,178
U0246,P0129,4.2,2025-11-09 17:15:19,245,128
U0356,P0175,3.5,2026-01-20 17:15:19,355,174
U0367,P0056,4.8,2025-04-20 17:15:19,366,55
U0100,P0146,3.9,2025-10-29 17:15:19,99,145
U0158,P0149,5.0,2025-04-02 17:15:19,157,148
U0494,P0096,2.3,2025-11-30 17:15:19,493,95
U0011,P0001,2.5,2025-09-05 17:15:19,10,0
U0252,P0118,4.2,2025-09-13 17:15:19,251,117
U0389,P0041,3.2,2025-10-05 17:15:19,388,40
U0168,P0003,4.6,2025-12-04 17:15:19,167,2
U0083,P0163,2.0,2025-09-28 17:15:19,82,162
U0425,P0003,2.0,2026-02-16 17:15:19,424,2
U0253,P0055,4.6,2025-09-12 17:15:19,252,54
U0161,P0066,4.7,2026-01-18 17:15:19,160,65
U0461,P0101,3.6,2025-12-21 17:15:19,460,100
U0131,P0048,2.4,2025-05-31 17:15:19,130,47
U0032,P0161,2.3,2025-12-20 17:15:19,31,160
U0360,P0200,4.6,2026-01-08 17:15:19,359,199
U0113,P0057,5.0,2025-10-19 17:15:19,112,56
U0170,P0025,2.8,2026-02-18 17:15:19,169,24
U0008,P0189,2.1,2026-03-09 17:15:19,7,188
U0293,P0011,2.1,2025-04-30 17:15:19,292,10
U0459,P0108,3.9,2025-04-13 17:15:19,458,107
U0024,P0092,2.5,2025-11-20 17:15:19,23,91
U0003,P0164,3.1,2025-06-22 17:15:19,2,163
U0285,P0106,3.1,2025-07-07 17:15:19,284,105
U0130,P0063,2.1,2026-03-18 17:15:19,129,62
U0078,P0030,2.8,2026-02-08 17:15:19,77,29
U0197,P0101,1.6,2025-08-10 17:15:19,196,100
U0316,P0002,4.2,2025-11-01 17:15:19,315,1
U0459,P0174,2.9,2025-10-05 17:15:19,458,173
U0491,P0117,2.6,2025-10-05 17:15:19,490,116
U0387,P0145,3.8,2025-06-14 17:15:19,386,144
U0405,P0140,4.3,2025-08-07 17:15:19,404,139
U0166,P0145,2.8,2025-12-20 17:15:19,165,144
U0045,P0044,2.8,2025-05-26 17:15:19,44,43
U0378,P0152,2.6,2025-08-21 17:15:19,377,151
U0203,P0012,3.4,2025-11-27 17:15:19,202,11
U0489,P0062,2.5,2025-08-23 17:15:19,488,61
U0344,P0046,3.0,2026-03-21 17:15:19,343,45
U0453,P0178,1.9,2026-01-12 17:15:19,452,177
U0182,P0134,1.0,2025-12-20 17:15:19,181,133
U0040,P0066,5.0,2025-08-01 17:15:19,39,65
U0238,P0007,3.4,2025-04-04 17:15:19,237,6
U0306,P0033,1.7,2026-03-25 17:15:19,305,32
U0465,P0114,2.2,2026-01-26 17:15:19,464,113
U0047,P0089,1.9,2026-01-02 17:15:19,46,88
U0116,P0183,5.0,2025-06-17 17:15:19,115,182
U0004,P0047,1.1,2025-12-19 17:15:19,3,46
U0221,P0180,2.6,2025-12-29 17:15:19,220,179
U0051,P0166,2.4,2025-05-18 17:15:19,50,165
U0372,P0170,4.8,2025-12-28 17:15:19,371,169
U0465,P0135,2.4,2026-01-21 17:15:19,464,134
U0268,P0147,1.0,2025-07-18 17:15:19,267,146
U0371,P0002,2.2,2025-04-08 17:15:19,370,1
U0188,P0145,3.0,2026-02-05 17:15:19,187,144
U0223,P0028,2.6,2026-01-27 17:15:19,222,27
U0258,P0112,3.9,2025-12-07 17:15:19,257,111
U0275,P0096,1.0,2025-10-06 17:15:19,274,95
U0282,P0141,3.2,2026-02-12 17:15:19,281,140
U0451,P0081,1.9,2025-06-07 17:15:19,450,80
U0384,P0119,3.6,2025-04-06 17:15:19,383,118
U0499,P0121,3.2,2025-12-30 17:15:19,498,120
U0361,P0177,2.3,2026-02-05 17:15:19,360,176
U0196,P0143,2.9,2025-07-04 17:15:19,195,142
U0023,P0182,3.4,2026-02-28 17:15:19,22,181
U0385,P0198,2.7,2025-10-03 17:15:19,384,197
U0470,P0061,3.3,2025-07-23 17:15:19,469,60
U0274,P0196,1.8,2025-04-01 17:15:19,273,195
U0310,P0056,3.3,2026-02-19 17:15:19,309,55
U0281,P0097,2.6,2025-05-18 17:15:19,280,96
U0483,P0040,3.5,2025-07-08 17:15:19,482,39
U0466,P0149,2.3,2025-07-23 17:15:19,465,148
U0461,P0045,2.9,2025-07-08 17:15:19,460,44
U0142,P0085,2.5,2025-10-17 17:15:19,141,84
U0444,P0014,3.9,2025-04-23 17:15:19,443,13
U0050,P0132,2.8,2026-01-14 17:15:19,49,131
U0087,P0185,4.5,2025-07-24 17:15:19,86,184
U0084,P0001,1.3,2026-02-26 17:15:19,83,0
U0110,P0158,5.0,2025-10-26 17:15:19,109,157
U0275,P0033,1.0,2025-05-09 17:15:19,274,32
U0475,P0059,1.8,2026-01-15 17:15:19,474,58
U0340,P0040,3.9,2026-02-23 17:15:19,339,39
U0130,P0023,2.9,2025-11-03 17:15:19,129,22
U0143,P0125,4.1,2025-11-03 17:15:19,142,124
U0336,P0055,2.1,2026-01-17 17:15:19,335,54
U0474,P0192,2.0,2025-06-30 17:15:19,473,191
U0383,P0029,1.0,2026-02-20 17:15:19,382,28
U0216,P0093,4.0,2025-06-03 17:15:19,215,92
U0309,P0182,4.3,2025-12-15 17:15:19,308,181
U0345,P0033,4.1,2025-05-08 17:15:19,344,32
U0377,P0004,4.1,2026-01-19 17:15:19,376,3
U0019,P0163,3.5,2025-12-09 17:15:19,18,162
U0480,P0183,4.6,2025-04-03 17:15:19,479,182
U0077,P0057,3.6,2026-01-17 17:15:19,76,56
U0067,P0184,1.1,2025-08-13 17:15:19,66,183
U0255,P0092,2.8,2026-01-19 17:15:19,254,91
U0357,P0027,1.0,2025-11-21 17:15:19,356,26
U0191,P0184,3.8,2025-12-16 17:15:19,190,183
U0022,P0199,3.8,2026-01-18 17:15:19,21,198
U0258,P0024,5.0,2025-08-24 17:15:19,257,23
U0172,P0013,3.5,2025-08-29 17:15:19,171,12
U0130,P0102,2.8,2025-12-15 17:15:19,129,101
U0002,P0175,4.2,2026-02-24 17:15:19,1,174
U0177,P0184,2.5,2025-05-25 17:15:19,176,183
U0119,P0113,3.6,2025-08-04 17:15:19,118,112
U0204,P0150,4.4,2026-02-04 17:15:19,203,149
U0313,P0138,1.6,2025-12-01 17:15:19,312,137
U0068,P0197,2.8,2026-02-17 17:15:19,67,196
U0351,P0006,3.7,2025-04-26 17:15:19,350,5
U0083,P0154,3.2,2026-02-08 17:15:19,82,153
U0213,P0175,4.1,2025-04-08 17:15:19,212,174
U0381,P0019,5.0,2025-07-28 17:15:19,380,18
U0153,P0097,2.2,2025-05-18 17:15:19,152,96
U0021,P0041,3.8,2025-05-31 17:15:19,20,40
U0384,P0136,4.2,2025-12-04 17:15:19,383,135
U0062,P0008,3.0,2025-11-11 17:15:19,61,7
U0127,P0190,5.0,2025-06-21 17:15:19,126,189
U0035,P0159,5.0,2025-09-08 17:15:19,34,158
U0201,P0042,3.9,2026-01-07 17:15:19,200,41
U0291,P0021,4.7,2025-12-12 17:15:19,290,20
U0481,P0031,3.6,2025-08-23 17:15:19,480,30
U0250,P0004,4.8,2025-07-12 17:15:19,249,3
U0029,P0094,1.6,2025-08-30 17:15:19,28,93
U0286,P0095,3.0,2025-08-24 17:15:19,285,94
U0431,P0101,5.0,2025-08-02 17:15:19,430,100
U0489,P0193,2.3,2026-03-05 17:15:19,488,192
U0197,P0060,2.7,2025-04-01 17:15:19,196,59
U0202,P0040,1.2,2026-02-10 17:15:19,201,39
U0293,P0132,4.3,2025-09-05 17:15:19,292,131
U0186,P0093,5.0,2026-02-23 17:15:19,185,92
U0156,P0149,2.3,2025-10-30 17:15:19,155,148
U0399,P0196,2.1,2025-11-15 17:15:19,398,195
U0154,P0168,3.5,2026-03-07 17:15:19,153,167
U0226,P0111,5.0,2025-09-06 17:15:19,225,110
U0101,P0176,3.5,2025-10-20 17:15:19,100,175
U0310,P0198,5.0,2025-12-19 17:15:19,309,197
U0368,P0058,1.6,2025-06-08 17:15:19,367,57
U0214,P0089,1.7,2026-03-21 17:15:19,213,88
U0155,P0166,1.3,2025-05-20 17:15:19,154,165
U0193,P0043,2.9,2025-08-05 17:15:19,192,42
U0434,P0044,4.2,2025-09-09 17:15:19,433,43
U0069,P0112,2.3,2026-01-24 17:15:19,68,111
U0046,P0076,3.3,2026-01-09 17:15:19,45,75
U0131,P0056,3.7,2025-08-27 17:15:19,130,55
U0341,P0036,1.0,2025-10-01 17:15:19,340,35
U0482,P0168,3.4,2025-06-14 17:15:19,481,167
U0357,P0083,3.3,2025-11-09 17:15:19,356,82
U0345,P0039,3.5,2026-02-02 17:15:19,344,38
U0348,P0132,1.7,2025-07-06 17:15:19,347,131
U0326,P0011,3.5,2025-06-25 17:15:19,325,10
U0377,P0127,1.2,2025-05-25 17:15:19,376,126
U0487,P0176,2.2,2025-05-13 17:15:19,486,175
U0051,P0190,2.8,2025-05-11 17:15:19,50,189
U0477,P0105,1.9,2026-01-09 17:15:19,476,104
U0328,P0062,4.8,2025-10-17 17:15:19,327,61
U0465,P0183,3.4,2026-02-10 17:15:19,464,182
U0337,P0154,3.9,2025-06-06 17:15:19,336,153
U0350,P0098,3.9,2025-11-11 17:15:19,349,97
U0287,P0087,3.2,2025-11-23 17:15:19,286,86
U0455,P0035,3.2,2025-11-01 17:15:19,454,34
U0485,P0118,3.4,2025-12-20 17:15:19,484,117
U0456,P0094,1.9,2025-04-18 17:15:19,455,93
U0030,P0094,4.4,2025-06-26 17:15:19,29,93
U0121,P0058,2.6,2025-11-20 17:15:19,120,57
U0134,P0052,3.1,2026-03-08 17:15:19,133,51
U0415,P0177,3.8,2025-11-22 17:15:19,414,176
U0040,P0021,3.6,2025-03-29 17:15:19,39,20
U0428,P0094,4.5,2025-04-17 17:15:19,427,93
U0208,P0008,1.0,2025-09-15 17:15:19,207,7
U0369,P0069,3.2,2025-09-17 17:15:19,368,68
U0443,P0120,3.4,2025-09-07 17:15:19,442,119
U0470,P0177,3.7,2025-06-10 17:15:19,469,176
U0346,P0069,2.2,2025-07-13 17:15:19,345,68
U0170,P0117,1.7,2025-09-01 17:15:19,169,116
U0301,P0183,4.6,2025-11-08 17:15:19,300,182
U0370,P0198,3.9,2025-05-04 17:15:19,369,197
U0172,P0052,3.0,2025-09-22 17:15:19,171,51
U0496,P0062,4.1,2025-08-14 17:15:19,495,61
U0242,P0070,1.5,2025-09-05 17:15:19,241,69
U0198,P0187,4.5,2025-05-25 17:15:19,197,186
U0398,P0129,5.0,2025-09-11 17:15:19,397,128
U0493,P0017,3.6,2025-08-17 17:15:19,492,16
U0107,P0072,3.6,2026-01-20 17:15:19,106,71
U0041,P0046,3.4,2025-10-01 17:15:19,40,45
U0147,P0095,3.5,2026-03-14 17:15:19,146,94
U0275,P0179,1.3,2026-03-21 17:15:19,274,178
U0294,P0086,4.4,2025-05-13 17:15:19,293,85
U0470,P0079,3.2,2025-07-08 17:15:19,469,78
U0045,P0088,2.4,2025-12-21 17:15:19,44,87
U0390,P0103,3.3,2025-05-24 17:15:19,389,102
U0074,P0083,1.4,2025-09-16 17:15:19,73,82
U0295,P0098,2.2,2025-09-03 17:15:19,294,97
U0155,P0115,4.0,2025-12-22 17:15:19,154,114
U0058,P0062,2.6,2026-03-19 17:15:19,57,61
U0070,P0062,1.0,2025-09-18 17:15:19,69,61
U0398,P0184,4.3,2025-05-28 17:15:19,397,183
U0061,P0069,3.6,2025-12-23 17:15:19,60,68
U0198,P0032,2.4,2025-10-30 17:15:19,197,31
U0027,P0171,2.9,2025-11-10 17:15:19,26,170
U0334,P0140,4.6,2025-05-31 17:15:19,333,139
U0101,P0064,1.0,2026-01-04 17:15:19,100,63
U0482,P0107,4.8,2026-01-25 17:15:19,481,106
U0155,P0199,3.4,2025-10-14 17:15:19,154,198
U0454,P0080,3.7,2025-12-06 17:15:19,453,79
U0368,P0015,3.8,2025-08-06 17:15:19,367,14
U0291,P0106,5.0,2025-12-03 17:15:19,290,105
U0337,P0198,2.6,2025-08-03 17:15:19,336,197
U0116,P0027,3.5,2025-04-11 17:15:19,115,26
U0463,P0005,1.5,2026-03-10 17:15:19,462,4
U0274,P0166,4.0,2025-04-08 17:15:19,273,165
U0375,P0032,3.1,2025-07-15 17:15:19,374,31
U0482,P0136,3.7,2025-09-24 17:15:19,481,135
U0471,P0043,1.0,2026-01-12 17:15:19,470,42
U0478,P0031,5.0,2026-02-13 17:15:19,477,30
U0189,P0187,4.2,2025-06-17 17:15:19,188,186
U0229,P0024,3.6,2025-06-13 17:15:19,228,23
U0144,P0082,3.4,2026-01-04 17:15:19,143,81
U0108,P0093,5.0,2025-04-23 17:15:19,107,92
U0144,P0190,1.0,2025-12-25 17:15:19,143,189
U0222,P0130,4.4,2025-08-02 17:15:19,221,129
U0133,P0069,1.1,2025-04-11 17:15:19,132,68
U0334,P0174,3.0,2025-07-13 17:15:19,333,173
U0025,P0029,4.1,2025-07-14 17:15:19,24,28
U0100,P0165,4.6,2026-01-01 17:15:19,99,164
U0446,P0166,3.5,2025-04-13 17:15:19,445,165
U0013,P0178,2.1,2025-06-28 17:15:19,12,177
U0449,P0190,2.0,2026-01-09 17:15:19,448,189
U0114,P0114,2.9,2025-08-01 17:15:19,113,113
U0232,P0034,5.0,2025-06-03 17:15:19,231,33
U0221,P0103,2.8,2025-04-10 17:15:19,220,102
U0097,P0050,3.5,2025-07-29 17:15:19,96,49
U0002,P0029,3.4,2025-11-03 17:15:19,1,28
U0467,P0016,4.4,2025-04-29 17:15:19,466,15
U0424,P0012,2.0,2025-05-07 17:15:19,423,11
U0359,P0092,2.7,2026-01-06 17:15:19,358,91
U0417,P0113,3.4,2025-06-24 17:15:19,416,112
U0033,P0007,1.3,2025-09-18 17:15:19,32,6
U0167,P0167,3.3,2025-07-03 17:15:19,166,166
U0338,P0012,2.7,2026-03-07 17:15:19,337,11
U0013,P0039,4.9,2025-07-21 17:15:19,12,38
U0439,P0175,3.1,2025-12-24 17:15:19,438,174
U0374,P0033,4.5,2026-02-20 17:15:19,373,32
U0159,P0048,4.5,2025-10-13 17:15:19,158,47
U0238,P0170,2.4,2025-12-16 17:15:19,237,169
U0062,P0109,2.2,2026-03-12 17:15:19,61,108
U0310,P0078,3.3,2025-11-29 17:15:19,309,77
U0355,P0032,2.4,2025-12-04 17:15:19,354,31
U0391,P0102,2.6,2025-06-28 17:15:19,390,101
U0413,P0161,3.9,2025-04-04 17:15:19,412,160
U0045,P0127,4.0,2025-12-31 17:15:19,44,126
U0466,P0009,1.9,2025-12-14 17:15:19,465,8
U0063,P0051,2.3,2025-09-13 17:15:19,62,50
U0319,P0089,1.0,2025-09-27 17:15:19,318,88
U0364,P0040,2.9,2025-07-03 17:15:19,363,39
U0398,P0101,2.8,2025-12-25 17:15:19,397,100
U0465,P0185,2.6,2026-03-12 17:15:19,464,184
U0308,P0166,2.3,2025-12-20 17:15:19,307,165
U0295,P0186,3.7,2025-05-06 17:15:19,294,185
U0402,P0064,4.5,2025-09-30 17:15:19,401,63
U0066,P0185,4.0,2025-09-15 17:15:19,65,184
U0495,P0158,2.8,2025-09-26 17:15:19,494,157
U0424,P0169,2.7,2025-04-10 17:15:19,423,168
U0110,P0061,5.0,2026-01-09 17:15:19,109,60
U0087,P0039,4.7,2025-05-02 17:15:19,86,38
U0355,P0198,4.2,2025-08-11 17:15:19,354,197
U0117,P0180,4.0,2025-05-14 17:15:19,116,179
U0098,P0134,2.9,2025-05-21 17:15:19,97,133
U0312,P0045,5.0,2026-03-25 17:15:19,311,44
U0148,P0094,4.6,2025-07-26 17:15:19,147,93
U0354,P0178,1.0,2025-12-02 17:15:19,353,177
U0401,P0091,3.8,2025-11-30 17:15:19,400,90
U0067,P0059,4.1,2025-08-21 17:15:19,66,58
U0260,P0090,3.9,2026-03-08 17:15:19,259,89
U0241,P0102,4.3,2026-02-07 17:15:19,240,101
U0465,P0013,2.2,2025-06-16 17:15:19,464,12
U0500,P0118,2.7,2026-03-02 17:15:19,499,117
U0262,P0048,3.4,2025-09-07 17:15:19,261,47
U0311,P0128,3.8,2026-01-23 17:15:19,310,127
U0392,P0130,3.9,2026-01-03 17:15:19,391,129
U0425,P0052,3.6,2025-09-11 17:15:19,424,51
U0020,P0026,1.6,2026-03-18 17:15:19,19,25
U0252,P0032,2.8,2026-01-05 17:15:19,251,31
U0203,P0026,2.7,2025-09-25 17:15:19,202,25
U0331,P0142,4.4,2025-12-02 17:15:19,330,141
U0458,P0143,1.5,2025-04-12 17:15:19,457,142
U0287,P0162,1.0,2025-12-22 17:15:19,286,161
U0362,P0023,3.1,2025-07-16 17:15:19,361,22
U0342,P0162,4.0,2025-08-15 17:15:19,341,161
U0473,P0182,3.0,2025-11-11 17:15:19,472,181
U0274,P0067,5.0,2025-08-31 17:15:19,273,66
U0245,P0052,2.8,2025-10-10 17:15:19,244,51
U0227,P0193,2.5,2025-11-11 17:15:19,226,192
U0068,P0038,2.1,2025-12-08 17:15:19,67,37
U0497,P0056,2.6,2025-04-06 17:15:19,496,55
U0488,P0042,5.0,2025-03-26 17:15:19,487,41
U0261,P0005,3.2,2025-05-05 17:15:19,260,4
U0055,P0194,3.2,2025-05-18 17:15:19,54,193
U0150,P0065,5.0,2026-01-06 17:15:19,149,64
U0178,P0144,2.1,2025-04-16 17:15:19,177,143
U0290,P0040,2.5,2025-04-19 17:15:19,289,39
U0351,P0162,4.0,2025-12-21 17:15:19,350,161
U0092,P0188,2.8,2025-09-25 17:15:19,91,187
U0208,P0015,3.0,2025-09-13 17:15:19,207,14
U0094,P0159,3.7,2025-10-04 17:15:19,93,158
U0109,P0096,5.0,2025-04-24 17:15:19,108,95
U0026,P0100,3.8,2025-11-21 17:15:19,25,99
U0427,P0163,3.8,2025-07-23 17:15:19,426,162
U0443,P0063,1.7,2026-02-19 17:15:19,442,62
U0438,P0166,2.6,2026-01-26 17:15:19,437,165
U0273,P0015,4.6,2025-11-06 17:15:19,272,14
U0407,P0126,5.0,2025-11-04 17:15:19,406,125
U0054,P0061,1.0,2026-03-22 17:15:19,53,60
U0249,P0172,2.3,2025-10-15 17:15:19,248,171
U0118,P0144,4.4,2025-10-20 17:15:19,117,143
U0396,P0032,4.6,2025-04-25 17:15:19,395,31
U0288,P0083,2.5,2026-01-08 17:15:19,287,82
U0007,P0169,3.0,2026-02-17 17:15:19,6,168
U0113,P0199,1.7,2025-09-09 17:15:19,112,198
U0090,P0103,5.0,2025-04-21 17:15:19,89,102
U0030,P0131,5.0,2025-10-30 17:15:19,29,130
U0340,P0103,2.7,2025-11-28 17:15:19,339,102
U0293,P0185,2.9,2025-07-26 17:15:19,292,184
U0337,P0094,1.5,2025-09-09 17:15:19,336,93
U0033,P0081,3.2,2025-11-04 17:15:19,32,80
U0405,P0122,1.2,2026-03-02 17:15:19,404,121
U0186,P0082,2.2,2025-11-17 17:15:19,185,81
U0292,P0019,3.0,2025-12-26 17:15:19,291,18
U0480,P0161,3.9,2025-04-22 17:15:19,479,160
U0035,P0095,2.8,2026-02-09 17:15:19,34,94
U0220,P0185,1.4,2025-11-08 17:15:19,219,184
U0037,P0020,4.6,2025-06-09 17:15:19,36,19
U0393,P0173,3.4,2025-10-01 17:15:19,392,172
U0169,P0110,2.2,2025-11-06 17:15:19,168,109
U0009,P0146,4.2,2025-04-16 17:15:19,8,145
U0047,P0148,2.6,2025-09-14 17:15:19,46,147
U0304,P0055,2.5,2025-05-27 17:15:19,303,54
U0165,P0116,1.7,2025-06-18 17:15:19,164,115
U0413,P0048,3.7,2026-02-23 17:15:19,412,47
U0245,P0001,2.5,2026-01-14 17:15:19,244,0
U0010,P0065,2.6,2025-12-29 17:15:19,9,64
U0223,P0041,2.0,2025-04-18 17:15:19,222,40
U0008,P0019,2.9,2025-05-11 17:15:19,7,18
U0444,P0167,2.7,2025-07-14 17:15:19,443,166
U0050,P0035,3.7,2025-04-21 17:15:19,49,34
U0046,P0039,3.8,2025-10-19 17:15:19,45,38
U0038,P0052,2.8,2025-06-06 17:15:19,37,51
U0125,P0193,5.0,2025-08-17 17:15:19,124,192
U0464,P0159,3.9,2025-08-31 17:15:19,463,158
U0237,P0137,4.4,2025-06-08 17:15:19,236,136
U0332,P0117,3.5,2025-08-30 17:15:19,331,116
U0489,P0134,4.9,2025-07-26 17:15:19,488,133
U0111,P0019,4.4,2025-12-31 17:15:19,110,18
U0458,P0124,3.2,2025-11-27 17:15:19,457,123
U0041,P0155,2.8,2025-12-21 17:15:19,40,154
U0068,P0113,2.5,2025-04-26 17:15:19,67,112
U0200,P0173,2.7,2026-03-11 17:15:19,199,172
U0236,P0087,4.6,2025-04-03 17:15:19,235,86
U0296,P0136,3.2,2025-06-25 17:15:19,295,135
U0319,P0122,3.9,2025-04-27 17:15:19,318,121
U0279,P0108,1.3,2025-09-26 17:15:19,278,107
U0480,P0054,1.8,2025-05-06 17:15:19,479,53
U0351,P0147,3.7,2025-04-02 17:15:19,350,146
U0355,P0080,3.5,2025-12-12 17:15:19,354,79
U0060,P0155,2.6,2026-02-07 17:15:19,59,154
U0323,P0198,1.4,2025-09-11 17:15:19,322,197
U0169,P0080,4.3,2025-12-19 17:15:19,168,79
U0016,P0132,3.5,2025-04-15 17:15:19,15,131
U0372,P0149,3.5,2025-05-03 17:15:19,371,148
U0172,P0047,3.3,2025-11-26 17:15:19,171,46
U0064,P0038,3.5,2026-03-02 17:15:19,63,37
U0082,P0031,3.9,2025-05-29 17:15:19,81,30
U0036,P0091,3.4,2026-03-13 17:15:19,35,90
U0397,P0090,2.6,2025-07-20 17:15:19,396,89
U0414,P0097,3.1,2025-11-06 17:15:19,413,96
U0145,P0145,2.7,2025-05-02 17:15:19,144,144
U0234,P0073,2.8,2025-07-23 17:15:19,233,72
U0004,P0183,2.6,2026-02-28 17:15:19,3,182
U0001,P0036,2.2,2025-08-22 17:15:19,0,35
U0496,P0144,4.9,2025-07-31 17:15:19,495,143
U0203,P0079,2.6,2025-10-18 17:15:19,202,78
U0279,P0171,4.7,2025-08-15 17:15:19,278,170
U0255,P0103,2.2,2025-10-24 17:15:19,254,102
U0294,P0115,1.0,2025-05-26 17:15:19,293,114
U0231,P0080,2.8,2026-02-08 17:15:19,230,79
U0198,P0089,1.1,2025-08-19 17:15:19,197,88
U0354,P0009,2.3,2025-11-14 17:15:19,353,8
U0440,P0085,3.7,2026-03-09 17:15:19,439,84
U0012,P0105,4.1,2025-11-20 17:15:19,11,104
U0181,P0081,4.4,2025-04-02 17:15:19,180,80
U0113,P0121,4.2,2025-12-14 17:15:19,112,120
U0020,P0151,4.8,2025-09-09 17:15:19,19,150
U0500,P0070,4.4,2025-06-09 17:15:19,499,69
U0219,P0158,2.0,2025-12-20 17:15:19,218,157
U0493,P0119,3.6,2025-08-12 17:15:19,492,118
U0041,P0029,2.9,2025-05-04 17:15:19,40,28
U0290,P0167,2.8,2025-09-23 17:15:19,289,166
U0071,P0146,1.0,2025-04-03 17:15:19,70,145
U0195,P0058,2.7,2025-10-12 17:15:19,194,57
U0106,P0013,4.2,2025-04-04 17:15:19,105,12
U0190,P0152,4.2,2025-07-30 17:15:19,189,151
