user_id,product_id,rating,timestamp
U0488,P0089,4.3,2025-07-01 17:15:17
U0265,P0185,3.8,2025-11-13 17:15:17
U0086,P0096,1.0,2026-01-20 17:15:17
U0384,P0200,2.6,2025-11-08 17:15:17
U0376,P0031,2.3,2026-03-10 17:15:17
U0172,P0110,3.2,2025-11-06 17:15:17
U0269,P0017,2.7,2025-11-11 17:15:17
U0365,P0148,3.2,2025-05-08 17:15:17
U0040,P0128,3.7,2025-08-04 17:15:17
U0262,P0093,1.7,2026-02-25 17:15:17
U0256,P0146,3.6,2025-12-30 17:15:17
U0189,P0041,4.0,2025-11-15 17:15:17
U0396,P0027,5.0,2025-06-05 17:15:17
U0346,P0186,2.4,2026-01-25 17:15:17
U0117,P0190,1.8,2025-07-08 17:15:17
U0002,P0012,1.0,2026-03-19 17:15:17
U0126,P0012,1.0,2025-07-27 17:15:17
U0187,P0099,2.4,2026-01-08 17:15:17
U0092,P0010,2.8,2025-06-15 17:15:17
U0412,P0183,3.0,2025-04-24 17:15:17
U0215,P0058,2.4,2025-10-12 17:15:17
U0128,P0107,3.4,2025-10-13 17:15:17
U0139,P0020,3.5,2025-06-06 17:15:17
U0191,P0031,2.6,2025-07-11 17:15:17
U0345,P0014,5.0,2025-12-24 17:15:17
U0115,P0133,4.9,2026-03-02 17:15:17
U0489,P0103,2.2,2026-02-18 17:15:17
U0450,P0120,1.6,2025-11-01 17:15:17
U0397,P0080,1.8,2025-10-09 17:15:17
U0045,P0142,1.8,2025-08-04 17:15:17
U0005,P0095,2.3,2025-12-13 17:15:17
U0150,P0145,3.0,2025-10-21 17:15:17
U0379,P0160,2.4,2025-11-21 17:15:17
U0238,P0095,2.6,2025-05-27 17:15:17
U0498,P0127,3.8,2025-12-15 17:15:17
U0376,P0140,3.3,2025-11-20 17:15:17
U0078,P0002,2.7,2025-08-28 17:15:17
U0013,P0060,4.4,2025-06-21 17:15:17
U0178,P0163,1.4,2025-04-04 17:15:17
U0450,P0003,3.9,2025-10-05 17:15:17
U0001,P0195,3.9,2025-04-23 17:15:17
U0193,P0189,2.5,2025-10-19 17:15:17
U0054,P0053,3.2,2025-06-27 17:15:17
U0122,P0108,4.2,2025-07-17 17:15:17
U0493,P0016,3.5,2026-01-12 17:15:17
U0365,P0072,4.3,2026-02-06 17:15:17
U0023,P0060,3.4,2025-07-02 17:15:17
U0212,P0180,4.4,2025-09-16 17:15:17
U0235,P0192,1.4,2026-02-10 17:15:17
U0298,P0025,2.6,2025-07-10 17:15:17
U0069,P0164,4.0,2025-09-05 17:15:17
U0039,P0152,2.3,2025-06-08 17:15:17
U0032,P0112,2.4,2025-04-20 17:15:17
U0494,P0034,1.0,2025-11-24 17:15:17
U0150,P0067,3.5,2025-10-15 17:15:17
U0475,P0101,4.1,2025-04-01 17:15:17
U0426,P0189,4.2,2025-10-09 17:15:17
U0163,P0116,1.5,2025-11-06 17:15:17
U0120,P0020,3.8,2025-12-12 17:15:17
U0070,P0200,1.6,2025-05-30 17:15:17
U0056,P0040,3.5,2026-01-30 17:15:17
U0085,P0116,2.9,2025-07-30 17:15:17
U0161,P0105,1.9,2026-01-23 17:15:17
U0275,P0092,5.0,2025-12-09 17:15:17
U0232,P0079,2.8,2025-07-31 17:15:17
U0136,P0031,3.4,2026-02-07 17:15:17
U0081,P0176,3.5,2025-10-21 17:15:17
U0424,P0181,1.8,2025-04-03 17:15:17
U0309,P0011,5.0,2025-12-05 17:15:17
U0428,P0084,3.7,2026-01-09 17:15:17
U0047,P0183,2.8,2025-11-18 17:15:17
U0496,P0092,4.3,2025-09-04 17:15:17
U0263,P0013,2.4,2025-04-13 17:15:17
U0154,P0067,4.8,2025-12-26 17:15:17
U0016,P0104,4.8,2025-08-06 17:15:17
U0285,P0192,1.0,2025-06-17 17:15:17
U0128,P0025,3.8,2025-08-01 17:15:17
U0053,P0036,1.0,2026-01-22 17:15:17
U0007,P0016,3.5,2025-12-02 17:15:17
U0067,P0051,3.6,2025-09-01 17:15:17
U0191,P0176,1.4,2025-05-07 17:15:17
U0481,P0166,3.6,2026-02-10 17:15:17
U0299,P0151,2.9,2025-11-13 17:15:17
U0470,P0020,3.8,2026-03-14 17:15:17
U0034,P0051,2.2,2025-04-29 17:15:17
U0228,P0033,3.3,2026-02-06 17:15:17
U0464,P0085,3.8,2026-01-22 17:15:17
U0022,P0119,5.0,2026-02-28 17:15:17
U0087,P0147,3.4,2025-08-16 17:15:17
U0421,P0186,2.3,2025-09-04 17:15:17
U0255,P0008,1.0,2025-09-11 17:15:17
U0350,P0110,1.7,2025-12-27 17:15:17
U0182,P0055,3.5,2025-12-20 17:15:17
U0141,P0072,4.1,2025-08-09 17:15:17
U0453,P0039,1.3,2026-03-08 17:15:17
U0315,P0159,1.9,2025-05-14 17:15:17
U0126,P0166,2.5,2025-10-25 17:15:17
U0256,P0106,4.3,2025-06-17 17:15:17
U0246,P0016,1.7,2026-02-09 17:15:17
U0144,P0099,2.9,2026-01-14 17:15:17
U0215,P0052,2.0,2025-04-30 17:15:17
U0453,P0135,4.0,2025-11-18 17:15:17
U0323,P0140,3.0,2026-03-16 17:15:17
U0196,P0183,2.5,2025-09-23 17:15:17
U0246,P0140,3.6,2025-07-20 17:15:17
U0177,P0145,2.4,2025-07-11 17:15:17
U0165,P0100,3.9,2025-11-07 17:15:17
U0093,P0007,3.6,2025-10-13 17:15:17
U0306,P0057,3.7,2026-03-10 17:15:17
U0459,P0200,4.1,2025-11-02 17:15:17
U0030,P0121,3.1,2025-06-27 17:15:17
U0184,P0197,3.7,2025-05-30 17:15:17
U0120,P0041,4.7,2026-02-02 17:15:17
U0127,P0169,3.7,2025-11-22 17:15:17
U0137,P0137,3.7,2026-02-25 17:15:17
U0392,P0057,2.9,2025-06-04 17:15:17
U0434,P0100,2.4,2025-09-25 17:15:17
U0479,P0045,4.4,2025-12-25 17:15:17
U0122,P0152,1.0,2025-10-14 17:15:17
U0413,P0189,1.4,2025-04-02 17:15:17
U0184,P0152,2.8,2026-03-11 17:15:17
U0361,P0180,2.6,2025-09-26 17:15:17
U0486,P0146,4.2,2025-06-10 17:15:17
U0073,P0145,5.0,2025-12-19 17:15:17
U0429,P0127,4.6,2025-06-21 17:15:17
U0159,P0045,3.0,2025-07-17 17:15:17
U0020,P0024,2.2,2026-02-25 17:15:17
U0120,P0155,2.0,2025-12-03 17:15:17
U0011,P0135,3.2,2025-07-24 17:15:17
U0001,P0085,1.9,2025-05-15 17:15:17
U0104,P0034,2.3,2025-10-02 17:15:17
U0368,P0046,2.0,2025-10-11 17:15:17
U0031,P0006,1.0,2026-01-09 17:15:17
U0301,P0181,3.2,2026-01-12 17:15:17
U0397,P0029,2.9,2025-06-29 17:15:17
U0441,P0094,2.7,2026-02-16 17:15:17
U0192,P0181,5.0,2025-04-20 17:15:17
U0203,P0151,3.1,2026-02-02 17:15:17
U0173,P0078,1.5,2025-10-11 17:15:17
U0070,P0041,2.2,2025-08-14 17:15:17
U0406,P0164,5.0,2025-07-19 17:15:17
U0333,P0082,5.0,2025-12-26 17:15:17
U0363,P0144,2.8,2025-04-04 17:15:17
U0456,P0158,3.0,2025-09-24 17:15:17
U0115,P0171,3.5,2025-05-28 17:15:17
U0418,P0045,3.9,2025-09-13 17:15:17
U0158,P0188,5.0,2025-04-07 17:15:17
U0151,P0033,1.0,2025-12-25 17:15:17
U0374,P0001,4.3,2025-03-31 17:15:17
U0486,P0147,3.0,2025-09-06 17:15:17
U0436,P0198,5.0,2025-06-08 17:15:17
U0017,P0047,2.6,2025-05-21 17:15:17
U0163,P0157,4.3,2025-12-02 17:15:17
U0328,P0145,3.6,2026-01-31 17:15:17
U0480,P0128,4.3,2026-01-12 17:15:17
U0170,P0191,2.2,2026-02-14 17:15:17
U0122,P0089,4.6,2025-10-13 17:15:17
U0086,P0163,3.6,2026-02-08 17:15:17
U0421,P0182,2.9,2025-04-16 17:15:17
U0328,P0187,4.0,2025-10-05 17:15:17
U0229,P0003,3.6,2025-11-10 17:15:17
U0108,P0064,3.9,2025-04-05 17:15:17
U0035,P0090,2.2,2025-11-14 17:15:17
U0403,P0028,5.0,2026-03-25 17:15:17
U0025,P0099,1.6,2025-08-13 17:15:17
U0376,P0108,1.8,2025-12-30 17:15:17
U0453,P0106,1.9,2025-07-16 17:15:17
U0452,P0097,5.0,2025-09-27 17:15:17
U0280,P0097,1.9,2026-02-02 17:15:17
U0425,P0123,5.0,2025-06-03 17:15:17
U0334,P0195,5.0,2025-04-08 17:15:17
U0116,P0042,4.2,2025-08-06 17:15:17
U0038,P0009,3.9,2025-10-26 17:15:17
U0011,P0082,4.3,2025-11-12 17:15:17
U0488,P0027,4.5,2026-02-16 17:15:17
U0176,P0044,3.1,2025-09-14 17:15:17
U0083,P0188,3.1,2026-02-15 17:15:17
U0281,P0024,4.1,2025-10-03 17:15:17
U0305,P0158,2.3,2025-07-21 17:15:17
U0361,P0008,2.3,2025-08-17 17:15:17
U0483,P0168,2.3,2025-12-31 17:15:17
U0311,P0112,3.6,2026-01-04 17:15:17
U0028,P0026,4.6,2025-10-07 17:15:17
U0106,P0049,1.0,2025-08-28 17:15:17
U0357,P0142,4.7,2025-06-22 17:15:17
U0136,P0170,2.7,2025-11-01 17:15:17
U0153,P0061,2.5,2026-02-04 17:15:17
U0026,P0101,2.1,2025-06-06 17:15:17
U0282,P0126,5.0,2026-01-06 17:15:17
U0028,P0093,3.4,2026-03-24 17:15:17
U0219,P0023,3.2,2025-10-26 17:15:17
U0422,P0170,4.4,2025-05-09 17:15:17
U0308,P0123,3.0,2025-12-13 17:15:17
U0050,P0007,1.1,2025-12-10 17:15:17
U0088,P0164,3.4,2025-10-27 17:15:17
U0042,P0122,3.4,2026-01-25 17:15:17
U0158,P0102,3.5,2025-07-27 17:15:17
U0251,P0170,3.0,2025-11-10 17:15:17
U0047,P0165,4.7,2025-06-20 17:15:17
U0199,P0048,4.5,2025-09-17 17:15:17
U0454,P0098,3.4,2025-09-17 17:15:17
U0096,P0115,4.4,2026-03-03 17:15:17
U0135,P0113,3.3,2025-07-30 17:15:17
U0135,P0058,3.3,2025-11-08 17:15:17
U0289,P0016,3.7,2026-01-07 17:15:17
U0386,P0179,4.7,2025-04-18 17:15:17
U0050,P0022,2.9,2025-04-17 17:15:17
U0177,P0139,3.6,2025-08-26 17:15:17
U0498,P0194,2.5,2025-05-28 17:15:17
U0117,P0142,1.6,2026-02-22 17:15:17
U0431,P0100,3.8,2025-07-01 17:15:17
U0215,P0138,3.3,2025-04-08 17:15:17
U0444,P0122,1.8,2025-06-05 17:15:17
U0452,P0061,3.9,2025-07-25 17:15:17
U0154,P0021,3.2,2025-09-04 17:15:17
U0463,P0183,2.2,2026-03-08 17:15:17
U0258,P0147,2.1,2025-07-04 17:15:17
U0410,P0147,4.2,2025-04-13 17:15:17
U0318,P0038,2.5,2026-01-23 17:15:17
U0487,P0194,3.2,2025-08-08 17:15:17
U0089,P0043,3.2,2025-12-07 17:15:17
U0414,P0050,4.9,2026-01-20 17:15:17
U0022,P0109,2.4,2026-02-13 17:15:17
U0350,P0112,1.7,2025-12-12 17:15:17
U0422,P0161,3.2,2026-01-09 17:15:17
U0428,P0153,3.1,2025-11-13 17:15:17
U0164,P0187,3.3,2026-02-19 17:15:17
U0045,P0100,2.3,2025-06-14 17:15:17
U0204,P0142,3.7,2025-10-10 17:15:17
U0439,P0071,1.0,2025-07-02 17:15:17
U0235,P0004,4.6,2025-04-01 17:15:17
U0320,P0151,2.8,2025-07-01 17:15:17
U0401,P0108,2.6,2026-01-27 17:15:17
U0213,P0039,4.3,2026-01-09 17:15:17
U0291,P0151,3.9,2025-05-31 17:15:17
U0389,P0026,1.2,2026-01-30 17:15:17
U0289,P0200,1.0,2026-02-02 17:15:17
U0403,P0074,2.7,2025-06-24 17:15:17
U0451,P0089,5.0,2025-08-27 17:15:17
U0136,P0099,3.7,2025-04-24 17:15:17
U0249,P0147,4.2,2025-05-18 17:15:17
U0243,P0010,2.0,2025-12-27 17:15:17
U0142,P0104,3.3,2026-01-11 17:15:17
U0317,P0156,3.0,2025-04-11 17:15:17
U0356,P0103,4.5,2026-03-06 17:15:17
U0203,P0085,3.0,2025-04-06 17:15:17
U0122,P0013,5.0,2025-07-25 17:15:17
U0472,P0069,5.0,2025-09-16 17:15:17
U0011,P0087,4.4,2025-10-21 17:15:17
U0160,P0072,3.5,2025-07-17 17:15:17
U0440,P0179,2.5,2025-04-09 17:15:17
U0051,P0059,1.0,2026-01-16 17:15:17
U0154,P0191,3.3,2025-08-11 17:15:17
U0397,P0083,3.6,2025-11-08 17:15:17
U0374,P0107,2.0,2025-05-20 17:15:17
U0331,P0023,4.2,2025-12-19 17:15:17
U0227,P0055,1.7,2025-08-29 17:15:17
U0380,P0125,3.6,2025-07-04 17:15:17
U0445,P0096,4.0,2026-02-25 17:15:17
U0264,P0041,4.0,2026-02-20 17:15:17
U0160,P0182,3.7,2025-07-09 17:15:17
U0207,P0035,2.7,2025-06-30 17:15:17
U0451,P0146,4.8,2026-03-11 17:15:17
U0089,P0050,1.6,2025-12-13 17:15:17
U0429,P0015,1.8,2025-11-18 17:15:17
U0017,P0117,3.7,2026-02-28 17:15:17
U0471,P0093,1.2,2025-03-30 17:15:17
U0102,P0071,3.2,2025-09-18 17:15:17
U0422,P0119,3.5,2025-07-10 17:15:17
U0204,P0163,3.4,2026-01-21 17:15:17
U0349,P0008,4.3,2025-11-22 17:15:17
U0191,P0126,2.7,2025-05-25 17:15:17
U0229,P0046,3.4,2025-07-26 17:15:17
U0301,P0142,2.4,2025-09-27 17:15:17
U0177,P0042,2.9,2025-11-13 17:15:17
U0384,P0177,2.4,2026-02-07 17:15:17
U0146,P0008,2.8,2025-09-09 17:15:17
U0026,P0042,3.4,2025-06-06 17:15:17
U0400,P0055,1.6,2025-12-02 17:15:17
U0332,P0058,2.4,2025-04-13 17:15:17
U0106,P0069,5.0,2025-04-26 17:15:17
U0210,P0132,3.4,2026-03-15 17:15:17
U0443,P0200,3.5,2025-04-10 17:15:17
U0005,P0122,5.0,2026-01-17 17:15:17
U0332,P0045,4.1,2025-05-22 17:15:17
U0411,P0003,4.2,2025-12-01 17:15:17
U0130,P0156,1.9,2025-10-20 17:15:17
U0365,P0182,3.7,2025-04-30 17:15:17
U0141,P0109,4.6,2025-09-14 17:15:17
U0437,P0090,3.7,2025-08-02 17:15:17
U0130,P0056,3.9,2025-07-30 17:15:17
U0155,P0174,3.5,2025-07-02 17:15:17
U0423,P0160,4.0,2025-09-03 17:15:17
U0300,P0027,3.1,2026-03-22 17:15:17
U0262,P0170,2.6,2025-09-15 17:15:17
U0288,P0166,1.0,2025-05-25 17:15:17
U0312,P0073,1.9,2025-10-24 17:15:17
U0351,P0028,2.8,2025-07-22 17:15:17
U0033,P0087,2.0,2025-11-04 17:15:17
U0328,P0084,2.4,2025-11-04 17:15:17
U0134,P0168,2.0,2025-03-26 17:15:17
U0488,P0167,4.0,2025-10-24 17:15:17
U0097,P0039,2.8,2025-07-04 17:15:17
U0392,P0062,2.8,2026-02-24 17:15:17
U0413,P0154,4.6,2025-08-31 17:15:17
U0339,P0082,2.9,2025-04-11 17:15:17
U0072,P0185,5.0,2026-03-12 17:15:17
U0336,P0128,2.4,2025-10-25 17:15:17
U0133,P0108,4.7,2025-08-30 17:15:17
U0199,P0189,2.9,2026-03-07 17:15:17
U0299,P0182,1.0,2025-06-06 17:15:17
U0418,P0049,4.8,2025-10-01 17:15:17
U0372,P0183,4.4,2025-12-02 17:15:17
U0352,P0137,3.1,2025-05-03 17:15:17
U0402,P0122,3.1,2025-04-16 17:15:17
U0184,P0130,3.6,2025-10-23 17:15:17
U0433,P0044,1.3,2025-04-23 17:15:17
U0449,P0143,4.1,2025-12-23 17:15:17
U0151,P0025,3.1,2025-07-27 17:15:17
U0066,P0190,3.1,2025-11-13 17:15:17
U0372,P0144,3.7,2025-12-22 17:15:17
U0485,P0175,4.6,2025-10-05 17:15:17
U0336,P0023,2.0,2025-12-02 17:15:17
U0182,P0058,3.8,2025-10-19 17:15:17
U0216,P0085,4.0,2025-09-16 17:15:17
U0134,P0150,1.5,2025-10-26 17:15:17
U0238,P0031,3.2,2025-07-28 17:15:17
U0028,P0163,2.0,2025-05-31 17:15:17
U0298,P0159,3.8,2026-02-17 17:15:17
U0242,P0050,1.5,2025-07-12 17:15:17
U0062,P0175,1.0,2025-09-11 17:15:17
U0272,P0077,3.8,2025-08-26 17:15:17
U0028,P0039,4.9,2026-01-14 17:15:17
U0103,P0088,4.8,2025-08-28 17:15:17
U0292,P0118,2.5,2026-01-11 17:15:17
U0162,P0184,2.2,2025-12-23 17:15:17
U0399,P0021,2.5,2025-07-19 17:15:17
U0171,P0162,4.5,2025-12-25 17:15:17
U0161,P0163,2.8,2026-02-24 17:15:17
U0003,P0116,5.0,2025-11-05 17:15:17
U0108,P0195,3.2,2025-12-29 17:15:17
U0296,P0196,4.7,2026-01-03 17:15:17
U0251,P0196,4.4,2026-02-08 17:15:17
U0067,P0158,4.0,2025-08-15 17:15:17
U0325,P0110,4.7,2025-08-31 17:15:17
U0220,P0123,3.1,2025-09-10 17:15:17
U0003,P0010,2.1,2025-06-25 17:15:17
U0103,P0188,1.9,2025-09-15 17:15:17
U0487,P0004,4.1,2025-10-12 17:15:17
U0388,P0136,5.0,2025-12-18 17:15:17
U0010,P0174,1.3,2026-03-23 17:15:17
U0321,P0188,2.5,2025-11-18 17:15:17
U0116,P0178,2.7,2025-09-30 17:15:17
U0160,P0034,2.6,2026-02-01 17:15:17
U0197,P0129,2.7,2025-05-28 17:15:17
U0157,P0043,4.2,2026-02-20 17:15:17
U0422,P0012,3.8,2025-10-24 17:15:17
U0486,P0075,4.0,2025-08-04 17:15:17
U0373,P0134,2.4,2025-05-24 17:15:17
U0269,P0087,3.2,2025-08-15 17:15:17
U0455,P0176,2.4,2026-01-16 17:15:17
U0176,P0126,1.0,2025-09-23 17:15:17
U0385,P0049,2.3,2025-12-31 17:15:17
U0486,P0104,4.2,2026-03-16 17:15:17
U0117,P0058,2.5,2026-01-17 17:15:17
U0109,P0188,2.7,2026-03-14 17:15:17
U0302,P0130,2.7,2025-12-29 17:15:17
U0064,P0094,1.9,2025-03-26 17:15:17
U0334,P0010,2.1,2025-09-14 17:15:17
U0449,P0164,3.7,2025-11-15 17:15:17
U0395,P0137,3.8,2025-05-10 17:15:17
U0025,P0153,4.6,2026-03-01 17:15:17
U0339,P0028,2.9,2025-04-25 17:15:17
U0429,P0006,4.2,2026-03-01 17:15:17
U0354,P0030,3.0,2025-08-24 17:15:17
U0228,P0098,5.0,2026-01-21 17:15:17
U0281,P0065,4.1,2025-07-26 17:15:17
U0360,P0040,3.0,2025-12-10 17:15:17
U0356,P0176,1.7,2025-05-07 17:15:17
U0005,P0078,2.7,2025-08-22 17:15:17
U0339,P0026,2.3,2025-04-20 17:15:17
U0267,P0070,3.0,2025-05-11 17:15:17
U0311,P0180,3.5,2026-01-14 17:15:17
U0215,P0027,2.4,2025-07-07 17:15:17
U0369,P0159,3.7,2026-01-24 17:15:17
U0145,P0030,2.7,2026-01-30 17:15:17
U0255,P0051,1.7,2025-05-18 17:15:17
U0103,P0200,4.6,2025-11-11 17:15:17
U0426,P0134,2.4,2025-12-12 17:15:17
U0184,P0181,2.7,2025-08-28 17:15:17
U0152,P0042,4.5,2026-03-05 17:15:17
U0281,P0128,2.5,2025-12-09 17:15:17
U0353,P0124,2.3,2025-10-07 17:15:17
U0121,P0001,2.1,2026-03-19 17:15:17
U0344,P0023,3.8,2026-01-28 17:15:17
U0428,P0147,3.9,2025-04-17 17:15:17
U0253,P0039,1.8,2026-02-07 17:15:17
U0400,P0131,4.0,2026-02-15 17:15:17
U0371,P0186,1.1,2026-02-02 17:15:17
U0464,P0066,2.2,2025-04-30 17:15:17
U0119,P0117,2.1,2025-10-25 17:15:17
U0136,P0119,4.6,2026-02-28 17:15:17
U0052,P0045,2.4,2026-03-05 17:15:17
U0437,P0075,3.0,2025-09-22 17:15:17
U0411,P0174,5.0,2025-10-16 17:15:17
U0219,P0190,1.1,2026-01-25 17:15:17
U0049,P0195,4.2,2026-03-02 17:15:17
U0005,P0036,1.8,2025-04-20 17:15:17
U0332,P0044,4.4,2025-10-08 17:15:17
U0184,P0113,2.5,2025-05-11 17:15:17
U0138,P0188,3.4,2026-02-06 17:15:17
U0191,P0088,3.0,2025-12-22 17:15:17
U0059,P0103,4.3,2025-09-02 17:15:17
U0493,P0117,2.3,2025-11-06 17:15:17
U0428,P0099,3.2,2025-04-06 17:15:17
U0436,P0123,1.2,2025-08-22 17:15:17
U0333,P0043,3.0,2026-01-27 17:15:17
U0068,P0179,3.0,2026-02-23 17:15:17
U0483,P0041,4.0,2026-01-31 17:15:17
U0214,P0152,4.4,2025-07-21 17:15:17
U0411,P0146,2.2,2025-04-12 17:15:17
U0225,P0047,2.5,2025-05-17 17:15:17
U0195,P0200,1.2,2025-09-23 17:15:17
U0314,P0008,4.6,2025-04-09 17:15:17
U0451,P0187,4.9,2026-01-18 17:15:17
U0248,P0125,3.5,2026-01-27 17:15:17
U0455,P0106,2.0,2025-08-12 17:15:17
U0024,P0017,2.8,2025-11-12 17:15:17
U0336,P0081,2.1,2026-03-19 17:15:17
U0361,P0174,3.9,2025-06-30 17:15:17
U0393,P0191,4.6,2025-06-03 17:15:17
U0371,P0145,2.3,2025-12-01 17:15:17
U0490,P0172,2.1,2025-10-03 17:15:17
U0266,P0134,3.4,2025-04-07 17:15:17
U0359,P0159,4.7,2026-02-05 17:15:17
U0222,P0170,2.3,2025-11-18 17:15:17
U0247,P0089,1.9,2025-04-20 17:15:17
U0347,P0165,3.8,2025-09-09 17:15:17
U0077,P0143,5.0,2025-05-16 17:15:17
U0028,P0003,1.9,2025-04-30 17:15:17
U0479,P0041,1.0,2025-07-10 17:15:17
U0435,P0121,5.0,2025-07-15 17:15:17
U0446,P0043,3.3,2026-02-15 17:15:17
U0385,P0126,3.3,2025-10-12 17:15:17
U0124,P0085,2.0,2025-11-03 17:15:17
U0026,P0130,3.4,2025-12-01 17:15:17
U0282,P0165,1.3,2025-09-13 17:15:17
U0207,P0061,3.2,2026-02-13 17:15:17
U0236,P0114,2.5,2025-06-05 17:15:17
U0230,P0023,3.0,2025-07-13 17:15:17
U0229,P0081,3.6,2026-01-24 17:15:17
U0255,P0191,4.7,2025-04-25 17:15:17
U0010,P0027,4.1,2025-08-31 17:15:17
U0212,P0010,3.1,2025-06-13 17:15:17
U0282,P0001,4.5,2026-02-07 17:15:17
U0406,P0155,1.0,2025-05-13 17:15:17
U0327,P0078,4.1,2025-07-08 17:15:17
U0288,P0053,2.6,2025-04-24 17:15:17
U0344,P0117,1.6,2025-10-02 17:15:17
U0187,P0014,2.7,2025-12-01 17:15:17
U0433,P0117,3.8,2025-10-07 17:15:17
U0287,P0197,4.9,2025-05-12 17:15:17
U0308,P0122,3.9,2025-04-23 17:15:17
U0187,P0184,5.0,2025-08-06 17:15:17
U0059,P0025,2.5,2025-04-22 17:15:17
U0114,P0001,4.0,2025-10-02 17:15:17
U0182,P0163,1.2,2025-10-27 17:15:17
U0281,P0134,2.9,2025-09-15 17:15:17
U0360,P0028,3.4,2026-03-02 17:15:17
U0460,P0043,3.6,2025-07-16 17:15:17
U0072,P0184,1.0,2025-08-28 17:15:17
U0055,P0066,2.7,2025-05-17 17:15:17
U0101,P0049,2.9,2026-01-23 17:15:17
U0477,P0101,4.4,2025-12-05 17:15:17
U0235,P0049,5.0,2025-10-03 17:15:17
U0056,P0194,2.9,2025-08-25 17:15:17
U0024,P0163,4.7,2025-04-15 17:15:17
U0302,P0032,3.7,2025-08-07 17:15:17
U0235,P0169,1.0,2025-05-28 17:15:17
U0490,P0130,2.8,2026-01-16 17:15:17
U0494,P0128,3.5,2026-03-23 17:15:17
U0272,P0189,2.4,2026-03-01 17:15:17
U0284,P0111,2.8,2025-05-30 17:15:17
U0248,P0131,2.0,2025-12-25 17:15:17
U0355,P0149,3.3,2025-12-27 17:15:17
U0375,P0033,4.0,2026-01-31 17:15:17
U0199,P0169,2.9,2025-05-22 17:15:17
U0311,P0083,1.4,2025-07-10 17:15:17
U0452,P0099,3.2,2025-08-23 17:15:17
U0312,P0178,2.9,2025-11-18 17:15:17
U0141,P0102,4.7,2025-10-01 17:15:17
U0497,P0076,4.5,2025-08-06 17:15:17
U0413,P0035,2.3,2026-01-14 17:15:17
U0212,P0155,1.8,2025-04-01 17:15:17
U0454,P0192,5.0,2025-07-06 17:15:17
U0154,P0180,1.5,2025-06-18 17:15:17
U0441,P0081,2.0,2025-03-26 17:15:17
U0378,P0142,4.5,2025-05-06 17:15:17
U0112,P0052,4.8,2025-12-08 17:15:17
U0320,P0183,2.2,2025-10-28 17:15:17
U0352,P0089,1.9,2025-04-15 17:15:17
U0068,P0182,3.9,2025-04-27 17:15:17
U0500,P0046,4.2,2025-07-11 17:15:17
U0278,P0178,3.5,2025-05-03 17:15:17
U0166,P0182,2.6,2026-01-25 17:15:17
U0390,P0091,3.2,2025-06-11 17:15:17
U0246,P0150,3.2,2025-06-06 17:15:17
U0483,P0171,4.5,2025-03-27 17:15:17
U0214,P0173,4.4,2025-06-25 17:15:17
U0147,P0109,3.9,2026-03-19 17:15:17
U0268,P0028,3.2,2026-03-13 17:15:17
U0196,P0038,2.5,2026-02-26 17:15:17
U0344,P0015,5.0,2025-12-13 17:15:17
U0137,P0193,1.5,2026-01-02 17:15:17
U0147,P0175,3.6,2025-11-17 17:15:17
U0075,P0016,4.3,2025-04-06 17:15:17
U0402,P0076,4.5,2025-12-11 17:15:17
U0386,P0139,5.0,2026-03-09 17:15:17
U0184,P0116,3.1,2026-02-01 17:15:17
U0316,P0173,2.3,2025-06-11 17:15:17
U0443,P0058,4.5,2025-04-28 17:15:17
U0288,P0100,4.9,2025-11-24 17:15:17
U0262,P0179,3.7,2025-10-29 17:15:17
U0355,P0171,5.0,2026-03-01 17:15:17
U0475,P0098,2.7,2025-09-08 17:15:17
U0214,P0176,3.0,2025-10-16 17:15:17
U0495,P0142,4.7,2026-02-26 17:15:17
U0007,P0191,4.4,2025-11-17 17:15:17
U0104,P0159,4.8,2025-08-11 17:15:17
U0425,P0058,1.9,2025-05-05 17:15:17
U0361,P0182,3.4,2025-04-28 17:15:17
U0189,P0194,1.4,2025-05-28 17:15:17
U0280,P0190,4.4,2025-05-21 17:15:17
U0101,P0199,4.8,2025-12-16 17:15:17
U0151,P0115,4.5,2025-12-25 17:15:17
U0350,P0020,4.2,2025-12-20 17:15:17
U0493,P0045,2.5,2025-07-05 17:15:17
U0062,P0097,3.2,2026-03-05 17:15:17
U0220,P0072,1.4,2025-06-14 17:15:17
U0136,P0034,2.1,2026-01-02 17:15:17
U0300,P0066,3.2,2026-03-23 17:15:17
U0170,P0120,3.3,2025-03-27 17:15:17
U0480,P0040,3.7,2026-03-05 17:15:17
U0079,P0083,3.9,2025-05-24 17:15:17
U0027,P0199,1.0,2025-05-09 17:15:17
U0316,P0170,3.6,2025-10-22 17:15:17
U0252,P0147,3.4,2025-06-17 17:15:17
U0184,P0019,3.1,2025-03-28 17:15:17
U0163,P0135,4.5,2025-12-03 17:15:17
U0490,P0048,2.5,2025-07-02 17:15:17
U0035,P0130,4.0,2026-01-03 17:15:17
U0213,P0140,3.3,2025-06-24 17:15:17
U0207,P0024,3.2,2025-09-28 17:15:17
U0114,P0055,2.9,2025-04-20 17:15:17
U0170,P0085,3.0,2025-09-22 17:15:17
U0151,P0056,2.0,2025-05-13 17:15:17
U0272,P0122,1.0,2025-06-11 17:15:17
U0422,P0193,5.0,2025-04-27 17:15:17
U0005,P0030,3.5,2025-04-17 17:15:17
U0178,P0115,1.6,2025-11-22 17:15:17
U0464,P0165,3.2,2025-05-15 17:15:17
U0471,P0160,2.1,2025-11-21 17:15:17
U0491,P0011,5.0,2025-04-10 17:15:17
U0454,P0083,4.6,2025-09-11 17:15:17
U0469,P0030,3.2,2025-09-09 17:15:17
U0132,P0139,2.6,2025-11-01 17:15:17
U0013,P0133,3.7,2025-09-15 17:15:17
U0264,P0131,2.8,2025-08-09 17:15:17
U0250,P0012,3.6,2025-10-25 17:15:17
U0460,P0167,2.6,2025-12-17 17:15:17
U0165,P0132,1.0,2026-02-11 17:15:17
U0486,P0025,2.9,2025-12-30 17:15:17
U0498,P0198,3.0,2025-06-23 17:15:17
U0274,P0002,2.6,2025-05-09 17:15:17
U0034,P0054,1.0,2025-04-16 17:15:17
U0323,P0199,3.6,2025-12-06 17:15:17
U0443,P0176,1.9,2025-08-20 17:15:17
U0428,P0027,4.0,2025-12-10 17:15:17
U0276,P0180,3.5,2025-08-15 17:15:17
U0332,P0019,1.0,2025-04-08 17:15:17
U0079,P0007,2.9,2025-08-02 17:15:17
U0368,P0085,3.7,2026-03-06 17:15:17
U0045,P0019,2.3,2026-02-26 17:15:17
U0092,P0065,2.0,2025-06-13 17:15:17
U0037,P0148,2.7,2025-11-29 17:15:17
U0467,P0067,4.5,2025-08-29 17:15:17
U0199,P0116,5.0,2025-05-07 17:15:17
U0208,P0111,3.9,2025-10-15 17:15:17
U0009,P0100,2.1,2025-04-15 17:15:17
U0061,P0137,1.2,2026-03-22 17:15:17
U0329,P0185,3.6,2025-05-13 17:15:17
U0033,P0194,4.3,2025-05-30 17:15:17
U0024,P0180,1.5,2026-02-16 17:15:17
U0184,P0129,1.5,2026-01-30 17:15:17
U0149,P0176,2.8,2025-10-22 17:15:17
U0311,P0023,4.0,2025-11-01 17:15:17
U0392,P0113,4.0,2025-09-11 17:15:17
U0203,P0170,3.2,2026-03-10 17:15:17
U0243,P0041,2.3,2025-06-25 17:15:17
U0113,P0035,3.1,2025-09-06 17:15:17
U0408,P0140,3.4,2025-10-25 17:15:17
U0492,P0163,3.5,2026-01-11 17:15:17
U0153,P0174,1.0,2025-04-28 17:15:17
U0192,P0003,1.6,2025-06-15 17:15:17
U0448,P0143,2.5,2026-01-12 17:15:17
U0064,P0011,1.8,2026-03-23 17:15:17
U0294,P0153,2.4,2025-09-05 17:15:17
U0276,P0141,1.1,2026-02-10 17:15:17
U0157,P0054,3.1,2025-09-30 17:15:17
U0109,P0106,1.5,2025-04-29 17:15:17
U0436,P0132,2.7,2026-01-12 17:15:17
U0083,P0048,4.1,2025-12-02 17:15:17
U0316,P0065,3.3,2025-12-16 17:15:17
U0059,P0047,4.2,2025-04-16 17:15:17
U0410,P0146,2.0,2026-02-26 17:15:17
U0436,P0193,3.7,2025-06-17 17:15:17
U0237,P0166,5.0,2025-06-17 17:15:17
U0038,P0075,5.0,2025-04-16 17:15:17
U0035,P0065,2.7,2026-02-03 17:15:17
U0102,P0186,4.8,2025-06-01 17:15:17
U0250,P0085,4.8,2025-09-24 17:15:17
U0066,P0172,2.9,2025-04-24 17:15:17
U0121,P0026,3.3,2025-10-31 17:15:17
U0318,P0018,4.0,2025-12-16 17:15:17
U0163,P0125,2.9,2025-08-07 17:15:17
U0169,P0158,1.6,2025-04-22 17:15:17
U0157,P0178,5.0,2025-05-30 17:15:17
U0079,P0145,2.8,2025-06-08 17:15:17
U0187,P0081,3.1,2025-08-18 17:15:17
U0087,P0002,2.8,2025-10-16 17:15:17
U0127,P0057,2.9,2025-03-26 17:15:17
U0379,P0165,2.7,2025-08-14 17:15:17
U0142,P0093,3.5,2026-01-16 17:15:17
U0348,P0188,5.0,2025-10-07 17:15:17
U0450,P0123,2.3,2025-08-01 17:15:17
U0229,P0092,4.0,2025-10-20 17:15:17
U0250,P0142,2.5,2026-01-29 17:15:17
U0090,P0166,3.0,2025-05-19 17:15:17
U0042,P0072,3.1,2026-01-13 17:15:17
U0457,P0138,2.4,2025-12-15 17:15:17
U0135,P0188,5.0,2025-05-09 17:15:17
U0040,P0187,3.7,2026-02-15 17:15:17
U0457,P0005,3.1,2025-07-09 17:15:17
U0324,P0008,3.0,2025-06-01 17:15:17
U0297,P0104,4.0,2025-05-27 17:15:17
U0109,P0010,3.8,2025-06-16 17:15:17
U0134,P0140,4.2,2025-06-22 17:15:17
U0242,P0168,2.1,2026-01-08 17:15:17
U0188,P0101,2.4,2025-12-01 17:15:17
U0457,P0198,3.3,2025-05-28 17:15:17
U0376,P0075,2.1,2026-01-16 17:15:17
U0238,P0129,1.0,2025-07-07 17:15:17
U0047,P0102,4.2,2025-09-20 17:15:17
U0258,P0003,3.9,2025-04-20 17:15:17
U0123,P0158,2.7,2025-04-09 17:15:17
U0085,P0194,4.7,2025-07-05 17:15:17
U0072,P0115,3.5,2026-01-03 17:15:17
U0092,P0145,2.8,2025-06-09 17:15:17
U0338,P0038,2.8,2025-07-21 17:15:17
U0481,P0092,2.3,2026-03-05 17:15:17
U0113,P0195,1.7,2025-07-19 17:15:17
U0119,P0017,3.3,2025-11-10 17:15:17
U0190,P0060,3.1,2026-03-04 17:15:17
U0343,P0053,1.7,2025-07-03 17:15:17
U0465,P0093,2.4,2025-09-08 17:15:17
U0241,P0117,1.8,2026-03-02 17:15:17
U0021,P0167,3.2,2025-10-11 17:15:17
U0053,P0181,5.0,2025-07-02 17:15:17
U0325,P0071,3.4,2025-11-11 17:15:17
U0297,P0140,2.7,2025-06-07 17:15:17
U0090,P0097,4.5,2025-04-25 17:15:17
U0194,P0094,4.5,2025-05-29 17:15:17
U0335,P0020,2.6,2025-07-04 17:15:17
U0129,P0097,4.7,2025-12-01 17:15:17
U0265,P0104,3.0,2025-09-26 17:15:17
U0419,P0089,1.3,2025-07-19 17:15:17
U0406,P0124,3.4,2025-05-20 17:15:17
U0004,P0129,3.4,2026-01-13 17:15:17
U0226,P0043,3.2,2025-11-28 17:15:17
U0040,P0132,4.0,2025-04-30 17:15:17
U0144,P0055,3.2,2026-01-08 17:15:17
U0096,P0041,2.3,2025-09-21 17:15:17
U0309,P0184,3.6,2026-01-24 17:15:17
U0339,P0059,4.9,2025-08-25 17:15:17
U0416,P0085,1.7,2026-01-26 17:15:17
U0247,P0173,1.1,2025-07-23 17:15:17
U0246,P0054,4.3,2025-05-27 17:15:17
U0083,P0166,3.2,2025-08-27 17:15:17
U0012,P0063,3.8,2026-03-03 17:15:17
U0066,P0147,4.0,2025-05-26 17:15:17
U0083,P0035,1.2,2025-05-07 17:15:17
U0263,P0011,3.2,2025-06-05 17:15:17
U0076,P0015,1.9,2025-12-30 17:15:17
U0133,P0047,4.2,2025-07-04 17:15:17
U0491,P0104,4.5,2025-05-23 17:15:17
U0497,P0145,3.2,2025-05-03 17:15:17
U0010,P0185,2.0,2025-04-21 17:15:17
U0421,P0073,4.9,2026-02-10 17:15:17
U0111,P0115,2.1,2025-05-19 17:15:17
U0242,P0124,4.0,2025-12-28 17:15:17
U0113,P0106,2.5,2025-05-22 17:15:17
U0074,P0150,1.0,2025-12-22 17:15:17
U0320,P0169,2.5,2025-07-07 17:15:17
U0136,P0043,1.8,2025-04-08 17:15:17
U0176,P0117,2.0,2025-05-24 17:15:17
U0303,P0018,5.0,2025-11-28 17:15:17
U0194,P0099,2.7,2026-01-17 17:15:17
U0056,P0005,3.3,2025-12-12 17:15:17
U0268,P0130,2.2,2025-04-09 17:15:17
U0215,P0039,2.2,2025-05-19 17:15:17
U0050,P0046,4.8,2025-07-25 17:15:17
U0462,P0158,4.3,2025-05-22 17:15:17
U0020,P0137,4.6,2025-07-11 17:15:17
U0386,P0031,3.5,2026-02-06 17:15:17
U0247,P0169,3.7,2026-01-18 17:15:17
U0462,P0155,3.4,2025-06-22 17:15:17
U0424,P0001,1.4,2025-04-12 17:15:17
U0333,P0111,3.2,2025-07-01 17:15:17
U0216,P0095,5.0,2026-03-03 17:15:17
U0358,P0136,3.7,2025-08-18 17:15:17
U0118,P0124,1.1,2025-09-11 17:15:17
U0180,P0151,1.2,2025-04-03 17:15:17
U0295,P0026,3.0,2025-08-20 17:15:17
U0069,P0066,4.5,2025-07-24 17:15:17
U0393,P0060,4.5,2026-02-11 17:15:17
U0146,P0154,2.2,2025-06-20 17:15:17
U0210,P0066,2.4,2025-12-19 17:15:17
U0003,P0182,2.8,2026-03-22 17:15:17
U0296,P0134,2.6,2026-01-24 17:15:17
U0267,P0002,1.8,2025-09-14 17:15:17
U0336,P0053,2.3,2025-04-07 17:15:17
U0412,P0081,1.6,2025-08-28 17:15:17
U0186,P0028,4.2,2026-01-05 17:15:17
U0219,P0167,5.0,2025-05-30 17:15:17
U0130,P0067,4.4,2025-06-24 17:15:17
U0217,P0145,3.7,2025-09-19 17:15:17
U0314,P0071,3.4,2025-04-11 17:15:17
U0204,P0194,4.5,2025-12-11 17:15:17
U0212,P0142,2.9,2025-06-13 17:15:17
U0248,P0046,4.6,2025-09-17 17:15:17
U0287,P0143,5.0,2025-07-21 17:15:17
U0130,P0079,2.9,2025-06-03 17:15:17
U0177,P0199,3.0,2025-03-29 17:15:17
U0204,P0189,1.6,2026-01-14 17:15:17
U0438,P0169,4.6,2026-01-24 17:15:17
U0383,P0059,1.6,2025-08-09 17:15:17
U0401,P0180,2.1,2026-01-02 17:15:17
U0052,P0055,2.2,2025-07-08 17:15:17
U0206,P0087,3.5,2025-06-17 17:15:17
U0315,P0179,4.9,2025-04-09 17:15:17
U0362,P0014,2.8,2026-01-02 17:15:17
U0200,P0163,2.6,2026-03-23 17:15:17
U0412,P0024,1.8,2026-01-10 17:15:17
U0242,P0154,2.7,2025-08-15 17:15:17
U0046,P0017,3.8,2025-11-11 17:15:17
U0114,P0095,3.7,2026-02-13 17:15:17
U0312,P0010,5.0,2025-09-10 17:15:17
U0477,P0103,4.4,2025-05-15 17:15:17
U0336,P0134,1.1,2025-10-30 17:15:17
U0365,P0153,3.4,2026-02-24 17:15:17
U0485,P0199,5.0,2025-12-26 17:15:17
U0328,P0127,4.6,2025-08-13 17:15:17
U0006,P0052,2.4,2025-04-23 17:15:17
U0477,P0133,2.1,2025-10-30 17:15:17
U0100,P0009,5.0,2025-05-23 17:15:17
U0262,P0133,2.9,2025-04-02 17:15:17
U0119,P0158,3.1,2025-12-29 17:15:17
U0346,P0010,3.0,2025-09-22 17:15:17
U0123,P0168,1.4,2026-03-25 17:15:17
U0500,P0041,4.0,2026-02-09 17:15:17
U0142,P0200,2.8,2025-09-02 17:15:17
U0181,P0172,3.4,2025-09-04 17:15:17
U0208,P0151,3.0,2025-12-13 17:15:17
U0266,P0004,4.1,2025-03-30 17:15:17
U0036,P0024,1.6,2025-06-17 17:15:17
U0146,P0186,2.8,2025-06-12 17:15:17
U0469,P0150,3.1,2025-09-28 17:15:17
U0178,P0071,3.6,2025-11-30 17:15:17
U0311,P0050,1.5,2025-08-05 17:15:17
U0477,P0104,3.2,2025-06-04 17:15:17
U0003,P0067,3.4,2025-12-26 17:15:17
U0209,P0130,3.8,2026-01-30 17:15:17
U0287,P0019,4.0,2025-07-11 17:15:17
U0151,P0088,1.1,2026-01-25 17:15:17
U0412,P0132,3.7,2025-11-14 17:15:17
U0449,P0138,3.9,2025-06-04 17:15:17
U0129,P0178,5.0,2025-08-11 17:15:17
U0495,P0097,1.4,2025-06-10 17:15:17
U0248,P0198,5.0,2025-11-21 17:15:17
U0388,P0087,3.5,2025-08-03 17:15:17
U0349,P0118,4.3,2025-05-29 17:15:17
U0442,P0008,4.3,2025-07-22 17:15:17
U0060,P0067,2.9,2026-02-19 17:15:17
U0196,P0163,4.4,2025-12-03 17:15:17
U0347,P0180,3.9,2025-11-28 17:15:17
U0410,P0081,5.0,2025-08-26 17:15:17
U0490,P0091,3.6,2025-07-04 17:15:17
U0275,P0003,1.9,2025-04-01 17:15:17
U0427,P0068,2.7,2025-11-18 17:15:17
U0148,P0024,2.3,2025-09-02 17:15:17
U0345,P0192,3.2,2025-10-01 17:15:17
U0039,P0142,3.9,2025-12-24 17:15:17
U0244,P0081,3.7,2025-09-25 17:15:17
U0112,P0147,3.5,2025-11-08 17:15:17
U0094,P0192,4.0,2025-04-10 17:15:17
U0477,P0049,2.6,2025-07-13 17:15:17
U0378,P0052,4.8,2025-11-25 17:15:17
U0377,P0062,1.8,2025-11-10 17:15:17
U0106,P0059,1.9,2025-12-12 17:15:17
U0428,P0064,2.7,2025-05-13 17:15:17
U0183,P0040,5.0,2026-01-30 17:15:17
U0062,P0021,3.5,2025-04-13 17:15:17
U0490,P0170,1.0,2025-07-16 17:15:17
U0315,P0002,4.6,2025-06-21 17:15:17
U0435,P0124,3.4,2025-09-16 17:15:17
U0318,P0081,2.8,2025-07-16 17:15:17
U0460,P0148,1.9,2025-11-05 17:15:17
U0252,P0047,2.3,2025-07-07 17:15:17
U0144,P0102,1.9,2025-12-02 17:15:17
U0385,P0148,1.0,2026-01-19 17:15:17
U0028,P0135,4.9,2025-08-21 17:15:17
U0245,P0139,5.0,2026-03-09 17:15:17
U0258,P0089,4.7,2025-09-05 17:15:17
U0441,P0176,1.4,2025-12-26 17:15:17
U0235,P0031,3.8,2025-04-02 17:15:17
U0266,P0118,4.0,2025-10-15 17:15:17
U0353,P0003,3.1,2026-03-19 17:15:17
U0346,P0054,4.7,2025-09-12 17:15:17
U0298,P0026,3.3,2025-10-10 17:15:17
U0186,P0157,2.6,2025-11-13 17:15:17
U0096,P0141,3.0,2025-11-11 17:15:17
U0122,P0069,5.0,2025-07-27 17:15:17
U0491,P0157,3.2,2025-10-01 17:15:17
U0188,P0048,4.8,2025-07-13 17:15:17
U0218,P0054,2.6,2025-08-23 17:15:17
U0359,P0193,3.9,2025-09-16 17:15:17
U0187,P0103,4.4,2025-11-02 17:15:17
U0231,P0047,1.6,2025-06-06 17:15:17
U0068,P0148,3.9,2025-04-08 17:15:17
U0118,P0026,3.2,2025-11-07 17:15:17
U0412,P0061,2.1,2025-06-14 17:15:17
U0222,P0098,3.5,2025-12-15 17:15:17
U0075,P0190,4.3,2026-01-08 17:15:17
U0243,P0003,3.0,2025-12-25 17:15:17
U0216,P0128,4.2,2026-01-16 17:15:17
U0458,P0162,4.3,2025-07-04 17:15:17
U0274,P0185,5.0,2025-10-15 17:15:17
U0403,P0125,3.6,2025-10-23 17:15:17
U0129,P0144,4.2,2025-06-08 17:15:17
U0025,P0102,3.4,2026-02-03 17:15:17
U0354,P0042,1.5,2026-02-23 17:15:17
U0111,P0066,4.4,2025-07-25 17:15:17
U0430,P0162,4.3,2026-02-04 17:15:17
U0231,P0191,2.3,2025-10-05 17:15:17
U0134,P0093,1.7,2025-09-22 17:15:17
U0478,P0066,1.8,2025-09-30 17:15:17
U0011,P0106,2.9,2026-01-22 17:15:17
U0180,P0174,1.7,2025-05-19 17:15:17
U0102,P0148,3.6,2025-06-04 17:15:17
U0333,P0167,2.6,2025-06-23 17:15:17
U0090,P0200,4.0,2025-10-31 17:15:17
U0182,P0084,3.4,2025-04-15 17:15:17
U0262,P0125,3.1,2025-08-09 17:15:17
U0456,P0021,4.0,2025-09-11 17:15:17
U0315,P0074,3.0,2025-07-31 17:15:17
U0324,P0038,3.5,2025-12-30 17:15:17
U0328,P0087,3.3,2025-08-22 17:15:17
U0324,P0157,4.9,2025-06-06 17:15:17
U0208,P0019,2.9,2026-02-13 17:15:17
U0083,P0088,4.9,2025-11-29 17:15:17
U0161,P0082,2.7,2025-04-25 17:15:17
U0150,P0182,4.6,2025-11-09 17:15:17
U0310,P0166,2.8,2025-09-04 17:15:17
U0139,P0114,3.1,2025-09-21 17:15:17
U0383,P0151,4.6,2025-07-02 17:15:17
U0495,P0116,3.1,2025-08-26 17:15:17
U0086,P0048,3.0,2026-03-14 17:15:17
U0065,P0187,2.6,2025-11-25 17:15:17
U0339,P0065,3.3,2025-04-01 17:15:17
U0384,P0021,1.3,2025-12-08 17:15:17
U0086,P0102,4.6,2026-02-01 17:15:17
U0049,P0017,4.6,2025-07-26 17:15:17
U0281,P0014,1.8,2026-03-12 17:15:17
U0395,P0102,4.6,2025-06-30 17:15:17
U0392,P0022,2.8,2026-01-31 17:15:17
U0135,P0159,2.0,2026-01-05 17:15:17
U0044,P0168,3.0,2025-09-07 17:15:17
U0159,P0059,2.0,2025-11-19 17:15:17
U0378,P0073,4.3,2025-08-11 17:15:17
U0321,P0033,2.4,2026-01-17 17:15:17
U0270,P0044,2.6,2026-03-11 17:15:17
U0018,P0170,2.2,2025-09-24 17:15:17
U0441,P0084,3.2,2025-07-25 17:15:17
U0240,P0139,3.7,2025-11-06 17:15:17
U0281,P0114,3.7,2026-01-15 17:15:17
U0497,P0179,4.7,2025-06-22 17:15:17
U0091,P0152,4.3,2025-05-24 17:15:17
U0234,P0162,2.8,2025-05-04 17:15:17
U0450,P0145,3.0,2025-08-15 17:15:17
U0269,P0164,1.0,2025-05-02 17:15:17
U0274,P0080,4.8,2025-09-29 17:15:17
U0247,P0139,3.1,2025-11-29 17:15:17
U0413,P0023,1.5,2025-08-11 17:15:17
U0158,P0094,3.8,2025-08-26 17:15:17
U0134,P0040,2.5,2025-10-21 17:15:17
U0006,P0001,3.9,2025-07-01 17:15:17
U0418,P0195,2.8,2026-01-15 17:15:17
U0177,P0074,5.0,2025-07-28 17:15:17
U0274,P0003,5.0,2025-04-07 17:15:17
U0473,P0126,2.7,2025-07-24 17:15:17
U0154,P0003,3.1,2025-08-17 17:15:17
U0409,P0075,3.8,2025-05-24 17:15:17
U0119,P0002,2.9,2025-06-18 17:15:17
U0192,P0049,5.0,2025-08-27 17:15:17
U0452,P0144,5.0,2025-08-14 17:15:17
U0203,P0064,3.5,2026-01-01 17:15:17
U0367,P0189,4.2,2025-04-29 17:15:17
U0200,P0097,3.5,2025-12-03 17:15:17
U0135,P0021,2.6,2025-08-21 17:15:17
U0321,P0062,4.0,2025-07-04 17:15:17
U0392,P0157,2.1,2025-04-04 17:15:17
U0351,P0070,4.1,2025-10-31 17:15:17
U0333,P0191,3.2,2025-06-26 17:15:17
U0415,P0069,4.0,2025-08-26 17:15:17
U0097,P0018,4.5,2025-12-22 17:15:17
U0070,P0075,2.6,2026-01-28 17:15:17
U0327,P0117,2.9,2025-05-13 17:15:17
U0232,P0070,1.9,2025-04-01 17:15:17
U0319,P0126,4.6,2025-12-19 17:15:17
U0165,P0005,4.9,2026-01-07 17:15:17
U0026,P0137,3.4,2026-03-14 17:15:17
U0096,P0027,2.6,2025-11-01 17:15:17
U0138,P0033,5.0,2025-08-13 17:15:17
U0373,P0003,3.5,2025-11-26 17:15:17
U0047,P0039,1.4,2026-03-18 17:15:17
U0253,P0056,5.0,2025-10-01 17:15:17
U0216,P0080,4.5,2025-07-13 17:15:17
U0191,P0119,2.5,2025-04-03 17:15:17
U0406,P0009,5.0,2025-10-07 17:15:17
U0042,P0193,3.8,2026-01-10 17:15:17
U0029,P0069,3.3,2025-09-06 17:15:17
U0037,P0140,2.0,2025-07-28 17:15:17
U0093,P0050,5.0,2025-11-17 17:15:17
U0419,P0098,5.0,2026-03-19 17:15:17
U0063,P0197,3.1,2025-11-18 17:15:17
U0198,P0198,3.1,2025-08-11 17:15:17
U0127,P0189,4.5,2026-03-08 17:15:17
U0102,P0118,2.0,2026-02-05 17:15:17
U0267,P0171,2.2,2025-12-09 17:15:17
U0243,P0100,4.3,2025-04-11 17:15:17
U0493,P0080,4.1,2025-10-11 17:15:17
U0082,P0162,3.4,2026-03-04 17:15:17
U0382,P0141,4.4,2025-07-02 17:15:17
U0063,P0065,3.0,2025-07-22 17:15:17
U0327,P0077,2.5,2025-12-14 17:15:17
U0185,P0014,3.1,2025-04-18 17:15:17
U0112,P0029,1.5,2025-11-25 17:15:17
U0325,P0112,2.2,2025-10-10 17:15:17
U0008,P0043,2.7,2025-11-04 17:15:17
U0300,P0031,2.8,2025-09-04 17:15:17
U0405,P0063,2.9,2026-03-21 17:15:17
U0497,P0011,3.8,2025-06-01 17:15:17
U0402,P0177,5.0,2025-07-25 17:15:17
U0353,P0153,4.1,2026-01-05 17:15:17
U0191,P0198,2.0,2026-02-08 17:15:17
U0128,P0041,2.3,2025-07-13 17:15:17
U0047,P0176,3.9,2025-05-13 17:15:17
U0174,P0195,2.0,2025-05-09 17:15:17
U0031,P0016,4.2,2025-09-24 17:15:17
U0331,P0040,3.2,2025-03-31 17:15:17
U0275,P0028,1.4,2026-01-20 17:15:17
U0250,P0060,3.1,2025-10-14 17:15:17
U0286,P0166,3.1,2025-09-29 17:15:17
U0413,P0113,3.2,2025-12-17 17:15:17
U0011,P0177,4.9,2025-09-13 17:15:17
U0184,P0186,1.9,2026-01-16 17:15:17
U0129,P0011,2.8,2025-07-20 17:15:17
U0362,P0113,4.8,2025-06-12 17:15:17
U0151,P0139,4.0,2025-04-03 17:15:17
U0251,P0049,4.5,2025-06-08 17:15:17
U0096,P0140,3.5,2025-09-28 17:15:17
U0166,P0188,3.8,2025-07-29 17:15:17
U0141,P0154,3.8,2025-06-15 17:15:17
U0083,P0018,1.8,2025-06-27 17:15:17
U0080,P0116,3.8,2025-10-25 17:15:17
U0420,P0068,1.0,2025-06-21 17:15:17
U0188,P0117,2.0,2026-03-25 17:15:17
U0398,P0164,3.7,2025-07-09 17:15:17
U0195,P0188,2.2,2025-12-21 17:15:17
U0453,P0005,2.3,2025-05-12 17:15:17
U0439,P0094,2.4,2025-05-12 17:15:17
U0123,P0083,3.0,2026-02-21 17:15:17
U0338,P0138,4.9,2025-09-08 17:15:17
U0098,P0135,3.4,2025-04-10 17:15:17
U0255,P0197,1.3,2025-06-16 17:15:17
U0079,P0157,3.0,2025-11-01 17:15:17
U0166,P0105,3.5,2025-05-01 17:15:17
U0165,P0029,2.1,2026-02-04 17:15:17
U0268,P0169,1.7,2026-02-19 17:15:17
U0023,P0034,2.7,2025-12-24 17:15:17
U0448,P0009,3.5,2025-12-12 17:15:17
U0055,P0125,2.7,2025-12-17 17:15:17
U0051,P0009,4.6,2025-06-06 17:15:17
U0329,P0100,1.9,2025-04-23 17:15:17
U0251,P0135,3.6,2025-05-10 17:15:17
U0360,P0152,1.6,2025-11-14 17:15:17
U0026,P0094,4.0,2025-12-02 17:15:17
U0311,P0184,1.7,2026-02-17 17:15:17
U0007,P0054,4.6,2025-04-24 17:15:17
U0252,P0021,2.2,2025-07-29 17:15:17
U0411,P0164,3.6,2026-02-22 17:15:17
U0185,P0143,4.3,2025-08-25 17:15:17
U0421,P0095,2.7,2025-03-28 17:15:17
U0030,P0158,5.0,2025-11-09 17:15:17
U0271,P0011,4.3,2026-02-17 17:15:17
U0428,P0078,1.5,2026-02-14 17:15:17
U0484,P0056,3.9,2025-07-03 17:15:17
U0050,P0026,2.2,2025-11-27 17:15:17
U0273,P0099,2.4,2025-12-18 17:15:17
U0099,P0135,1.7,2025-04-23 17:15:17
U0128,P0146,3.4,2025-05-09 17:15:17
U0486,P0046,3.5,2025-06-13 17:15:17
U0384,P0143,2.4,2025-08-25 17:15:17
U0383,P0028,1.9,2025-05-03 17:15:17
U0296,P0092,4.2,2025-04-14 17:15:17
U0235,P0180,2.2,2025-04-19 17:15:17
U0219,P0027,4.3,2025-12-30 17:15:17
U0406,P0047,4.8,2025-06-17 17:15:17
U0206,P0130,4.5,2025-10-04 17:15:17
U0337,P0041,2.9,2025-06-25 17:15:17
U0308,P0114,2.9,2025-09-26 17:15:17
U0463,P0081,1.0,2025-06-17 17:15:17
U0167,P0096,2.2,2025-08-26 17:15:17
U0392,P0163,4.8,2025-08-17 17:15:17
U0423,P0186,2.5,2025-10-11 17:15:17
U0312,P0062,1.1,2025-06-10 17:15:17
U0280,P0055,3.9,2025-09-14 17:15:17
U0393,P0141,4.2,2025-11-15 17:15:17
U0185,P0116,3.7,2025-08-08 17:15:17
U0492,P0102,2.4,2026-03-25 17:15:17
U0372,P0009,5.0,2025-10-31 17:15:17
U0306,P0005,2.1,2025-07-03 17:15:17
U0070,P0078,2.3,2026-03-22 17:15:17
U0154,P0057,1.6,2025-12-06 17:15:17
U0439,P0081,5.0,2026-03-14 17:15:17
U0396,P0177,3.7,2025-11-04 17:15:17
U0471,P0142,2.3,2025-07-07 17:15:17
U0285,P0147,3.7,2025-06-06 17:15:17
U0080,P0025,5.0,2026-03-06 17:15:17
U0236,P0092,5.0,2026-01-05 17:15:17
U0071,P0068,4.7,2025-09-19 17:15:17
U0456,P0150,2.3,2025-11-18 17:15:17
U0120,P0066,2.8,2025-10-23 17:15:17
U0048,P0147,2.5,2025-09-02 17:15:17
U0292,P0056,5.0,2026-02-14 17:15:17
U0371,P0084,2.8,2025-07-21 17:15:17
U0089,P0125,4.2,2025-04-06 17:15:17
U0360,P0148,1.4,2026-02-05 17:15:17
U0305,P0165,3.4,2025-10-23 17:15:17
U0020,P0188,3.2,2025-06-03 17:15:17
U0196,P0021,3.4,2026-02-25 17:15:17
U0472,P0198,2.0,2025-10-05 17:15:17
U0179,P0112,2.0,2025-08-24 17:15:17
U0477,P0031,3.3,2025-11-29 17:15:17
U0383,P0168,1.4,2025-05-21 17:15:17
U0476,P0003,4.2,2025-05-05 17:15:17
U0399,P0162,5.0,2025-09-11 17:15:17
U0028,P0079,3.5,2025-06-30 17:15:17
U0022,P0082,3.3,2025-06-22 17:15:17
U0290,P0039,2.3,2025-10-09 17:15:17
U0258,P0179,5.0,2025-12-02 17:15:17
U0079,P0013,2.7,2025-04-15 17:15:17
U0375,P0101,3.5,2025-08-09 17:15:17
U0386,P0153,4.5,2025-06-04 17:15:17
U0259,P0024,1.4,2025-12-02 17:15:17
U0222,P0075,4.7,2025-09-05 17:15:17
U0076,P0034,4.4,2025-10-04 17:15:17
U0043,P0122,3.7,2025-06-06 17:15:17
U0382,P0013,1.7,2025-06-18 17:15:17
U0205,P0068,1.6,2026-02-10 17:15:17
U0205,P0129,4.5,2025-08-15 17:15:17
U0397,P0179,5.0,2026-01-18 17:15:17
U0391,P0035,3.4,2025-07-22 17:15:17
U0287,P0051,4.5,2025-07-19 17:15:17
U0203,P0167,1.0,2025-06-06 17:15:17
U0101,P0144,3.4,2025-05-14 17:15:17
U0377,P0135,4.0,2025-11-19 17:15:17
U0125,P0019,1.6,2025-11-09 17:15:17
U0398,P0111,3.1,2025-10-11 17:15:17
U0351,P0148,1.8,2026-02-08 17:15:17
U0058,P0172,4.3,2025-08-26 17:15:17
U0217,P0094,3.8,2025-09-28 17:15:17
U0098,P0083,1.8,2025-09-30 17:15:17
U0305,P0168,1.9,2026-03-13 17:15:17
U0395,P0079,1.9,2025-12-29 17:15:17
U0180,P0158,4.5,2025-08-11 17:15:17
U0320,P0038,1.0,2025-08-12 17:15:17
U0103,P0176,3.5,2025-09-15 17:15:17
U0080,P0194,2.0,2026-02-10 17:15:17
U0058,P0190,5.0,2026-02-26 17:15:17
U0125,P0159,2.1,2026-01-09 17:15:17
U0445,P0074,2.9,2026-03-18 17:15:17
U0176,P0178,2.6,2026-01-28 17:15:17
U0157,P0116,1.9,2025-07-27 17:15:17
U0012,P0085,4.8,2025-12-08 17:15:17
U0379,P0138,2.7,2025-12-07 17:15:17
U0105,P0140,3.0,2025-07-01 17:15:17
U0385,P0067,5.0,2025-06-18 17:15:17
U0248,P0160,1.9,2026-01-12 17:15:17
U0356,P0179,5.0,2025-04-17 17:15:17
U0010,P0097,3.7,2025-05-31 17:15:17
U0464,P0170,4.3,2025-06-29 17:15:17
U0023,P0066,2.5,2025-12-28 17:15:17
U0031,P0073,2.1,2025-12-13 17:15:17
U0405,P0179,3.4,2025-05-13 17:15:17
U0139,P0014,4.3,2025-07-30 17:15:17
U0336,P0003,1.0,2026-02-19 17:15:17
U0199,P0170,4.8,2025-11-07 17:15:17
U0340,P0169,2.1,2025-09-22 17:15:17
U0443,P0028,2.9,2026-03-16 17:15:17
U0150,P0167,2.0,2025-09-09 17:15:17
U0119,P0098,3.8,2025-07-08 17:15:17
U0364,P0026,2.0,2025-10-15 17:15:17
U0249,P0153,2.9,2025-06-26 17:15:17
U0046,P0048,1.8,2025-12-14 17:15:17
U0257,P0118,3.3,2025-06-11 17:15:17
U0475,P0183,4.7,2026-03-14 17:15:17
U0021,P0064,4.3,2025-06-27 17:15:17
U0157,P0086,2.3,2025-07-18 17:15:17
U0202,P0191,4.7,2026-01-04 17:15:17
U0010,P0089,4.1,2025-04-09 17:15:17
U0181,P0091,3.8,2025-05-09 17:15:17
U0155,P0061,3.3,2025-07-12 17:15:17
U0142,P0016,3.2,2025-05-09 17:15:17
U0132,P0100,2.3,2026-03-10 17:15:17
U0484,P0143,3.9,2025-11-02 17:15:17
U0116,P0039,4.1,2025-10-02 17:15:17
U0460,P0101,4.3,2025-04-23 17:15:17
U0071,P0023,2.4,2025-09-11 17:15:17
U0267,P0174,2.7,2025-05-16 17:15:17
U0447,P0161,4.1,2025-04-08 17:15:17
U0117,P0107,3.5,2025-11-22 17:15:17
U0294,P0040,4.9,2025-08-19 17:15:17
U0497,P0080,3.5,2025-05-20 17:15:17
U0169,P0115,1.6,2025-06-21 17:15:17
U0068,P0053,5.0,2025-04-25 17:15:17
U0071,P0149,4.9,2025-06-21 17:15:17
U0351,P0052,5.0,2026-01-14 17:15:17
U0159,P0177,1.9,2025-03-29 17:15:17
U0461,P0135,2.3,2026-01-15 17:15:17
U0221,P0198,2.4,2026-01-10 17:15:17
U0336,P0145,2.1,2026-01-04 17:15:17
U0163,P0018,3.5,2025-06-13 17:15:17
U0273,P0185,2.0,2026-01-24 17:15:17
U0095,P0082,4.6,2026-01-10 17:15:17
U0373,P0008,2.3,2025-10-13 17:15:17
U0451,P0106,4.3,2025-08-27 17:15:17
U0156,P0114,2.9,2025-05-03 17:15:17
U0478,P0190,2.6,2025-11-05 17:15:17
U0078,P0200,1.0,2025-12-19 17:15:17
U0055,P0034,2.3,2025-12-21 17:15:17
U0014,P0196,2.4,2025-05-16 17:15:17
U0316,P0069,3.7,2025-05-19 17:15:17
U0291,P0157,4.8,2025-11-27 17:15:17
U0306,P0060,4.5,2025-11-27 17:15:17
U0352,P0007,4.0,2025-09-23 17:15:17
U0041,P0177,3.1,2025-07-24 17:15:17
U0069,P0129,4.2,2025-05-20 17:15:17
U0241,P0183,3.4,2025-04-27 17:15:17
U0192,P0048,2.3,2025-09-08 17:15:17
U0252,P0122,3.6,2026-01-14 17:15:17
U0084,P0050,1.4,2025-11-30 17:15:17
U0017,P0105,1.7,2026-03-18 17:15:17
U0474,P0070,1.9,2025-08-26 17:15:17
U0114,P0191,2.0,2025-04-16 17:15:17
U0104,P0194,2.9,2025-12-11 17:15:17
U0034,P0046,5.0,2025-08-13 17:15:17
U0444,P0158,2.2,2025-07-18 17:15:17
U0353,P0084,4.4,2025-08-03 17:15:17
U0455,P0064,3.4,2025-08-19 17:15:17
U0208,P0199,2.2,2026-03-04 17:15:17
U0312,P0189,4.3,2025-09-12 17:15:17
U0369,P0081,1.0,2025-09-05 17:15:17
U0314,P0191,2.4,2025-06-06 17:15:17
U0305,P0138,2.6,2025-06-30 17:15:17
U0329,P0181,4.5,2026-03-06 17:15:17
U0267,P0028,4.9,2025-08-06 17:15:17
U0234,P0011,2.6,2025-11-20 17:15:17
U0266,P0138,5.0,2025-09-04 17:15:17
U0377,P0011,1.7,2025-06-13 17:15:17
U0199,P0133,4.5,2025-05-07 17:15:17
U0493,P0013,2.7,2025-12-18 17:15:17
U0150,P0113,2.8,2025-09-03 17:15:17
U0453,P0078,3.8,2025-10-30 17:15:17
U0237,P0043,4.7,2025-08-21 17:15:17
U0151,P0157,2.8,2026-02-26 17:15:17
U0354,P0133,1.0,2026-01-12 17:15:17
U0238,P0166,1.5,2025-08-06 17:15:17
U0047,P0185,3.9,2025-07-12 17:15:17
U0058,P0047,4.1,2025-05-30 17:15:17
U0481,P0179,1.4,2025-06-19 17:15:17
U0070,P0101,4.9,2025-08-26 17:15:17
U0166,P0116,5.0,2026-03-13 17:15:17
U0092,P0117,4.6,2025-05-27 17:15:17
U0460,P0183,4.1,2025-12-12 17:15:17
U0452,P0117,2.3,2026-02-07 17:15:17
U0129,P0083,1.5,2025-04-05 17:15:17
U0333,P0183,2.6,2026-01-01 17:15:17
U0368,P0188,2.8,2026-01-21 17:15:17
U0047,P0030,1.3,2025-03-29 17:15:17
U0231,P0163,2.8,2025-09-21 17:15:17
U0044,P0135,3.8,2025-03-28 17:15:17
U0197,P0187,2.1,2025-07-07 17:15:17
U0314,P0041,1.6,2025-09-13 17:15:17
U0282,P0098,3.6,2026-03-03 17:15:17
U0394,P0044,4.4,2025-10-05 17:15:17
U0290,P0169,3.1,2026-01-08 17:15:17
U0084,P0038,1.2,2025-12-24 17:15:17
U0394,P0183,4.5,2026-02-27 17:15:17
U0215,P0079,1.0,2025-10-18 17:15:17
U0374,P0197,3.6,2025-08-09 17:15:17
U0148,P0161,2.0,2025-12-23 17:15:17
U0061,P0034,2.4,2025-12-12 17:15:17
U0002,P0160,5.0,2025-11-16 17:15:17
U0007,P0118,2.7,2025-07-14 17:15:17
U0438,P0128,2.6,2025-06-20 17:15:17
U0414,P0002,3.4,2025-05-18 17:15:17
U0452,P0127,3.5,2025-11-24 17:15:17
U0112,P0151,1.0,2025-04-22 17:15:17
U0244,P0117,1.2,2025-08-28 17:15:17
U0227,P0021,2.0,2025-05-22 17:15:17
U0308,P0002,4.6,2025-11-20 17:15:17
U0452,P0141,3.7,2025-11-03 17:15:17
U0318,P0161,2.0,2025-06-13 17:15:17
U0420,P0054,3.6,2026-02-28 17:15:17
U0095,P0038,3.7,2026-02-25 17:15:17
U0335,P0090,2.1,2026-03-07 17:15:17
U0075,P0009,2.1,2025-04-18 17:15:17
U0296,P0155,2.7,2025-10-24 17:15:17
U0170,P0023,4.4,2026-02-28 17:15:17
U0056,P0107,3.5,2025-12-24 17:15:17
U0083,P0173,2.5,2025-10-31 17:15:17
U0313,P0170,1.0,2025-04-05 17:15:17
U0359,P0153,3.3,2025-06-05 17:15:17
U0404,P0144,3.0,2025-12-25 17:15:17
U0495,P0117,1.5,2025-06-02 17:15:17
U0185,P0010,4.1,2026-02-06 17:15:17
U0394,P0077,4.4,2025-10-11 17:15:17
U0189,P0098,2.2,2026-02-19 17:15:17
U0389,P0110,2.7,2025-06-17 17:15:17
U0034,P0075,1.5,2025-07-27 17:15:17
U0069,P0032,3.8,2025-04-04 17:15:17
U0441,P0071,3.1,2025-10-08 17:15:17
U0270,P0106,2.7,2025-06-30 17:15:17
U0108,P0179,3.4,2025-12-08 17:15:17
U0314,P0015,4.2,2026-01-29 17:15:17
U0293,P0187,4.7,2025-05-07 17:15:17
U0271,P0023,1.0,2025-07-21 17:15:17
U0371,P0177,5.0,2025-05-20 17:15:17
U0479,P0181,2.2,2025-10-29 17:15:17
U0219,P0156,4.4,2025-10-14 17:15:17
U0133,P0135,3.7,2025-06-04 17:15:17
U0320,P0091,2.6,2026-01-18 17:15:17
U0315,P0145,3.3,2025-07-14 17:15:17
U0267,P0187,3.7,2025-05-06 17:15:17
U0255,P0127,3.2,2025-12-23 17:15:17
U0453,P0157,4.2,2025-11-26 17:15:17
U0363,P0075,1.6,2025-12-16 17:15:17
U0001,P0031,3.4,2026-03-13 17:15:17
U0239,P0161,4.2,2026-01-24 17:15:17
U0378,P0054,2.8,2025-05-14 17:15:17
U0213,P0106,3.6,2026-03-02 17:15:17
U0171,P0090,4.3,2025-06-12 17:15:17
U0413,P0164,2.2,2025-12-07 17:15:17
U0006,P0164,2.4,2025-12-12 17:15:17
U0354,P0073,2.0,2025-11-15 17:15:17
U0405,P0018,2.5,2025-10-19 17:15:17
U0154,P0130,2.8,2025-06-17 17:15:17
U0166,P0197,5.0,2026-03-22 17:15:17
U0059,P0176,4.0,2025-10-06 17:15:17
U0175,P0102,2.7,2025-06-07 17:15:17
U0316,P0008,3.2,2025-12-26 17:15:17
U0100,P0085,1.2,2025-10-03 17:15:17
U0473,P0173,5.0,2025-07-23 17:15:17
U0470,P0122,4.2,2026-03-07 17:15:17
U0331,P0035,5.0,2025-07-22 17:15:17
U0080,P0161,1.8,2025-08-02 17:15:17
U0459,P0086,4.3,2025-08-01 17:15:17
U0402,P0106,4.8,2026-02-25 17:15:17
U0428,P0134,4.6,2025-10-23 17:15:17
U0290,P0186,4.2,2025-04-12 17:15:17
U0162,P0143,3.8,2025-06-24 17:15:17
U0010,P0054,3.7,2025-06-03 17:15:17
U0351,P0085,4.1,2025-09-25 17:15:17
U0034,P0039,1.0,2025-11-02 17:15:17
U0431,P0008,2.9,2025-10-03 17:15:17
U0193,P0161,3.8,2025-06-25 17:15:17
U0432,P0043,4.3,2025-06-06 17:15:17
U0311,P0100,2.4,2025-12-20 17:15:17
U0305,P0030,5.0,2025-10-19 17:15:17
U0362,P0081,2.0,2025-03-27 17:15:17
U0017,P0070,2.6,2025-08-26 17:15:17
U0045,P0128,1.0,2025-11-24 17:15:17
U0191,P0116,4.8,2025-10-22 17:15:17
U0111,P0135,3.9,2025-10-22 17:15:17
U0090,P0029,4.4,2025-09-15 17:15:17
U0402,P0010,1.6,2025-12-12 17:15:17
U0468,P0024,5.0,2025-08-10 17:15:17
U0260,P0007,5.0,2025-07-21 17:15:17
U0464,P0129,4.6,2026-01-06 17:15:17
U0098,P0088,3.9,2025-07-21 17:15:17
U0376,P0135,4.6,2025-10-18 17:15:17
U0398,P0084,3.3,2026-01-11 17:15:17
U0394,P0026,3.4,2025-07-04 17:15:17
U0347,P0034,4.1,2025-12-10 17:15:17
U0371,P0010,3.6,2025-08-02 17:15:17
U0199,P0183,3.3,2025-07-01 17:15:17
U0060,P0002,2.9,2025-10-17 17:15:17
U0478,P0012,1.2,2025-04-08 17:15:17
U0435,P0153,3.1,2026-02-09 17:15:17
U0171,P0120,3.0,2026-03-02 17:15:17
U0053,P0134,1.0,2025-04-22 17:15:17
U0382,P0080,1.3,2026-03-14 17:15:17
U0296,P0195,3.7,2025-10-17 17:15:17
U0328,P0054,2.2,2025-10-12 17:15:17
U0103,P0050,2.8,2025-10-30 17:15:17
U0142,P0137,2.9,2025-10-13 17:15:17
U0396,P0113,4.3,2025-04-16 17:15:17
U0061,P0070,2.3,2026-01-08 17:15:17
U0081,P0071,3.2,2026-01-26 17:15:17
U0008,P0160,3.5,2025-06-12 17:15:17
U0264,P0027,4.2,2025-12-10 17:15:17
U0278,P0090,2.0,2025-06-17 17:15:17
U0164,P0070,1.9,2026-01-12 17:15:17
U0483,P0181,3.0,2025-10-31 17:15:17
U0294,P0063,3.6,2025-12-28 17:15:17
U0037,P0080,3.9,2025-05-16 17:15:17
U0457,P0087,3.2,2025-06-22 17:15:17
U0228,P0013,2.1,2026-01-18 17:15:17
U0015,P0121,3.8,2025-04-14 17:15:17
U0026,P0028,4.1,2025-09-10 17:15:17
U0028,P0023,3.6,2025-08-19 17:15:17
U0201,P0046,2.4,2025-03-30 17:15:17
U0306,P0152,4.0,2025-05-07 17:15:17
U0429,P0177,2.3,2025-04-01 17:15:17
U0229,P0158,5.0,2025-09-24 17:15:17
U0160,P0086,2.5,2025-12-14 17:15:17
U0366,P0195,2.9,2025-04-16 17:15:17
U0415,P0137,3.5,2026-02-13 17:15:17
U0499,P0194,3.0,2025-07-30 17:15:17
U0291,P0034,3.0,2026-02-06 17:15:17
U0417,P0179,2.2,2025-07-29 17:15:17
U0050,P0117,3.3,2025-10-18 17:15:17
U0351,P0165,1.9,2025-03-27 17:15:17
U0393,P0120,3.9,2025-07-28 17:15:17
U0119,P0058,1.9,2026-01-11 17:15:17
U0441,P0158,2.9,2025-11-13 17:15:17
U0468,P0094,3.0,2025-09-06 17:15:17
U0094,P0180,1.8,2025-04-19 17:15:17
U0170,P0084,3.3,2025-08-05 17:15:17
U0250,P0008,3.9,2026-02-20 17:15:17
U0244,P0029,3.1,2025-09-27 17:15:17
U0246,P0119,3.3,2025-12-28 17:15:17
U0145,P0197,2.1,2025-09-28 17:15:17
U0310,P0148,1.1,2026-01-19 17:15:17
U0261,P0027,3.6,2025-08-30 17:15:17
U0419,P0183,1.5,2026-01-30 17:15:17
U0167,P0143,2.4,2025-04-27 17:15:17
U0037,P0078,2.8,2025-06-26 17:15:17
U0237,P0103,2.6,2025-05-27 17:15:17
U0212,P0062,5.0,2025-05-12 17:15:17
U0125,P0141,2.8,2026-01-03 17:15:17
U0499,P0124,1.9,2025-09-10 17:15:17
U0034,P0088,3.0,2025-12-09 17:15:17
U0417,P0178,2.0,2025-05-27 17:15:17
U0221,P0112,3.3,2025-06-08 17:15:17
U0404,P0088,1.3,2025-06-20 17:15:17
U0356,P0061,2.2,2025-12-27 17:15:17
U0340,P0172,3.6,2026-02-14 17:15:17
U0379,P0183,2.7,2025-06-05 17:15:17
U0429,P0125,2.4,2026-01-26 17:15:17
U0304,P0153,2.1,2025-07-31 17:15:17
U0050,P0114,1.6,2025-12-25 17:15:17
U0158,P0104,4.6,2026-02-18 17:15:17
U0307,P0028,1.2,2025-04-09 17:15:17
U0417,P0153,3.3,2025-09-12 17:15:17
U0168,P0127,1.5,2025-04-29 17:15:17
U0339,P0016,1.7,2026-02-07 17:15:17
U0112,P0036,2.5,2025-06-01 17:15:17
U0463,P0194,3.5,2025-05-04 17:15:17
U0415,P0001,5.0,2026-01-09 17:15:17
U0339,P0039,4.5,2025-08-06 17:15:17
U0273,P0075,5.0,2025-09-07 17:15:17
U0316,P0148,4.5,2025-08-09 17:15:17
U0101,P0053,2.9,2025-04-11 17:15:17
U0450,P0082,2.2,2025-10-23 17:15:17
U0292,P0174,3.2,2025-10-21 17:15:17
U0471,P0112,3.8,2025-09-30 17:15:17
U0046,P0150,1.3,2026-03-21 17:15:17
U0314,P0131,4.9,2025-08-31 17:15:17
U0434,P0033,4.9,2025-10-26 17:15:17
U0032,P0095,5.0,2025-06-17 17:15:17
U0496,P0014,2.1,2026-03-25 17:15:17
U0361,P0144,4.7,2025-09-23 17:15:17
U0057,P0073,5.0,2026-03-10 17:15:17
U0121,P0111,3.4,2025-03-31 17:15:17
U0303,P0101,1.0,2025-05-09 17:15:17
U0163,P0183,2.1,2025-09-11 17:15:17
U0208,P0098,3.2,2025-08-15 17:15:17
U0340,P0045,1.0,2025-07-25 17:15:17
U0072,P0049,3.6,2025-06-14 17:15:17
U0197,P0093,4.4,2025-08-24 17:15:17
U0079,P0074,2.7,2025-04-16 17:15:17
U0065,P0035,2.9,2026-03-20 17:15:17
U0037,P0166,2.7,2026-03-17 17:15:17
U0074,P0185,3.8,2025-07-19 17:15:17
U0337,P0112,1.5,2026-01-15 17:15:17
U0044,P0036,1.8,2025-05-01 17:15:17
U0413,P0107,3.2,2025-08-04 17:15:17
U0458,P0179,4.8,2025-05-20 17:15:17
U0477,P0109,4.9,2025-05-10 17:15:17
U0093,P0117,4.5,2025-07-08 17:15:17
U0218,P0142,5.0,2025-08-07 17:15:17
U0197,P0091,1.3,2025-11-30 17:15:17
U0096,P0109,5.0,2025-05-20 17:15:17
U0004,P0148,5.0,2025-07-13 17:15:17
U0434,P0188,4.7,2025-11-24 17:15:17
U0365,P0129,5.0,2025-11-08 17:15:17
U0211,P0140,2.3,2025-06-03 17:15:17
U0188,P0009,3.5,2026-03-06 17:15:17
U0291,P0124,3.3,2025-03-30 17:15:17
U0189,P0029,4.7,2025-06-01 17:15:17
U0247,P0177,2.9,2026-02-13 17:15:17
U0073,P0187,3.3,2025-06-29 17:15:17
U0440,P0193,3.9,2025-11-02 17:15:17
U0239,P0133,4.7,2026-02-13 17:15:17
U0268,P0157,4.3,2026-02-08 17:15:17
U0126,P0121,1.5,2025-05-07 17:15:17
U0380,P0170,3.2,2025-04-17 17:15:17
U0040,P0176,5.0,2025-05-05 17:15:17
U0277,P0149,3.3,2025-10-17 17:15:17
U0314,P0014,4.0,2025-10-01 17:15:17
U0274,P0200,3.6,2026-03-20 17:15:17
U0263,P0121,2.0,2025-06-05 17:15:17
U0376,P0085,1.4,2025-08-22 17:15:17
U0181,P0076,5.0,2025-10-28 17:15:17
U0086,P0010,1.2,2025-04-04 17:15:17
U0473,P0153,4.2,2025-10-21 17:15:17
U0373,P0145,5.0,2025-11-12 17:15:17
U0032,P0162,2.7,2025-07-26 17:15:17
U0297,P0044,2.7,2025-06-05 17:15:17
U0027,P0169,4.9,2025-10-27 17:15:17
U0415,P0189,2.5,2025-05-10 17:15:17
U0014,P0074,5.0,2025-07-20 17:15:17
U0043,P0033,1.0,2025-07-10 17:15:17
U0040,P0072,5.0,2025-11-16 17:15:17
U0068,P0158,3.8,2025-11-02 17:15:17
U0141,P0066,3.3,2026-03-18 17:15:17
U0380,P0029,4.4,2025-05-20 17:15:17
U0090,P0152,3.3,2026-01-07 17:15:17
U0338,P0115,4.2,2025-09-17 17:15:17
U0414,P0045,1.0,2025-11-12 17:15:17
U0121,P0125,3.1,2025-12-23 17:15:17
U0410,P0136,4.3,2026-03-09 17:15:17
U0176,P0022,3.1,2026-01-10 17:15:17
U0305,P0040,5.0,2025-07-15 17:15:17
U0386,P0106,4.4,2025-09-10 17:15:17
U0122,P0170,2.6,2025-08-12 17:15:17
U0372,P0164,3.1,2025-12-30 17:15:17
U0108,P0148,1.8,2025-09-30 17:15:17
U0028,P0165,3.7,2025-11-10 17:15:17
U0387,P0030,3.9,2026-02-27 17:15:17
U0086,P0119,3.8,2025-09-02 17:15:17
U0244,P0078,4.0,2025-07-25 17:15:17
U0383,P0193,3.1,2025-06-26 17:15:17
U0120,P0098,3.7,2025-04-10 17:15:17
U0362,P0100,4.7,2025-07-26 17:15:17
U0135,P0038,5.0,2025-06-27 17:15:17
U0446,P0112,3.1,2026-03-19 17:15:17
U0148,P0115,2.1,2025-09-11 17:15:17
U0348,P0081,4.2,2025-06-27 17:15:17
U0350,P0011,4.6,2026-02-04 17:15:17
U0470,P0137,3.8,2025-05-03 17:15:17
U0182,P0111,3.1,2025-05-17 17:15:17
U0471,P0167,4.9,2025-11-06 17:15:17
U0172,P0070,4.7,2025-11-09 17:15:17
U0411,P0026,1.6,2025-11-15 17:15:17
U0336,P0150,5.0,2025-09-06 17:15:17
U0237,P0198,5.0,2025-04-14 17:15:17
U0384,P0062,4.1,2025-04-15 17:15:17
U0302,P0198,4.1,2025-12-16 17:15:17
U0267,P0087,3.1,2025-04-13 17:15:17
U0354,P0047,1.6,2025-10-16 17:15:17
U0281,P0003,2.5,2025-04-15 17:15:17
U0005,P0018,1.8,2026-03-19 17:15:17
U0211,P0026,4.9,2025-06-30 17:15:17
U0054,P0176,2.4,2025-08-09 17:15:17
U0180,P0057,4.0,2025-10-31 17:15:17
U0129,P0050,2.2,2026-03-08 17:15:17
U0013,P0159,2.3,2026-02-06 17:15:17
U0030,P0153,3.4,2025-04-23 17:15:17
U0458,P0056,3.7,2025-05-23 17:15:17
U0327,P0032,5.0,2025-03-28 17:15:17
U0491,P0031,1.0,2026-02-09 17:15:17
U0439,P0155,5.0,2026-01-18 17:15:17
U0193,P0169,4.3,2025-04-28 17:15:17
U0290,P0048,1.3,2026-01-28 17:15:17
U0357,P0048,1.4,2025-11-16 17:15:17
U0151,P0120,5.0,2025-04-21 17:15:17
U0480,P0020,3.1,2025-05-02 17:15:17
U0233,P0071,1.3,2025-08-19 17:15:17
U0395,P0198,5.0,2025-10-11 17:15:17
U0132,P0042,2.8,2026-02-16 17:15:17
U0142,P0199,3.1,2026-02-22 17:15:17
U0196,P0100,4.2,2025-10-06 17:15:17
U0031,P0067,3.0,2025-11-10 17:15:17
U0092,P0113,5.0,2026-02-18 17:15:17
U0252,P0052,5.0,2025-05-17 17:15:17
U0202,P0046,3.0,2025-04-29 17:15:17
U0252,P0028,4.4,2026-01-11 17:15:17
U0277,P0197,4.3,2025-08-17 17:15:17
U0112,P0158,2.5,2025-04-30 17:15:17
U0055,P0114,2.8,2025-11-13 17:15:17
U0053,P0009,2.9,2026-02-16 17:15:17
U0037,P0147,5.0,2025-11-17 17:15:17
U0398,P0115,3.0,2026-03-16 17:15:17
U0460,P0128,3.6,2026-01-08 17:15:17
U0335,P0164,4.4,2026-03-25 17:15:17
U0478,P0010,3.9,2025-04-19 17:15:17
U0200,P0069,3.0,2026-01-07 17:15:17
U0359,P0085,3.6,2025-09-06 17:15:17
U0295,P0001,4.8,2025-07-05 17:15:17
U0363,P0198,4.2,2025-07-17 17:15:17
U0245,P0112,1.6,2025-08-31 17:15:17
U0433,P0187,1.0,2026-02-18 17:15:17
U0277,P0058,4.3,2026-03-24 17:15:17
U0197,P0177,3.6,2025-07-22 17:15:17
U0063,P0146,4.5,2025-06-24 17:15:17
U0479,P0092,2.5,2025-10-06 17:15:17
U0350,P0078,1.9,2025-09-01 17:15:17
U0029,P0162,2.9,2025-04-28 17:15:17
U0047,P0094,3.3,2025-06-25 17:15:17
U0437,P0088,3.4,2026-02-12 17:15:17
U0431,P0118,2.5,2025-10-28 17:15:17
U0332,P0052,5.0,2025-12-25 17:15:17
U0284,P0011,4.6,2025-09-10 17:15:17
U0339,P0049,3.9,2025-10-23 17:15:17
U0357,P0100,2.7,2026-01-30 17:15:17
U0323,P0177,1.1,2025-09-23 17:15:17
U0250,P0022,3.9,2025-05-06 17:15:17
U0225,P0189,4.5,2025-12-18 17:15:17
U0072,P0010,5.0,2025-12-17 17:15:17
U0013,P0185,4.7,2025-05-26 17:15:17
U0123,P0126,2.3,2025-09-07 17:15:17
U0033,P0139,1.5,2025-04-30 17:15:17
U0158,P0128,3.7,2025-06-25 17:15:17
U0495,P0005,3.0,2026-03-07 17:15:17
U0174,P0015,4.1,2025-10-04 17:15:17
U0404,P0185,2.2,2026-03-04 17:15:17
U0208,P0031,4.1,2025-12-07 17:15:17
U0414,P0168,4.7,2025-04-18 17:15:17
U0268,P0118,3.9,2025-04-12 17:15:17
U0446,P0138,3.5,2026-01-08 17:15:17
U0380,P0149,3.7,2025-11-26 17:15:17
U0474,P0019,2.9,2026-03-07 17:15:17
U0377,P0037,4.1,2025-07-18 17:15:17
U0335,P0005,1.9,2025-07-27 17:15:17
U0465,P0159,2.3,2026-03-02 17:15:17
U0125,P0180,2.6,2025-04-27 17:15:17
U0067,P0004,1.0,2025-12-27 17:15:17
U0324,P0013,3.0,2025-10-19 17:15:17
U0421,P0025,3.0,2025-08-04 17:15:17
U0313,P0044,2.8,2025-05-27 17:15:17
U0033,P0028,2.3,2026-01-26 17:15:17
U0255,P0153,1.0,2025-05-14 17:15:17
U0113,P0017,1.1,2025-12-12 17:15:17
U0219,P0087,1.8,2025-04-12 17:15:17
U0206,P0084,4.5,2026-01-23 17:15:17
U0500,P0176,2.0,2025-06-04 17:15:17
U0280,P0036,2.7,2025-10-12 17:15:17
U0429,P0055,4.4,2026-03-02 17:15:17
U0304,P0045,4.1,2025-10-05 17:15:17
U0033,P0031,3.9,2025-11-05 17:15:17
U0073,P0194,1.3,2025-08-25 17:15:17
U0087,P0179,5.0,2025-09-17 17:15:17
U0284,P0043,5.0,2025-08-13 17:15:17
U0125,P0149,2.3,2026-03-05 17:15:17
U0069,P0026,1.5,2025-05-06 17:15:17
U0314,P0097,2.2,2026-01-04 17:15:17
U0009,P0125,1.5,2026-02-12 17:15:17
U0004,P0002,4.5,2025-12-24 17:15:17
U0475,P0023,3.3,2025-03-29 17:15:17
U0334,P0152,4.7,2025-10-31 17:15:17
U0214,P0178,3.7,2025-07-25 17:15:17
U0355,P0033,4.2,2025-12-10 17:15:17
U0074,P0164,3.5,2025-11-07 17:15:17
U0268,P0116,3.6,2025-08-27 17:15:17
U0123,P0045,3.4,2025-05-17 17:15:17
U0355,P0010,3.2,2025-05-24 17:15:17
U0093,P0184,4.1,2025-07-13 17:15:17
U0314,P0023,3.4,2025-05-08 17:15:17
U0424,P0078,2.6,2025-09-28 17:15:17
U0215,P0002,1.0,2025-06-13 17:15:17
U0121,P0050,3.2,2026-01-24 17:15:17
U0272,P0025,2.4,2025-05-13 17:15:17
U0186,P0195,3.9,2025-06-22 17:15:17
U0260,P0057,4.5,2025-07-31 17:15:17
U0395,P0161,2.6,2025-04-22 17:15:17
U0107,P0071,4.5,2026-02-26 17:15:17
U0100,P0029,4.0,2026-01-08 17:15:17
U0351,P0122,4.8,2025-07-14 17:15:17
U0091,P0041,3.6,2025-04-16 17:15:17
U0473,P0012,3.0,2026-02-26 17:15:17
U0331,P0094,3.1,2025-10-31 17:15:17
U0108,P0112,2.7,2025-11-17 17:15:17
U0172,P0158,2.4,2025-08-05 17:15:17
U0023,P0027,4.4,2026-02-27 17:15:17
U0474,P0138,1.0,2025-12-25 17:15:17
U0081,P0008,3.2,2025-07-20 17:15:17
U0264,P0030,2.6,2026-02-17 17:15:17
U0459,P0061,2.3,2025-08-10 17:15:17
U0304,P0149,4.5,2025-10-10 17:15:17
U0215,P0051,1.8,2025-04-13 17:15:17
U0460,P0084,3.6,2025-11-28 17:15:17
U0399,P0029,5.0,2025-10-10 17:15:17
U0117,P0026,1.7,2025-11-24 17:15:17
U0378,P0106,1.9,2025-12-13 17:15:17
U0193,P0057,2.4,2026-02-16 17:15:17
U0242,P0150,3.3,2025-07-20 17:15:17
U0028,P0112,4.2,2026-01-10 17:15:17
U0111,P0157,1.2,2025-08-05 17:15:17
U0092,P0100,3.5,2025-09-15 17:15:17
U0070,P0118,3.4,2025-12-16 17:15:17
U0324,P0092,2.4,2025-11-07 17:15:17
U0104,P0086,4.4,2026-01-19 17:15:17
U0017,P0178,4.4,2025-06-07 17:15:17
U0031,P0072,1.0,2026-01-15 17:15:17
U0057,P0120,5.0,2025-08-03 17:15:17
U0215,P0044,2.8,2025-10-01 17:15:17
U0113,P0076,5.0,2025-05-20 17:15:17
U0081,P0164,2.9,2025-05-16 17:15:17
U0464,P0044,3.6,2025-06-03 17:15:17
U0497,P0142,3.0,2025-11-28 17:15:17
U0045,P0106,3.8,2025-07-01 17:15:17
U0251,P0056,4.5,2025-05-27 17:15:17
U0243,P0119,2.4,2025-11-03 17:15:17
U0008,P0187,4.8,2025-08-18 17:15:17
U0377,P0064,3.4,2025-11-19 17:15:17
U0168,P0112,3.1,2025-06-02 17:15:17
U0114,P0152,1.2,2026-01-08 17:15:17
U0468,P0147,2.7,2026-03-23 17:15:17
U0214,P0012,2.8,2026-03-05 17:15:17
U0241,P0188,2.6,2025-07-10 17:15:17
U0018,P0109,3.4,2025-06-27 17:15:17
U0202,P0123,4.1,2025-04-03 17:15:17
U0421,P0026,5.0,2025-08-06 17:15:17
U0254,P0062,3.2,2026-02-11 17:15:17
U0286,P0193,2.9,2026-03-19 17:15:17
U0355,P0188,3.9,2025-08-29 17:15:17
U0487,P0056,1.7,2026-01-17 17:15:17
U0184,P0076,2.1,2025-11-23 17:15:17
U0332,P0024,3.6,2026-03-17 17:15:17
U0246,P0172,3.5,2025-10-20 17:15:17
U0083,P0181,1.2,2025-08-02 17:15:17
U0440,P0147,2.4,2025-05-31 17:15:17
U0013,P0117,3.4,2025-07-31 17:15:17
U0396,P0036,1.0,2025-03-30 17:15:17
U0208,P0048,4.6,2025-09-17 17:15:17
U0321,P0119,3.6,2025-03-30 17:15:17
U0325,P0001,2.1,2025-05-08 17:15:17
U0037,P0099,4.0,2025-04-06 17:15:17
U0171,P0136,2.8,2026-03-09 17:15:17
U0152,P0110,5.0,2025-11-07 17:15:17
U0358,P0157,4.4,2025-06-21 17:15:17
U0295,P0054,2.7,2025-04-09 17:15:17
U0042,P0159,5.0,2025-10-05 17:15:17
U0377,P0015,4.2,2025-07-05 17:15:17
U0485,P0173,2.7,2025-09-20 17:15:17
U0455,P0014,3.6,2026-01-28 17:15:17
U0197,P0094,4.1,2025-07-30 17:15:17
U0317,P0011,2.0,2025-09-19 17:15:17
U0188,P0045,3.8,2025-04-28 17:15:17
U0287,P0181,2.4,2026-02-19 17:15:17
U0288,P0182,3.9,2025-12-11 17:15:17
U0071,P0086,2.6,2025-11-23 17:15:17
U0277,P0030,2.9,2025-04-27 17:15:17
U0245,P0189,1.8,2025-06-01 17:15:17
U0447,P0180,1.2,2025-12-08 17:15:17
U0386,P0191,3.5,2025-11-30 17:15:17
U0165,P0091,1.9,2025-11-09 17:15:17
U0258,P0175,5.0,2025-08-21 17:15:17
U0142,P0014,3.9,2026-02-21 17:15:17
U0191,P0089,2.2,2025-08-06 17:15:17
U0249,P0129,1.4,2025-06-29 17:15:17
U0425,P0032,3.6,2025-07-28 17:15:17
U0364,P0137,2.4,2025-04-12 17:15:17
U0423,P0137,3.0,2025-10-27 17:15:17
U0232,P0159,3.5,2025-09-18 17:15:17
U0410,P0173,4.0,2025-04-05 17:15:17
U0415,P0017,3.2,2025-12-19 17:15:17
U0457,P0118,1.6,2026-02-09 17:15:17
U0042,P0101,1.0,2025-12-24 17:15:17
U0148,P0020,2.2,2026-01-29 17:15:17
U0085,P0071,3.8,2026-01-27 17:15:17
U0357,P0038,3.0,2025-07-14 17:15:17
U0078,P0053,2.0,2025-07-02 17:15:17
U0488,P0161,4.5,2026-03-14 17:15:17
U0151,P0107,5.0,2025-04-10 17:15:17
U0278,P0034,4.8,2025-07-26 17:15:17
U0178,P0108,2.5,2025-08-10 17:15:17
U0378,P0166,2.3,2026-03-15 17:15:17
U0150,P0049,3.6,2026-02-21 17:15:17
U0012,P0060,3.7,2025-07-02 17:15:17
U0331,P0086,3.4,2025-08-27 17:15:17
U0297,P0088,4.0,2025-04-24 17:15:17
U0331,P0084,4.1,2025-07-20 17:15:17
U0304,P0171,2.0,2025-04-03 17:15:17
U0272,P0141,1.1,2025-08-10 17:15:17
U0235,P0078,4.3,2025-06-08 17:15:17
U0068,P0079,2.4,2025-12-28 17:15:17
U0405,P0067,4.5,2025-11-29 17:15:17
U0248,P0096,3.5,2025-10-29 17:15:17
U0395,P0013,3.7,2026-01-09 17:15:17
U0181,P0073,3.1,2025-08-04 17:15:17
U0490,P0043,4.2,2025-05-13 17:15:17
U0474,P0042,1.0,2025-03-26 17:15:17
U0275,P0074,2.9,2025-12-22 17:15:17
U0499,P0045,4.5,2025-03-28 17:15:17
U0407,P0040,3.2,2026-01-02 17:15:17
U0122,P0030,4.4,2026-03-04 17:15:17
U0163,P0148,3.8,2026-01-20 17:15:17
U0226,P0067,1.8,2025-09-17 17:15:17
U0095,P0053,3.0,2025-06-11 17:15:17
U0363,P0009,1.0,2025-04-19 17:15:17
U0163,P0089,3.0,2026-01-09 17:15:17
U0191,P0115,4.1,2025-06-22 17:15:17
U0500,P0042,1.9,2025-06-25 17:15:17
U0155,P0032,1.3,2026-03-13 17:15:17
U0208,P0128,2.3,2026-01-10 17:15:17
U0486,P0118,4.6,2025-10-13 17:15:17
U0080,P0002,2.2,2025-06-19 17:15:17
U0500,P0130,1.4,2025-10-07 17:15:17
U0332,P0181,4.0,2025-10-25 17:15:17
U0243,P0075,5.0,2025-06-05 17:15:17
U0342,P0038,3.9,2025-06-09 17:15:17
U0374,P0114,1.3,2025-10-03 17:15:17
U0353,P0029,5.0,2025-07-23 17:15:17
U0461,P0011,5.0,2026-01-13 17:15:17
U0348,P0142,3.2,2026-01-25 17:15:17
U0158,P0007,1.7,2025-09-01 17:15:17
U0317,P0057,2.5,2025-08-09 17:15:17
U0183,P0024,2.3,2025-10-09 17:15:17
U0029,P0156,4.3,2025-05-01 17:15:17
U0100,P0150,5.0,2025-06-29 17:15:17
U0114,P0197,3.4,2025-11-03 17:15:17
U0101,P0006,1.4,2026-02-11 17:15:17
U0276,P0115,5.0,2025-04-13 17:15:17
U0500,P0132,2.8,2025-09-05 17:15:17
U0100,P0126,3.2,2025-10-14 17:15:17
U0309,P0155,5.0,2025-07-07 17:15:17
U0484,P0015,2.9,2025-04-18 17:15:17
U0185,P0102,2.5,2026-01-09 17:15:17
U0367,P0110,2.0,2025-09-17 17:15:17
U0198,P0096,1.0,2026-03-19 17:15:17
U0146,P0089,4.3,2025-09-27 17:15:17
U0158,P0115,5.0,2025-06-11 17:15:17
U0045,P0056,1.0,2025-08-10 17:15:17
U0380,P0107,4.0,2025-08-11 17:15:17
U0148,P0042,3.1,2025-08-20 17:15:17
U0072,P0151,4.1,2025-05-23 17:15:17
U0045,P0037,3.9,2025-12-09 17:15:17
U0156,P0122,1.2,2025-06-30 17:15:17
U0172,P0017,2.7,2025-05-27 17:15:17
U0388,P0097,1.7,2026-02-08 17:15:17
U0004,P0105,1.0,2025-05-02 17:15:17
U0469,P0070,3.7,2025-08-25 17:15:17
U0090,P0143,3.5,2025-08-01 17:15:17
U0364,P0146,4.1,2026-01-14 17:15:17
U0103,P0048,4.2,2025-09-11 17:15:17
U0149,P0142,3.6,2025-07-17 17:15:17
U0022,P0078,2.7,2025-05-30 17:15:17
U0156,P0127,3.4,2025-06-12 17:15:17
U0379,P0119,3.7,2025-12-01 17:15:17
U0014,P0001,3.8,2026-01-06 17:15:17
U0135,P0077,2.8,2025-05-02 17:15:17
U0428,P0163,4.2,2025-07-27 17:15:17
U0064,P0168,1.2,2025-04-19 17:15:17
U0458,P0074,4.3,2025-08-24 17:15:17
U0092,P0126,3.2,2025-04-07 17:15:17
U0331,P0063,1.9,2026-03-11 17:15:17
U0062,P0196,3.2,2025-11-04 17:15:17
U0253,P0018,1.4,2025-05-23 17:15:17
U0382,P0093,5.0,2025-06-01 17:15:17
U0247,P0145,3.8,2025-08-14 17:15:17
U0445,P0067,5.0,2025-05-08 17:15:17
U0352,P0122,2.8,2025-04-04 17:15:17
U0419,P0031,2.6,2025-09-15 17:15:17
U0263,P0188,1.2,2025-06-04 17:15:17
U0009,P0067,3.3,2026-01-01 17:15:17
U0298,P0015,3.1,2026-01-10 17:15:17
U0164,P0119,5.0,2025-04-05 17:15:17
U0070,P0092,2.1,2026-01-01 17:15:17
U0028,P0070,5.0,2025-09-22 17:15:17
U0215,P0163,3.1,2025-09-24 17:15:17
U0025,P0075,5.0,2025-10-27 17:15:17
U0272,P0164,1.0,2026-02-14 17:15:17
U0264,P0050,5.0,2025-05-08 17:15:17
U0094,P0196,5.0,2026-02-05 17:15:17
U0307,P0193,3.0,2025-12-30 17:15:17
U0279,P0083,5.0,2025-10-15 17:15:17
U0424,P0176,4.3,2025-10-22 17:15:17
U0139,P0176,2.3,2025-04-02 17:15:17
U0353,P0093,1.7,2026-02-04 17:15:17
U0274,P0149,3.3,2025-09-26 17:15:17
U0422,P0037,4.5,2026-03-19 17:15:17
U0071,P0133,2.5,2025-11-01 17:15:17
U0191,P0200,4.8,2025-07-20 17:15:17
U0211,P0088,1.7,2026-01-01 17:15:17
U0053,P0056,1.7,2026-01-05 17:15:17
U0258,P0057,3.6,2025-12-19 17:15:17
U0408,P0144,2.7,2025-05-15 17:15:17
U0354,P0135,3.6,2025-06-26 17:15:17
U0365,P0142,4.0,2025-03-31 17:15:17
U0388,P0030,4.1,2025-08-24 17:15:17
U0236,P0020,3.8,2026-01-25 17:15:17
U0420,P0034,2.9,2026-03-17 17:15:17
U0246,P0090,4.7,2025-10-17 17:15:17
U0354,P0093,3.2,2026-01-13 17:15:17
U0419,P0114,3.0,2025-05-24 17:15:17
U0268,P0196,3.7,2025-10-01 17:15:17
U0089,P0182,3.7,2025-10-21 17:15:17
U0015,P0191,4.9,2026-01-24 17:15:17
U0114,P0033,1.1,2025-04-04 17:15:17
U0073,P0177,2.9,2025-11-29 17:15:17
U0158,P0033,1.0,2025-12-08 17:15:17
U0067,P0021,2.5,2025-08-20 17:15:17
U0354,P0196,5.0,2026-01-27 17:15:17
U0040,P0005,3.1,2025-07-21 17:15:17
U0388,P0111,3.2,2026-03-04 17:15:17
U0101,P0028,3.3,2026-03-09 17:15:17
U0407,P0169,2.5,2025-07-06 17:15:17
U0304,P0016,1.9,2025-07-28 17:15:17
U0061,P0065,4.6,2026-03-03 17:15:17
U0034,P0078,3.4,2025-04-18 17:15:17
U0006,P0194,3.8,2026-02-04 17:15:17
U0401,P0032,3.2,2025-05-21 17:15:17
U0106,P0151,2.9,2025-12-13 17:15:17
U0095,P0172,2.8,2025-09-27 17:15:17
U0015,P0024,3.7,2026-01-10 17:15:17
U0434,P0192,4.4,2025-11-03 17:15:17
U0486,P0149,2.4,2025-09-28 17:15:17
U0181,P0042,3.0,2025-07-12 17:15:17
U0400,P0187,3.5,2025-05-16 17:15:17
U0124,P0130,3.8,2025-06-07 17:15:17
U0035,P0026,3.0,2025-06-02 17:15:17
U0391,P0004,4.0,2025-06-28 17:15:17
U0112,P0184,3.2,2025-12-17 17:15:17
U0494,P0073,2.9,2025-12-28 17:15:17
U0462,P0194,2.8,2025-06-23 17:15:17
U0003,P0186,4.2,2026-02-03 17:15:17
U0474,P0055,4.8,2025-07-10 17:15:17
U0436,P0182,3.6,2025-07-25 17:15:17
U0188,P0179,4.4,2025-05-28 17:15:17
U0095,P0113,3.1,2025-04-15 17:15:17
U0491,P0028,2.9,2025-12-23 17:15:17
U0428,P0091,1.7,2025-09-12 17:15:17
U0218,P0055,2.6,2025-07-05 17:15:17
U0117,P0105,2.9,2026-01-27 17:15:17
U0390,P0081,4.0,2026-01-21 17:15:17
U0239,P0029,1.9,2025-07-02 17:15:17
U0070,P0127,2.7,2025-09-22 17:15:17
U0361,P0074,4.7,2025-06-13 17:15:17
U0370,P0011,2.1,2026-02-11 17:15:17
U0060,P0099,1.8,2025-10-31 17:15:17
U0234,P0154,4.4,2025-10-17 17:15:17
U0352,P0114,4.3,2025-11-30 17:15:17
U0284,P0105,5.0,2025-10-28 17:15:17
U0438,P0110,1.2,2025-12-19 17:15:17
U0439,P0018,3.2,2025-07-25 17:15:17
U0481,P0174,3.1,2025-09-18 17:15:17
U0092,P0004,3.9,2025-04-14 17:15:17
U0252,P0173,4.3,2026-01-31 17:15:17
U0203,P0113,5.0,2025-07-01 17:15:17
U0338,P0174,3.4,2026-02-10 17:15:17
U0062,P0037,2.9,2025-09-04 17:15:17
U0206,P0178,4.8,2025-05-27 17:15:17
U0053,P0190,2.4,2025-12-29 17:15:17
U0034,P0094,2.6,2025-12-14 17:15:17
U0174,P0052,4.1,2025-05-25 17:15:17
U0433,P0104,3.8,2026-01-22 17:15:17
U0120,P0109,3.7,2025-07-13 17:15:17
U0143,P0196,2.4,2025-06-01 17:15:17
U0304,P0070,1.4,2025-04-30 17:15:17
U0483,P0103,3.6,2025-09-24 17:15:17
U0244,P0171,2.7,2025-05-21 17:15:17
U0487,P0104,5.0,2025-07-20 17:15:17
U0262,P0072,4.6,2026-01-09 17:15:17
U0394,P0117,3.1,2026-01-29 17:15:17
U0251,P0128,5.0,2025-11-27 17:15:17
U0322,P0035,4.3,2026-03-10 17:15:17
U0051,P0189,3.8,2026-02-26 17:15:17
U0426,P0018,3.8,2025-07-13 17:15:17
U0348,P0007,4.5,2025-12-24 17:15:17
U0196,P0155,3.3,2025-04-12 17:15:17
U0168,P0040,3.7,2025-10-21 17:15:17
U0319,P0160,5.0,2026-02-04 17:15:17
U0390,P0020,4.9,2025-04-21 17:15:17
U0385,P0134,2.2,2025-07-16 17:15:17
U0406,P0120,1.9,2025-12-12 17:15:17
U0151,P0170,4.3,2025-07-14 17:15:17
U0252,P0130,3.4,2025-11-12 17:15:17
U0278,P0088,2.3,2025-06-22 17:15:17
U0280,P0005,5.0,2026-03-09 17:15:17
U0221,P0031,5.0,2025-09-10 17:15:17
U0231,P0081,1.6,2025-09-14 17:15:17
U0227,P0118,1.7,2026-03-07 17:15:17
U0017,P0046,2.4,2025-06-13 17:15:17
U0338,P0200,4.3,2025-10-21 17:15:17
U0453,P0181,2.0,2025-12-31 17:15:17
U0252,P0111,5.0,2026-01-16 17:15:17
U0160,P0184,2.9,2025-09-07 17:15:17
U0250,P0196,4.0,2026-01-28 17:15:17
U0292,P0173,1.1,2025-07-17 17:15:17
U0338,P0142,2.7,2025-04-09 17:15:17
U0277,P0147,2.8,2025-07-28 17:15:17
U0244,P0144,1.9,2026-01-04 17:15:17
U0260,P0015,5.0,2025-09-06 17:15:17
U0135,P0127,2.3,2025-05-27 17:15:17
U0498,P0097,5.0,2025-05-14 17:15:17
U0347,P0091,5.0,2025-10-31 17:15:17
U0165,P0016,3.8,2026-03-11 17:15:17
U0303,P0012,3.9,2026-01-19 17:15:17
U0429,P0094,5.0,2025-09-28 17:15:17
U0415,P0190,5.0,2025-05-31 17:15:17
U0457,P0161,1.0,2025-10-02 17:15:17
U0195,P0025,2.2,2025-08-18 17:15:17
U0177,P0092,1.9,2025-08-27 17:15:17
U0180,P0015,3.1,2025-04-21 17:15:17
U0126,P0064,3.0,2025-11-25 17:15:17
U0332,P0080,5.0,2025-05-26 17:15:17
U0044,P0177,1.3,2026-02-20 17:15:17
U0445,P0079,1.7,2026-01-26 17:15:17
U0173,P0044,4.9,2026-03-15 17:15:17
U0276,P0084,3.2,2026-03-06 17:15:17
U0236,P0169,2.0,2025-08-21 17:15:17
U0291,P0132,2.6,2025-08-22 17:15:17
U0137,P0006,4.8,2025-04-03 17:15:17
U0241,P0151,3.9,2026-03-14 17:15:17
U0163,P0097,3.5,2025-06-06 17:15:17
U0200,P0083,2.3,2025-06-05 17:15:17
U0051,P0126,2.1,2026-02-02 17:15:17
U0354,P0173,2.7,2025-12-10 17:15:17
U0173,P0128,3.3,2025-07-11 17:15:17
U0416,P0196,3.0,2025-04-18 17:15:17
U0174,P0043,2.8,2025-05-15 17:15:17
U0154,P0094,2.7,2025-08-14 17:15:17
U0104,P0128,3.0,2025-05-04 17:15:17
U0434,P0020,2.3,2025-06-24 17:15:17
U0110,P0074,1.0,2025-11-10 17:15:17
U0025,P0077,2.7,2025-06-05 17:15:17
U0206,P0058,3.9,2025-05-10 17:15:17
U0381,P0024,1.0,2025-06-02 17:15:17
U0049,P0152,1.9,2025-10-04 17:15:17
U0140,P0018,2.8,2025-06-08 17:15:17
U0411,P0136,5.0,2025-07-25 17:15:17
U0219,P0054,2.1,2025-09-29 17:15:17
U0408,P0020,3.3,2025-04-26 17:15:17
U0422,P0078,2.0,2025-07-10 17:15:17
U0412,P0077,2.6,2025-08-16 17:15:17
U0340,P0139,4.5,2025-10-16 17:15:17
U0103,P0107,4.3,2025-09-01 17:15:17
U0129,P0160,2.5,2025-07-05 17:15:17
U0233,P0172,2.8,2025-06-18 17:15:17
U0093,P0005,4.0,2025-05-08 17:15:17
U0361,P0133,3.2,2025-12-20 17:15:17
U0296,P0128,4.8,2025-12-06 17:15:17
U0339,P0191,4.2,2025-07-29 17:15:17
U0138,P0164,4.0,2025-06-26 17:15:17
U0415,P0158,3.0,2025-08-15 17:15:17
U0479,P0145,5.0,2025-05-09 17:15:17
U0031,P0134,3.2,2025-12-13 17:15:17
U0187,P0119,3.4,2026-01-09 17:15:17
U0124,P0039,5.0,2025-04-09 17:15:17
U0392,P0077,2.0,2025-08-15 17:15:17
U0211,P0082,3.2,2026-02-21 17:15:17
U0325,P0053,1.7,2025-08-26 17:15:17
U0137,P0074,2.2,2025-04-29 17:15:17
U0083,P0066,3.0,2025-04-08 17:15:17
U0308,P0061,2.2,2025-08-30 17:15:17
U0123,P0030,1.3,2026-01-08 17:15:17
U0099,P0008,1.0,2025-11-20 17:15:17
U0409,P0080,2.4,2025-07-31 17:15:17
U0249,P0144,3.8,2025-08-14 17:15:17
U0217,P0166,2.2,2026-03-07 17:15:17
U0104,P0041,3.0,2025-11-06 17:15:17
U0070,P0008,2.8,2025-11-13 17:15:17
U0405,P0072,4.5,2025-04-22 17:15:17
U0282,P0046,1.9,2025-04-30 17:15:17
U0437,P0011,4.3,2025-07-20 17:15:17
U0401,P0006,1.6,2026-02-25 17:15:17
U0441,P0022,2.7,2025-10-16 17:15:17
U0309,P0077,5.0,2026-02-21 17:15:17
U0462,P0105,4.6,2025-09-20 17:15:17
U0344,P0169,2.1,2026-02-07 17:15:17
U0204,P0186,2.8,2026-01-13 17:15:17
U0121,P0029,2.3,2025-06-06 17:15:17
U0377,P0129,4.0,2026-01-23 17:15:17
U0268,P0171,2.2,2025-06-01 17:15:17
U0487,P0199,3.8,2025-06-30 17:15:17
U0129,P0128,4.2,2026-02-07 17:15:17
U0122,P0154,3.0,2026-01-22 17:15:17
U0396,P0081,3.0,2025-10-08 17:15:17
U0427,P0150,1.1,2025-09-07 17:15:17
U0413,P0192,1.0,2025-11-25 17:15:17
U0479,P0109,2.8,2025-12-04 17:15:17
U0074,P0028,2.7,2025-12-26 17:15:17
U0110,P0071,1.6,2025-08-12 17:15:17
U0442,P0151,3.0,2026-02-25 17:15:17
U0252,P0137,4.0,2025-09-15 17:15:17
U0359,P0029,1.0,2025-10-14 17:15:17
U0280,P0109,4.7,2025-07-25 17:15:17
U0350,P0064,4.8,2025-11-03 17:15:17
U0451,P0038,1.5,2025-09-21 17:15:17
U0244,P0184,4.4,2025-09-18 17:15:17
U0421,P0079,1.6,2026-03-15 17:15:17
U0331,P0156,4.1,2026-03-08 17:15:17
U0431,P0190,1.2,2025-04-20 17:15:17
U0410,P0014,1.0,2025-04-06 17:15:17
U0470,P0172,3.6,2025-11-23 17:15:17
U0130,P0142,2.4,2025-09-10 17:15:17
U0159,P0164,3.6,2025-04-01 17:15:17
U0186,P0176,2.8,2026-01-22 17:15:17
U0274,P0061,3.6,2025-08-11 17:15:17
U0199,P0003,4.3,2025-09-05 17:15:17
U0475,P0066,2.5,2025-10-22 17:15:17
U0047,P0194,4.2,2025-11-25 17:15:17
U0153,P0054,3.3,2026-01-02 17:15:17
U0469,P0113,5.0,2025-05-06 17:15:17
U0163,P0197,2.8,2025-04-30 17:15:17
U0209,P0009,4.5,2025-11-05 17:15:17
U0444,P0021,5.0,2025-07-17 17:15:17
U0242,P0189,3.0,2025-08-26 17:15:17
U0475,P0086,2.3,2025-08-21 17:15:17
U0449,P0026,3.5,2026-01-02 17:15:17
U0358,P0067,5.0,2025-07-09 17:15:17
U0034,P0091,2.6,2025-08-22 17:15:17
U0309,P0187,3.0,2025-06-18 17:15:17
U0378,P0084,2.1,2025-08-05 17:15:17
U0356,P0008,5.0,2026-02-27 17:15:17
U0329,P0165,2.9,2025-12-21 17:15:17
U0323,P0114,3.0,2025-05-01 17:15:17
U0070,P0001,3.7,2025-09-01 17:15:17
U0103,P0161,3.4,2025-10-20 17:15:17
U0161,P0148,3.3,2026-02-11 17:15:17
U0057,P0041,5.0,2025-11-18 17:15:17
U0265,P0183,2.6,2025-04-27 17:15:17
U0391,P0034,5.0,2025-05-25 17:15:17
U0352,P0106,3.3,2025-10-13 17:15:17
U0232,P0123,5.0,2026-01-16 17:15:17
U0134,P0045,2.0,2025-04-08 17:15:17
U0304,P0084,3.9,2025-11-01 17:15:17
U0102,P0022,2.6,2025-08-25 17:15:17
U0189,P0047,3.5,2025-09-05 17:15:17
U0449,P0097,3.0,2025-06-06 17:15:17
U0115,P0006,3.8,2026-03-14 17:15:17
U0473,P0143,2.9,2025-04-28 17:15:17
U0314,P0161,3.6,2025-11-28 17:15:17
U0465,P0023,3.8,2025-08-01 17:15:17
U0102,P0068,1.1,2025-03-31 17:15:17
U0437,P0044,4.6,2026-02-28 17:15:17
U0206,P0159,1.8,2025-08-18 17:15:17
U0308,P0067,2.3,2026-01-08 17:15:17
U0046,P0095,2.0,2025-12-28 17:15:17
U0485,P0146,3.2,2026-01-24 17:15:17
U0008,P0184,2.5,2025-06-29 17:15:17
U0223,P0198,3.8,2025-08-05 17:15:17
U0424,P0173,2.1,2025-07-15 17:15:17
U0061,P0058,1.8,2025-12-11 17:15:17
U0098,P0069,4.3,2025-10-29 17:15:17
U0383,P0127,5.0,2025-09-11 17:15:17
U0067,P0111,2.6,2025-12-10 17:15:17
U0308,P0056,5.0,2025-11-01 17:15:17
U0373,P0174,2.6,2025-12-19 17:15:17
U0215,P0047,2.7,2025-08-28 17:15:17
U0406,P0038,1.4,2026-03-11 17:15:17
U0149,P0068,2.5,2025-11-25 17:15:17
U0317,P0116,1.8,2025-11-18 17:15:17
U0190,P0150,3.7,2025-04-09 17:15:17
U0332,P0118,3.5,2026-02-10 17:15:17
U0006,P0121,4.2,2026-01-16 17:15:17
U0447,P0083,2.5,2025-04-05 17:15:17
U0204,P0176,3.8,2025-12-07 17:15:17
U0366,P0099,2.8,2025-03-28 17:15:17
U0217,P0189,2.7,2025-05-24 17:15:17
U0132,P0019,1.0,2026-02-05 17:15:17
U0286,P0016,3.1,2026-02-27 17:15:17
U0171,P0061,3.9,2025-07-27 17:15:17
U0466,P0091,3.0,2025-05-19 17:15:17
U0481,P0172,1.8,2025-05-23 17:15:17
U0364,P0192,2.3,2026-03-02 17:15:17
U0003,P0065,4.1,2025-07-10 17:15:17
U0318,P0098,3.3,2025-10-22 17:15:17
U0203,P0172,4.7,2025-09-17 17:15:17
U0068,P0144,3.1,2026-03-04 17:15:17
U0298,P0046,3.2,2025-11-12 17:15:17
U0087,P0129,1.0,2025-07-16 17:15:17
U0477,P0087,2.1,2025-07-29 17:15:17
U0068,P0023,3.5,2025-10-14 17:15:17
U0364,P0136,3.9,2025-08-16 17:15:17
U0073,P0067,4.7,2026-01-25 17:15:17
U0161,P0012,2.9,2026-01-19 17:15:17
U0256,P0072,2.9,2025-09-22 17:15:17
U0475,P0111,1.9,2025-11-01 17:15:17
U0463,P0068,2.4,2025-05-16 17:15:17
U0425,P0195,4.2,2025-11-10 17:15:17
U0265,P0081,3.1,2025-08-14 17:15:17
U0458,P0043,4.1,2025-10-15 17:15:17
U0378,P0126,3.7,2026-01-07 17:15:17
U0285,P0169,3.8,2025-05-04 17:15:17
U0409,P0113,2.6,2026-02-26 17:15:17
U0028,P0059,3.1,2025-12-22 17:15:17
U0019,P0121,1.8,2025-11-12 17:15:17
U0084,P0181,1.1,2025-07-29 17:15:17
U0224,P0030,2.7,2025-07-15 17:15:17
U0021,P0114,3.5,2025-09-24 17:15:17
U0364,P0144,1.7,2025-07-20 17:15:17
U0235,P0127,1.0,2026-01-27 17:15:17
U0434,P0185,2.4,2026-01-09 17:15:17
U0064,P0090,2.4,2026-02-06 17:15:17
U0105,P0073,4.5,2025-12-23 17:15:17
U0428,P0044,4.9,2025-07-08 17:15:17
U0422,P0070,3.9,2025-06-10 17:15:17
U0457,P0170,5.0,2025-05-30 17:15:17
U0109,P0150,4.2,2026-03-23 17:15:17
U0270,P0197,2.2,2025-06-06 17:15:17
U0093,P0107,1.0,2026-02-14 17:15:17
U0127,P0197,2.2,2025-07-13 17:15:17
U0347,P0025,2.2,2025-10-08 17:15:17
U0014,P0073,3.5,2025-04-11 17:15:17
U0349,P0032,3.0,2025-09-05 17:15:17
U0192,P0152,1.3,2026-01-30 17:15:17
U0429,P0083,4.2,2026-01-06 17:15:17
U0015,P0021,3.2,2025-08-02 17:15:17
U0426,P0182,4.0,2025-04-22 17:15:17
U0246,P0117,4.9,2025-05-08 17:15:17
U0490,P0069,3.3,2025-05-25 17:15:17
U0337,P0002,2.6,2025-10-08 17:15:17
U0497,P0012,2.9,2025-04-24 17:15:17
U0319,P0116,3.7,2025-10-10 17:15:17
U0486,P0188,2.7,2025-06-07 17:15:17
U0067,P0055,2.2,2026-03-01 17:15:17
U0411,P0165,3.2,2025-11-01 17:15:17
U0166,P0015,2.9,2026-02-17 17:15:17
U0281,P0155,5.0,2025-09-11 17:15:17
U0048,P0103,3.4,2025-11-15 17:15:17
U0092,P0062,1.0,2025-09-02 17:15:17
U0046,P0006,2.1,2025-12-09 17:15:17
U0084,P0100,3.4,2025-08-31 17:15:17
U0146,P0166,3.0,2025-04-25 17:15:17
U0079,P0031,2.9,2025-10-24 17:15:17
U0377,P0080,3.7,2025-04-09 17:15:17
U0309,P0034,2.7,2025-09-23 17:15:17
U0341,P0025,3.0,2025-09-18 17:15:17
U0263,P0052,1.7,2025-07-18 17:15:17
U0229,P0100,5.0,2025-07-25 17:15:17
U0138,P0145,3.1,2025-05-22 17:15:17
U0217,P0024,3.4,2025-08-21 17:15:17
U0416,P0095,1.9,2025-05-15 17:15:17
U0096,P0112,2.4,2025-05-07 17:15:17
U0219,P0024,2.3,2026-03-05 17:15:17
U0263,P0088,3.6,2025-07-31 17:15:17
U0347,P0058,4.2,2025-04-28 17:15:17
U0352,P0183,1.8,2026-01-05 17:15:17
U0477,P0127,4.4,2025-06-29 17:15:17
U0323,P0166,2.5,2025-06-30 17:15:17
U0043,P0075,4.8,2025-07-29 17:15:17
U0224,P0021,3.4,2025-07-24 17:15:17
U0154,P0039,2.9,2026-01-19 17:15:17
U0351,P0077,2.8,2025-11-18 17:15:17
U0268,P0110,2.1,2025-10-25 17:15:17
U0292,P0013,5.0,2025-06-16 17:15:17
U0040,P0012,3.8,2025-07-06 17:15:17
U0056,P0131,3.6,2025-08-20 17:15:17
U0212,P0025,1.4,2025-07-31 17:15:17
U0339,P0185,2.8,2025-06-07 17:15:17
U0417,P0065,2.6,2025-09-25 17:15:17
U0131,P0150,4.4,2026-02-12 17:15:17
U0394,P0129,2.7,2026-03-17 17:15:17
U0059,P0190,4.5,2025-04-21 17:15:17
U0237,P0046,3.9,2025-12-22 17:15:17
U0432,P0101,3.1,2026-03-02 17:15:17
U0043,P0107,3.0,2025-03-30 17:15:17
U0153,P0081,5.0,2025-05-29 17:15:17
U0371,P0117,5.0,2025-04-16 17:15:17
U0231,P0160,5.0,2025-11-10 17:15:17
U0175,P0048,2.9,2025-12-07 17:15:17
U0095,P0021,4.2,2025-05-20 17:15:17
U0133,P0173,1.9,2026-01-30 17:15:17
U0223,P0137,3.1,2026-03-16 17:15:17
U0003,P0102,2.0,2026-01-25 17:15:17
U0007,P0044,4.4,2025-04-24 17:15:17
U0245,P0118,1.7,2025-04-05 17:15:17
U0208,P0169,2.3,2025-05-21 17:15:17
U0372,P0125,3.5,2025-10-21 17:15:17
U0317,P0158,1.0,2025-09-22 17:15:17
U0494,P0177,3.3,2025-04-14 17:15:17
U0203,P0078,1.0,2026-02-09 17:15:17
U0008,P0049,4.0,2026-01-27 17:15:17
U0418,P0005,1.9,2025-04-03 17:15:17
U0497,P0049,2.2,2026-03-12 17:15:17
U0108,P0124,4.1,2025-04-27 17:15:17
U0075,P0167,4.4,2025-11-22 17:15:17
U0224,P0161,3.1,2025-06-23 17:15:17
U0098,P0023,2.5,2025-10-22 17:15:17
U0395,P0119,2.5,2026-01-09 17:15:17
U0243,P0109,3.0,2026-03-14 17:15:17
U0060,P0043,1.1,2026-01-06 17:15:17
U0379,P0180,3.1,2025-08-10 17:15:17
U0494,P0125,1.3,2025-07-27 17:15:17
U0011,P0116,3.4,2025-05-30 17:15:17
U0125,P0052,2.0,2025-10-26 17:15:17
U0292,P0101,4.6,2026-02-27 17:15:17
U0171,P0003,4.0,2026-02-01 17:15:17
U0323,P0183,1.1,2025-08-16 17:15:17
U0213,P0127,3.0,2025-06-02 17:15:17
U0306,P0188,2.7,2025-06-15 17:15:17
U0149,P0010,3.9,2025-07-19 17:15:17
U0205,P0125,3.4,2025-07-06 17:15:17
U0303,P0186,3.5,2025-05-16 17:15:17
U0479,P0174,4.7,2025-07-19 17:15:17
U0119,P0183,3.5,2026-02-22 17:15:17
U0271,P0005,3.9,2025-08-21 17:15:17
U0296,P0081,4.7,2025-06-15 17:15:17
U0033,P0069,1.1,2025-04-28 17:15:17
U0214,P0122,1.0,2026-01-25 17:15:17
U0254,P0160,3.3,2025-04-29 17:15:17
U0358,P0112,3.3,2026-03-15 17:15:17
U0083,P0074,2.2,2025-12-17 17:15:17
U0241,P0089,1.7,2025-08-13 17:15:17
U0119,P0130,3.7,2025-12-03 17:15:17
U0301,P0176,5.0,2025-10-03 17:15:17
U0472,P0155,4.8,2025-04-23 17:15:17
U0240,P0034,3.4,2025-10-26 17:15:17
U0371,P0183,1.1,2025-09-07 17:15:17
U0492,P0107,1.3,2025-04-15 17:15:17
U0335,P0189,1.2,2025-09-22 17:15:17
U0408,P0121,3.2,2026-01-02 17:15:17
U0319,P0054,3.5,2025-11-01 17:15:17
U0354,P0192,3.0,2026-02-09 17:15:17
U0342,P0124,2.3,2026-01-18 17:15:17
U0089,P0052,2.5,2026-01-04 17:15:17
U0311,P0126,1.8,2026-02-02 17:15:17
U0407,P0107,2.7,2025-07-16 17:15:17
U0156,P0061,4.8,2025-12-08 17:15:17
U0286,P0013,2.4,2026-03-16 17:15:17
U0184,P0067,2.8,2025-09-24 17:15:17
U0347,P0041,4.9,2025-12-26 17:15:17
U0424,P0129,2.1,2026-03-09 17:15:17
U0414,P0017,3.2,2025-10-04 17:15:17
U0221,P0030,5.0,2025-05-13 17:15:17
U0117,P0031,2.4,2025-06-11 17:15:17
U0115,P0125,4.4,2025-11-13 17:15:17
U0175,P0091,1.8,2026-03-02 17:15:17
U0395,P0143,4.2,2025-11-09 17:15:17
U0459,P0039,3.0,2025-04-06 17:15:17
U0448,P0132,2.7,2025-05-20 17:15:17
U0343,P0027,3.0,2025-03-29 17:15:17
U0026,P0113,4.2,2025-08-03 17:15:17
U0493,P0194,4.0,2026-01-28 17:15:17
U0500,P0028,2.9,2025-05-17 17:15:18
U0313,P0027,5.0,2025-06-11 17:15:18
U0022,P0130,3.8,2026-01-31 17:15:18
U0086,P0162,4.7,2026-01-24 17:15:18
U0446,P0053,2.8,2025-09-21 17:15:18
U0081,P0187,3.0,2025-10-27 17:15:18
U0363,P0114,2.8,2025-07-09 17:15:18
U0256,P0188,3.0,2026-02-03 17:15:18
U0079,P0166,3.4,2025-09-20 17:15:18
U0172,P0036,2.7,2026-01-22 17:15:18
U0435,P0052,2.8,2025-08-13 17:15:18
U0497,P0107,1.3,2026-03-22 17:15:18
U0126,P0122,3.6,2025-10-02 17:15:18
U0147,P0130,3.1,2025-12-28 17:15:18
U0044,P0069,3.3,2025-09-16 17:15:18
U0367,P0194,1.0,2025-08-25 17:15:18
U0185,P0162,2.4,2025-04-19 17:15:18
U0126,P0039,3.6,2025-06-27 17:15:18
U0216,P0059,2.6,2026-01-14 17:15:18
U0411,P0110,3.6,2025-08-26 17:15:18
U0471,P0105,1.0,2025-08-03 17:15:18
U0488,P0133,2.1,2025-04-10 17:15:18
U0186,P0008,2.2,2025-08-11 17:15:18
U0075,P0198,4.6,2026-03-20 17:15:18
U0368,P0133,3.3,2026-02-18 17:15:18
U0044,P0087,5.0,2025-10-15 17:15:18
U0206,P0198,1.0,2025-12-31 17:15:18
U0223,P0016,3.8,2025-09-05 17:15:18
U0389,P0010,2.3,2025-04-21 17:15:18
U0473,P0165,4.9,2026-01-07 17:15:18
U0463,P0148,2.6,2026-02-24 17:15:18
U0324,P0183,3.6,2025-04-21 17:15:18
U0449,P0134,2.1,2025-10-25 17:15:18
U0215,P0103,1.4,2025-04-11 17:15:18
U0359,P0142,5.0,2025-10-21 17:15:18
U0370,P0191,3.9,2025-10-16 17:15:18
U0466,P0089,4.2,2026-03-21 17:15:18
U0424,P0072,3.7,2025-06-28 17:15:18
U0313,P0038,3.0,2025-04-01 17:15:18
U0207,P0115,4.6,2025-04-30 17:15:18
U0106,P0140,1.9,2025-05-10 17:15:18
U0404,P0159,3.9,2025-04-26 17:15:18
U0227,P0179,2.6,2025-09-30 17:15:18
U0455,P0167,1.0,2025-08-30 17:15:18
U0398,P0051,3.2,2025-10-22 17:15:18
U0044,P0010,5.0,2025-06-23 17:15:18
U0172,P0100,3.4,2026-01-20 17:15:18
U0267,P0139,2.4,2025-10-31 17:15:18
U0110,P0024,4.2,2025-07-07 17:15:18
U0283,P0080,2.2,2025-07-02 17:15:18
U0175,P0194,3.9,2025-05-04 17:15:18
U0082,P0006,3.8,2026-03-11 17:15:18
U0456,P0139,4.2,2025-05-26 17:15:18
U0133,P0062,5.0,2025-10-21 17:15:18
U0372,P0109,3.2,2025-07-10 17:15:18
U0057,P0188,5.0,2026-02-23 17:15:18
U0431,P0096,2.5,2025-11-13 17:15:18
U0322,P0130,4.1,2025-09-25 17:15:18
U0064,P0013,3.6,2025-04-26 17:15:18
U0482,P0032,3.8,2025-08-08 17:15:18
U0153,P0147,2.1,2026-03-23 17:15:18
U0233,P0087,2.0,2025-11-25 17:15:18
U0413,P0191,1.5,2025-06-01 17:15:18
U0290,P0183,1.9,2025-05-08 17:15:18
U0341,P0137,2.4,2025-05-25 17:15:18
U0120,P0090,3.5,2025-10-23 17:15:18
U0146,P0171,2.7,2025-06-05 17:15:18
U0345,P0036,2.8,2025-09-13 17:15:18
U0267,P0189,2.9,2025-11-19 17:15:18
U0054,P0084,3.1,2025-07-04 17:15:18
U0299,P0050,4.3,2025-09-22 17:15:18
U0233,P0026,1.8,2026-01-09 17:15:18
U0365,P0109,4.2,2025-08-27 17:15:18
U0042,P0024,2.3,2026-02-22 17:15:18
U0218,P0034,4.0,2025-07-25 17:15:18
U0110,P0115,5.0,2026-02-14 17:15:18
U0190,P0174,3.8,2025-06-29 17:15:18
U0207,P0151,3.9,2025-06-12 17:15:18
U0266,P0200,2.1,2025-09-04 17:15:18
U0447,P0068,3.9,2025-05-30 17:15:18
U0256,P0163,4.3,2025-08-21 17:15:18
U0226,P0177,4.9,2025-07-18 17:15:18
U0375,P0107,2.5,2026-01-01 17:15:18
U0074,P0130,3.1,2026-01-19 17:15:18
U0249,P0183,4.1,2025-08-03 17:15:18
U0067,P0181,2.9,2025-07-06 17:15:18
U0442,P0136,2.8,2026-01-24 17:15:18
U0356,P0055,1.0,2025-08-04 17:15:18
U0243,P0009,1.0,2026-01-04 17:15:18
U0484,P0144,2.9,2025-09-17 17:15:18
U0472,P0031,2.4,2025-05-21 17:15:18
U0437,P0105,3.5,2026-01-28 17:15:18
U0062,P0095,2.7,2025-06-06 17:15:18
U0149,P0011,3.9,2025-07-01 17:15:18
U0191,P0079,5.0,2025-09-15 17:15:18
U0156,P0076,2.6,2025-07-20 17:15:18
U0015,P0037,1.8,2026-01-12 17:15:18
U0402,P0151,5.0,2025-08-22 17:15:18
U0025,P0079,2.3,2025-10-31 17:15:18
U0111,P0047,4.5,2025-07-18 17:15:18
U0002,P0032,2.0,2025-06-18 17:15:18
U0179,P0018,1.9,2026-03-03 17:15:18
U0214,P0124,4.1,2025-06-05 17:15:18
U0159,P0145,4.0,2025-08-06 17:15:18
U0461,P0087,3.0,2025-09-13 17:15:18
U0244,P0185,2.2,2025-05-19 17:15:18
U0068,P0196,1.0,2026-01-14 17:15:18
U0259,P0163,3.6,2025-08-02 17:15:18
U0390,P0116,3.3,2025-04-18 17:15:18
U0230,P0039,3.7,2025-10-10 17:15:18
U0046,P0160,2.3,2025-04-19 17:15:18
U0320,P0105,3.5,2025-09-08 17:15:18
U0120,P0102,3.3,2025-10-03 17:15:18
U0277,P0012,2.5,2025-04-16 17:15:18
U0456,P0114,3.8,2025-11-03 17:15:18
U0444,P0043,2.0,2025-03-28 17:15:18
U0013,P0147,3.0,2025-05-07 17:15:18
U0408,P0198,3.8,2025-03-28 17:15:18
U0159,P0144,4.5,2025-04-29 17:15:18
U0064,P0165,2.5,2025-06-12 17:15:18
U0044,P0050,2.8,2025-05-13 17:15:18
U0278,P0148,4.3,2026-02-26 17:15:18
U0491,P0146,2.2,2025-07-01 17:15:18
U0097,P0193,2.8,2025-07-25 17:15:18
U0258,P0005,2.0,2026-01-23 17:15:18
U0338,P0137,1.7,2025-12-23 17:15:18
U0493,P0005,1.9,2025-11-05 17:15:18
U0403,P0053,2.0,2025-11-20 17:15:18
U0425,P0181,2.9,2025-06-02 17:15:18
U0228,P0022,5.0,2025-06-25 17:15:18
U0206,P0151,3.3,2026-03-02 17:15:18
U0252,P0006,2.1,2025-10-02 17:15:18
U0224,P0047,2.4,2025-08-25 17:15:18
U0013,P0136,2.9,2025-10-14 17:15:18
U0196,P0066,4.3,2026-02-07 17:15:18
U0059,P0026,3.8,2025-06-21 17:15:18
U0087,P0074,1.0,2026-01-11 17:15:18
U0094,P0066,1.0,2026-02-08 17:15:18
U0079,P0079,2.0,2025-08-29 17:15:18
U0348,P0044,3.6,2026-02-23 17:15:18
U0315,P0084,2.4,2025-12-23 17:15:18
U0014,P0183,1.0,2026-02-24 17:15:18
U0153,P0100,4.6,2026-02-03 17:15:18
U0164,P0037,2.7,2025-08-26 17:15:18
U0458,P0083,2.9,2025-11-13 17:15:18
U0193,P0031,3.0,2026-02-27 17:15:18
U0104,P0062,1.5,2025-05-24 17:15:18
U0301,P0061,2.6,2025-07-16 17:15:18
U0261,P0193,3.4,2025-07-10 17:15:18
U0198,P0030,4.5,2025-11-08 17:15:18
U0032,P0082,1.0,2025-07-31 17:15:18
U0034,P0124,3.1,2026-03-11 17:15:18
U0209,P0163,1.4,2025-11-26 17:15:18
U0468,P0005,2.2,2025-11-08 17:15:18
U0284,P0151,2.0,2025-04-14 17:15:18
U0052,P0064,4.8,2025-06-14 17:15:18
U0334,P0033,2.1,2025-10-21 17:15:18
U0291,P0105,2.5,2025-08-09 17:15:18
U0043,P0163,3.1,2025-07-12 17:15:18
U0105,P0037,4.4,2025-09-15 17:15:18
U0277,P0044,3.5,2025-11-20 17:15:18
U0276,P0109,4.3,2025-06-14 17:15:18
U0232,P0011,1.0,2026-03-25 17:15:18
U0417,P0119,1.0,2025-05-12 17:15:18
U0149,P0168,4.8,2025-12-30 17:15:18
U0001,P0016,2.5,2025-07-22 17:15:18
U0140,P0154,5.0,2025-11-17 17:15:18
U0430,P0175,2.6,2025-09-12 17:15:18
U0180,P0162,3.0,2025-12-07 17:15:18
U0300,P0131,4.4,2025-11-01 17:15:18
U0024,P0042,2.9,2025-06-25 17:15:18
U0289,P0018,4.3,2025-10-23 17:15:18
U0046,P0102,4.0,2025-04-02 17:15:18
U0063,P0036,2.4,2025-06-14 17:15:18
U0144,P0111,5.0,2025-12-08 17:15:18
U0313,P0130,1.9,2025-10-14 17:15:18
U0453,P0175,4.5,2025-10-01 17:15:18
U0326,P0067,1.0,2025-03-28 17:15:18
U0126,P0170,1.3,2025-10-12 17:15:18
U0175,P0054,3.9,2025-08-02 17:15:18
U0492,P0154,2.2,2025-10-08 17:15:18
U0009,P0178,5.0,2026-01-16 17:15:18
U0331,P0001,3.9,2025-05-18 17:15:18
U0244,P0002,2.2,2026-03-21 17:15:18
U0345,P0045,3.4,2025-08-26 17:15:18
U0285,P0179,3.4,2025-03-30 17:15:18
U0202,P0138,3.2,2026-02-12 17:15:18
U0404,P0167,2.5,2025-04-26 17:15:18
U0040,P0138,2.5,2026-03-10 17:15:18
U0457,P0172,2.7,2025-08-10 17:15:18
U0345,P0032,5.0,2025-09-26 17:15:18
U0424,P0154,3.0,2025-09-23 17:15:18
U0199,P0046,3.9,2025-04-03 17:15:18
U0005,P0032,3.6,2025-08-01 17:15:18
U0190,P0050,2.7,2025-08-10 17:15:18
U0005,P0057,2.7,2026-03-15 17:15:18
U0389,P0072,2.9,2025-04-11 17:15:18
U0472,P0182,4.2,2025-09-23 17:15:18
U0099,P0024,3.5,2025-05-15 17:15:18
U0321,P0078,1.7,2025-12-02 17:15:18
U0120,P0127,5.0,2025-09-21 17:15:18
U0019,P0072,2.4,2025-07-16 17:15:18
U0464,P0181,3.1,2025-03-29 17:15:18
U0311,P0054,3.5,2026-03-22 17:15:18
U0101,P0164,3.7,2025-09-04 17:15:18
U0057,P0072,3.3,2025-06-07 17:15:18
U0257,P0127,2.2,2025-12-28 17:15:18
U0283,P0050,2.4,2025-04-22 17:15:18
U0379,P0145,4.5,2025-04-15 17:15:18
U0350,P0155,2.8,2025-06-09 17:15:18
U0090,P0017,1.0,2025-05-28 17:15:18
U0066,P0191,1.4,2026-02-20 17:15:18
U0066,P0067,3.4,2025-06-07 17:15:18
U0439,P0059,2.4,2025-07-01 17:15:18
U0374,P0071,2.0,2025-12-17 17:15:18
U0435,P0174,1.1,2026-03-14 17:15:18
U0497,P0178,1.4,2025-04-12 17:15:18
U0273,P0158,1.0,2025-11-16 17:15:18
U0349,P0144,2.4,2025-08-05 17:15:18
U0002,P0110,3.4,2025-05-01 17:15:18
U0345,P0167,3.0,2026-02-27 17:15:18
U0438,P0083,2.4,2025-08-16 17:15:18
U0433,P0105,2.9,2025-11-05 17:15:18
U0063,P0175,5.0,2025-07-03 17:15:18
U0239,P0127,1.0,2025-09-21 17:15:18
U0265,P0195,5.0,2026-03-03 17:15:18
U0453,P0185,5.0,2025-12-01 17:15:18
U0025,P0072,1.7,2025-08-22 17:15:18
U0273,P0115,2.7,2025-10-15 17:15:18
U0003,P0101,3.5,2025-12-16 17:15:18
U0172,P0021,2.7,2025-06-06 17:15:18
U0414,P0007,4.0,2025-11-30 17:15:18
U0354,P0109,3.1,2026-02-15 17:15:18
U0470,P0064,4.5,2025-12-15 17:15:18
U0085,P0085,3.6,2025-10-17 17:15:18
U0033,P0161,2.5,2025-05-09 17:15:18
U0050,P0008,3.8,2025-07-23 17:15:18
U0222,P0007,5.0,2025-05-26 17:15:18
U0409,P0161,2.5,2025-10-05 17:15:18
U0431,P0065,1.4,2025-11-19 17:15:18
U0056,P0122,2.6,2025-11-23 17:15:18
U0491,P0088,1.5,2026-02-26 17:15:18
U0421,P0086,3.2,2025-07-02 17:15:18
U0407,P0061,3.6,2026-02-16 17:15:18
U0398,P0154,2.6,2025-05-12 17:15:18
U0225,P0196,1.5,2026-02-05 17:15:18
U0321,P0115,3.2,2025-06-02 17:15:18
U0064,P0022,2.7,2026-02-22 17:15:18
U0470,P0009,2.4,2025-09-13 17:15:18
U0161,P0178,3.4,2026-02-20 17:15:18
U0401,P0033,4.7,2026-02-22 17:15:18
U0471,P0114,2.3,2026-02-25 17:15:18
U0155,P0157,3.5,2025-05-09 17:15:18
U0222,P0017,4.0,2026-02-01 17:15:18
U0347,P0015,2.3,2025-06-12 17:15:18
U0027,P0076,3.0,2025-09-11 17:15:18
U0206,P0025,2.9,2025-05-13 17:15:18
U0120,P0154,3.6,2025-04-22 17:15:18
U0320,P0003,3.5,2025-08-05 17:15:18
U0197,P0119,1.4,2025-08-18 17:15:18
U0451,P0159,5.0,2025-05-12 17:15:18
U0052,P0087,2.7,2025-04-26 17:15:18
U0481,P0173,3.7,2026-03-12 17:15:18
U0233,P0133,4.0,2025-10-08 17:15:18
U0301,P0050,2.4,2026-01-29 17:15:18
U0053,P0004,5.0,2025-05-25 17:15:18
U0366,P0018,1.4,2025-05-26 17:15:18
U0405,P0050,3.2,2025-06-05 17:15:18
U0065,P0164,3.5,2025-07-08 17:15:18
U0132,P0091,1.9,2025-08-22 17:15:18
U0247,P0186,4.9,2025-05-12 17:15:18
U0228,P0048,4.2,2025-11-21 17:15:18
U0071,P0012,2.1,2026-02-23 17:15:18
U0066,P0080,3.2,2025-05-30 17:15:18
U0224,P0132,1.3,2025-04-26 17:15:18
U0387,P0092,4.8,2025-10-17 17:15:18
U0299,P0139,2.7,2026-01-10 17:15:18
U0076,P0121,3.0,2025-10-18 17:15:18
U0309,P0088,1.9,2025-10-27 17:15:18
U0189,P0003,2.3,2025-07-03 17:15:18
U0301,P0169,3.0,2025-04-12 17:15:18
U0075,P0015,1.9,2025-11-24 17:15:18
U0260,P0144,3.7,2026-02-26 17:15:18
U0217,P0089,3.4,2025-12-15 17:15:18
U0500,P0052,2.7,2025-05-02 17:15:18
U0466,P0052,4.4,2026-02-18 17:15:18
U0175,P0049,3.5,2025-04-18 17:15:18
U0244,P0178,3.3,2025-04-05 17:15:18
U0240,P0154,2.5,2025-04-05 17:15:18
U0170,P0149,2.5,2025-06-09 17:15:18
U0494,P0086,2.4,2025-05-14 17:15:18
U0154,P0108,3.1,2025-10-08 17:15:18
U0084,P0027,3.4,2025-08-05 17:15:18
U0449,P0011,1.0,2025-07-15 17:15:18
U0113,P0001,2.5,2025-05-02 17:15:18
U0115,P0178,2.3,2025-11-28 17:15:18
U0239,P0160,1.0,2025-12-06 17:15:18
U0123,P0124,2.9,2025-10-07 17:15:18
U0414,P0190,4.7,2025-09-14 17:15:18
U0106,P0103,2.7,2025-12-21 17:15:18
U0423,P0002,2.2,2025-09-21 17:15:18
U0006,P0019,3.1,2025-09-23 17:15:18
U0016,P0143,4.7,2026-01-26 17:15:18
U0073,P0075,2.8,2025-08-12 17:15:18
U0100,P0162,3.2,2025-05-30 17:15:18
U0468,P0196,2.8,2025-09-22 17:15:18
U0023,P0008,3.7,2025-12-14 17:15:18
U0102,P0073,1.9,2025-12-26 17:15:18
U0113,P0068,4.6,2025-12-26 17:15:18
U0174,P0142,2.0,2025-11-20 17:15:18
U0092,P0051,2.5,2026-03-14 17:15:18
U0091,P0068,1.8,2026-02-02 17:15:18
U0011,P0174,2.7,2026-01-14 17:15:18
U0195,P0168,2.3,2026-01-28 17:15:18
U0174,P0054,3.5,2025-10-20 17:15:18
U0234,P0062,1.4,2025-09-17 17:15:18
U0415,P0096,4.1,2025-04-21 17:15:18
U0088,P0135,3.5,2025-05-10 17:15:18
U0452,P0112,3.1,2025-03-26 17:15:18
U0034,P0031,1.6,2026-01-11 17:15:18
U0452,P0034,4.5,2025-12-18 17:15:18
U0099,P0137,4.3,2025-09-13 17:15:18
U0356,P0096,3.2,2025-10-14 17:15:18
U0307,P0110,2.7,2025-05-04 17:15:18
U0391,P0158,4.2,2025-05-29 17:15:18
U0097,P0138,3.3,2025-10-26 17:15:18
U0405,P0039,2.7,2025-10-09 17:15:18
U0127,P0014,3.4,2025-05-07 17:15:18
U0408,P0072,2.1,2026-01-20 17:15:18
U0436,P0131,3.3,2025-05-30 17:15:18
U0454,P0126,1.1,2025-12-08 17:15:18
U0373,P0021,2.6,2025-07-28 17:15:18
U0405,P0170,3.1,2025-05-15 17:15:18
U0034,P0043,3.0,2025-07-08 17:15:18
U0199,P0193,3.3,2025-04-29 17:15:18
U0385,P0131,2.8,2025-09-15 17:15:18
U0256,P0133,2.0,2025-07-31 17:15:18
U0092,P0083,4.8,2025-03-26 17:15:18
U0192,P0135,1.1,2025-04-04 17:15:18
U0248,P0184,3.1,2025-07-15 17:15:18
U0243,P0069,1.5,2025-06-01 17:15:18
U0206,P0164,5.0,2025-05-31 17:15:18
U0333,P0010,3.4,2025-12-09 17:15:18
U0113,P0052,4.5,2025-08-06 17:15:18
U0442,P0061,5.0,2025-09-04 17:15:18
U0112,P0079,3.1,2025-08-20 17:15:18
U0456,P0097,4.3,2025-06-06 17:15:18
U0081,P0096,3.9,2025-11-15 17:15:18
U0282,P0022,4.8,2026-01-16 17:15:18
U0385,P0022,3.9,2025-10-25 17:15:18
U0228,P0133,2.1,2025-09-26 17:15:18
U0118,P0150,4.5,2026-03-04 17:15:18
U0239,P0132,4.9,2025-05-11 17:15:18
U0173,P0110,3.3,2025-08-07 17:15:18
U0240,P0111,3.9,2025-08-28 17:15:18
U0189,P0128,1.4,2025-10-14 17:15:18
U0140,P0098,1.0,2026-03-13 17:15:18
U0092,P0114,4.2,2025-11-26 17:15:18
U0136,P0166,3.1,2026-02-15 17:15:18
U0184,P0022,4.3,2025-10-26 17:15:18
U0432,P0129,1.0,2025-07-06 17:15:18
U0280,P0165,3.6,2026-02-13 17:15:18
U0403,P0071,1.8,2025-11-29 17:15:18
U0051,P0031,3.9,2026-02-17 17:15:18
U0280,P0052,1.4,2025-10-06 17:15:18
U0101,P0173,3.8,2025-10-08 17:15:18
U0129,P0078,4.9,2025-04-10 17:15:18
U0433,P0071,3.1,2025-12-18 17:15:18
U0362,P0155,2.9,2026-01-14 17:15:18
U0438,P0193,2.9,2025-06-20 17:15:18
U0468,P0067,3.2,2026-03-21 17:15:18
U0395,P0077,2.6,2025-11-01 17:15:18
U0422,P0089,2.0,2025-08-31 17:15:18
U0485,P0104,1.0,2025-06-02 17:15:18
U0388,P0168,1.0,2026-03-19 17:15:18
U0263,P0195,4.2,2026-01-08 17:15:18
U0444,P0102,3.4,2025-11-29 17:15:18
U0117,P0186,1.9,2025-12-08 17:15:18
U0243,P0060,3.2,2025-07-04 17:15:18
U0388,P0120,3.7,2025-08-01 17:15:18
U0175,P0022,2.2,2025-10-16 17:15:18
U0434,P0049,2.2,2025-08-18 17:15:18
U0395,P0179,3.0,2025-08-24 17:15:18
U0108,P0113,1.1,2025-08-07 17:15:18
U0437,P0143,4.2,2026-03-10 17:15:18
U0192,P0036,3.1,2025-06-03 17:15:18
U0448,P0033,3.2,2025-10-20 17:15:18
U0483,P0189,2.1,2026-03-21 17:15:18
U0256,P0169,3.2,2025-09-25 17:15:18
U0174,P0058,1.6,2025-08-23 17:15:18
U0218,P0176,4.1,2025-08-31 17:15:18
U0391,P0200,4.5,2025-04-06 17:15:18
U0276,P0077,4.0,2025-10-10 17:15:18
U0301,P0006,3.5,2025-06-08 17:15:18
U0403,P0009,2.0,2026-01-13 17:15:18
U0079,P0085,5.0,2025-06-08 17:15:18
U0323,P0155,4.3,2025-05-18 17:15:18
U0294,P0101,3.8,2025-09-11 17:15:18
U0105,P0101,2.8,2026-02-21 17:15:18
U0274,P0099,1.3,2025-12-19 17:15:18
U0244,P0028,2.7,2025-10-08 17:15:18
U0292,P0116,1.0,2025-05-02 17:15:18
U0459,P0078,3.2,2026-02-06 17:15:18
U0088,P0027,3.7,2025-04-14 17:15:18
U0284,P0046,5.0,2026-03-09 17:15:18
U0424,P0177,4.8,2025-05-21 17:15:18
U0251,P0007,5.0,2025-12-20 17:15:18
U0102,P0018,3.4,2025-09-09 17:15:18
U0146,P0053,2.8,2025-11-26 17:15:18
U0150,P0169,3.4,2025-06-30 17:15:18
U0036,P0117,4.4,2026-02-24 17:15:18
U0189,P0133,4.1,2026-03-20 17:15:18
U0088,P0084,2.9,2025-08-27 17:15:18
U0201,P0041,4.3,2026-01-28 17:15:18
U0067,P0138,3.8,2025-08-23 17:15:18
U0245,P0191,3.8,2026-02-18 17:15:18
U0200,P0053,3.0,2026-01-18 17:15:18
U0159,P0111,4.8,2025-03-27 17:15:18
U0341,P0122,3.0,2026-01-03 17:15:18
U0481,P0080,2.0,2025-05-29 17:15:18
U0104,P0129,4.8,2025-04-09 17:15:18
U0235,P0071,1.1,2025-12-12 17:15:18
U0004,P0037,3.6,2025-08-09 17:15:18
U0033,P0103,1.3,2025-05-20 17:15:18
U0414,P0064,4.3,2025-06-29 17:15:18
U0169,P0146,1.7,2025-07-17 17:15:18
U0236,P0119,4.6,2025-06-04 17:15:18
U0021,P0189,2.5,2026-02-07 17:15:18
U0148,P0166,1.0,2025-08-04 17:15:18
U0178,P0180,2.9,2025-03-26 17:15:18
U0406,P0077,1.9,2025-09-06 17:15:18
U0314,P0045,3.4,2025-08-25 17:15:18
U0128,P0046,2.5,2025-05-13 17:15:18
U0376,P0111,2.9,2025-08-03 17:15:18
U0197,P0169,1.5,2025-12-22 17:15:18
U0358,P0146,1.9,2026-02-05 17:15:18
U0202,P0179,2.0,2026-03-03 17:15:18
U0123,P0041,3.4,2025-11-05 17:15:18
U0452,P0161,4.2,2025-06-23 17:15:18
U0150,P0171,3.2,2026-02-19 17:15:18
U0358,P0186,5.0,2025-12-04 17:15:18
U0466,P0127,1.0,2025-08-27 17:15:18
U0391,P0142,2.8,2026-01-22 17:15:18
U0189,P0020,1.5,2026-01-31 17:15:18
U0259,P0197,1.1,2025-10-10 17:15:18
U0210,P0116,1.0,2025-12-31 17:15:18
U0130,P0054,2.9,2025-07-09 17:15:18
U0023,P0119,2.3,2026-03-12 17:15:18
U0038,P0164,2.9,2025-04-04 17:15:18
U0346,P0192,3.2,2025-08-01 17:15:18
U0196,P0088,4.3,2025-09-02 17:15:18
U0439,P0050,3.2,2025-09-03 17:15:18
U0020,P0003,3.9,2025-11-17 17:15:18
U0059,P0182,2.8,2026-01-15 17:15:18
U0168,P0172,5.0,2025-07-31 17:15:18
U0249,P0119,1.9,2026-02-19 17:15:18
U0043,P0141,3.1,2025-04-23 17:15:18
U0125,P0183,3.8,2025-08-13 17:15:18
U0072,P0121,3.1,2025-11-03 17:15:18
U0431,P0042,3.6,2025-12-28 17:15:18
U0430,P0005,4.3,2025-05-19 17:15:18
U0052,P0046,2.8,2025-10-26 17:15:18
U0064,P0137,3.1,2025-09-06 17:15:18
U0087,P0020,3.5,2025-04-16 17:15:18
U0391,P0003,3.6,2025-04-13 17:15:18
U0140,P0040,4.5,2025-08-12 17:15:18
U0184,P0046,5.0,2025-12-05 17:15:18
U0366,P0009,5.0,2025-04-14 17:15:18
U0273,P0056,5.0,2025-08-11 17:15:18
U0357,P0013,1.1,2025-05-04 17:15:18
U0416,P0134,3.3,2025-05-01 17:15:18
U0340,P0184,3.9,2025-04-22 17:15:18
U0460,P0027,1.9,2025-09-07 17:15:18
U0354,P0079,4.2,2025-08-10 17:15:18
U0027,P0154,4.9,2026-03-23 17:15:18
U0025,P0198,3.0,2025-09-13 17:15:18
U0393,P0052,1.6,2025-11-18 17:15:18
U0192,P0062,4.7,2025-12-13 17:15:18
U0047,P0005,1.9,2025-08-22 17:15:18
U0015,P0004,2.7,2025-10-04 17:15:18
U0421,P0050,3.7,2025-04-11 17:15:18
U0343,P0017,3.8,2025-12-03 17:15:18
U0491,P0025,3.3,2025-04-19 17:15:18
U0086,P0186,1.5,2025-12-30 17:15:18
U0023,P0107,4.4,2025-07-06 17:15:18
U0056,P0084,1.0,2025-10-11 17:15:18
U0288,P0161,3.4,2025-12-18 17:15:18
U0320,P0054,2.9,2025-06-21 17:15:18
U0203,P0110,3.1,2026-01-23 17:15:18
U0119,P0055,3.9,2026-01-30 17:15:18
U0183,P0083,2.4,2025-12-27 17:15:18
U0008,P0103,4.4,2025-04-25 17:15:18
U0162,P0004,2.3,2025-09-07 17:15:18
U0109,P0118,5.0,2025-12-03 17:15:18
U0034,P0169,4.8,2025-11-03 17:15:18
U0333,P0160,4.9,2025-09-18 17:15:18
U0023,P0018,1.5,2025-12-04 17:15:18
U0211,P0078,3.9,2025-05-23 17:15:18
U0256,P0027,2.2,2025-03-26 17:15:18
U0275,P0146,1.5,2025-12-28 17:15:18
U0129,P0025,2.9,2025-05-22 17:15:18
U0167,P0162,3.5,2025-04-03 17:15:18
U0199,P0174,4.7,2025-04-04 17:15:18
U0069,P0086,1.4,2025-12-26 17:15:18
U0326,P0195,5.0,2025-04-07 17:15:18
U0163,P0171,3.1,2025-07-22 17:15:18
U0035,P0086,4.2,2026-03-16 17:15:18
U0312,P0150,4.8,2025-08-08 17:15:18
U0196,P0131,1.9,2025-05-02 17:15:18
U0380,P0060,4.9,2025-07-11 17:15:18
U0007,P0060,1.3,2026-03-15 17:15:18
U0316,P0195,5.0,2026-01-21 17:15:18
U0159,P0061,4.0,2025-08-18 17:15:18
U0388,P0063,3.4,2025-05-12 17:15:18
U0041,P0016,3.7,2026-01-14 17:15:18
U0192,P0128,4.8,2025-10-25 17:15:18
U0104,P0039,3.4,2025-09-14 17:15:18
U0105,P0165,3.3,2026-03-06 17:15:18
U0122,P0186,3.8,2025-05-23 17:15:18
U0485,P0114,1.3,2025-10-08 17:15:18
U0069,P0072,5.0,2025-10-14 17:15:18
U0330,P0195,1.9,2026-03-05 17:15:18
U0267,P0107,4.8,2025-04-28 17:15:18
U0417,P0074,2.7,2026-03-13 17:15:18
U0118,P0188,3.0,2025-10-07 17:15:18
U0176,P0063,2.5,2025-12-10 17:15:18
U0277,P0014,4.8,2025-04-19 17:15:18
U0128,P0176,2.3,2025-04-03 17:15:18
U0369,P0057,3.7,2025-05-18 17:15:18
U0447,P0098,5.0,2025-07-02 17:15:18
U0165,P0047,3.4,2025-08-11 17:15:18
U0323,P0002,2.0,2026-02-20 17:15:18
U0446,P0126,2.9,2026-02-18 17:15:18
U0489,P0050,1.9,2026-02-27 17:15:18
U0325,P0037,4.2,2025-12-11 17:15:18
U0065,P0024,3.0,2025-12-27 17:15:18
U0304,P0141,1.0,2025-12-11 17:15:18
U0121,P0130,2.5,2026-02-13 17:15:18
U0219,P0186,4.2,2025-07-29 17:15:18
U0160,P0043,2.2,2025-12-14 17:15:18
U0126,P0109,3.8,2025-12-25 17:15:18
U0311,P0064,2.9,2025-10-21 17:15:18
U0147,P0148,3.8,2025-08-08 17:15:18
U0496,P0163,2.3,2025-12-12 17:15:18
U0140,P0124,4.9,2026-02-13 17:15:18
U0487,P0093,5.0,2025-09-03 17:15:18
U0194,P0043,5.0,2025-07-27 17:15:18
U0226,P0109,1.4,2025-07-10 17:15:18
U0313,P0189,2.2,2025-08-16 17:15:18
U0390,P0040,3.7,2025-07-22 17:15:18
U0011,P0196,3.0,2025-09-11 17:15:18
U0219,P0022,3.2,2025-10-23 17:15:18
U0079,P0142,1.7,2025-12-26 17:15:18
U0132,P0098,2.6,2025-07-31 17:15:18
U0157,P0117,2.0,2025-10-31 17:15:18
U0193,P0144,5.0,2025-05-19 17:15:18
U0247,P0019,3.5,2025-10-06 17:15:18
U0070,P0184,4.1,2025-07-28 17:15:18
U0101,P0040,2.2,2025-12-18 17:15:18
U0003,P0004,3.6,2025-07-12 17:15:18
U0374,P0186,1.2,2025-09-15 17:15:18
U0252,P0104,4.0,2025-08-25 17:15:18
U0482,P0102,2.4,2025-09-15 17:15:18
U0197,P0126,2.0,2025-10-19 17:15:18
U0329,P0151,5.0,2026-02-17 17:15:18
U0210,P0010,1.6,2026-01-21 17:15:18
U0198,P0145,3.3,2026-01-01 17:15:18
U0100,P0196,2.9,2025-08-14 17:15:18
U0491,P0066,5.0,2025-09-28 17:15:18
U0261,P0182,3.3,2025-07-18 17:15:18
U0326,P0177,1.8,2025-09-18 17:15:18
U0357,P0015,3.6,2025-04-26 17:15:18
U0198,P0109,2.9,2025-11-19 17:15:18
U0125,P0123,2.5,2026-03-08 17:15:18
U0472,P0093,3.5,2025-05-06 17:15:18
U0362,P0174,2.9,2026-03-11 17:15:18
U0358,P0171,4.8,2025-04-29 17:15:18
U0076,P0067,1.8,2025-05-20 17:15:18
U0234,P0175,1.1,2026-01-09 17:15:18
U0131,P0064,3.0,2025-05-21 17:15:18
U0297,P0170,1.3,2026-01-02 17:15:18
U0007,P0030,2.0,2026-02-06 17:15:18
U0330,P0183,1.2,2025-09-10 17:15:18
U0204,P0181,4.8,2025-05-29 17:15:18
U0499,P0021,2.6,2025-07-03 17:15:18
U0466,P0049,2.3,2025-08-21 17:15:18
U0085,P0110,5.0,2025-11-16 17:15:18
U0355,P0078,4.6,2025-07-12 17:15:18
U0496,P0137,4.1,2025-04-22 17:15:18
U0301,P0079,1.1,2025-08-27 17:15:18
U0386,P0187,4.0,2026-02-08 17:15:18
U0056,P0163,2.4,2025-06-05 17:15:18
U0398,P0089,2.3,2026-01-11 17:15:18
U0138,P0192,2.3,2025-12-08 17:15:18
U0477,P0192,3.1,2025-09-03 17:15:18
U0358,P0079,4.0,2026-03-22 17:15:18
U0087,P0126,3.1,2026-03-25 17:15:18
U0050,P0018,3.2,2025-04-03 17:15:18
U0214,P0135,5.0,2025-08-24 17:15:18
U0336,P0074,2.2,2025-08-17 17:15:18
U0088,P0046,1.6,2025-09-15 17:15:18
U0096,P0181,2.7,2026-01-16 17:15:18
U0102,P0125,1.7,2025-12-22 17:15:18
U0258,P0029,5.0,2025-08-07 17:15:18
U0291,P0055,2.2,2025-12-20 17:15:18
U0103,P0016,1.9,2025-12-22 17:15:18
U0415,P0195,2.0,2025-12-17 17:15:18
U0133,P0105,4.7,2025-08-12 17:15:18
U0321,P0160,2.3,2026-01-29 17:15:18
U0445,P0163,1.9,2025-12-30 17:15:18
U0041,P0076,5.0,2026-02-10 17:15:18
U0194,P0032,3.1,2025-11-04 17:15:18
U0033,P0088,4.0,2026-03-10 17:15:18
U0300,P0061,4.7,2025-07-24 17:15:18
U0249,P0173,2.4,2026-02-02 17:15:18
U0005,P0016,3.0,2025-11-09 17:15:18
U0385,P0002,2.9,2025-04-19 17:15:18
U0299,P0011,3.3,2026-02-04 17:15:18
U0109,P0134,1.5,2026-03-22 17:15:18
U0193,P0155,4.7,2025-07-02 17:15:18
U0493,P0195,5.0,2025-11-09 17:15:18
U0478,P0125,4.9,2025-07-26 17:15:18
U0310,P0110,4.3,2025-10-04 17:15:18
U0190,P0175,2.3,2025-10-01 17:15:18
U0162,P0062,1.9,2025-09-22 17:15:18
U0341,P0103,5.0,2025-09-13 17:15:18
U0313,P0015,3.3,2025-09-24 17:15:18
U0448,P0085,3.0,2026-02-02 17:15:18
U0002,P0117,3.2,2025-04-02 17:15:18
U0206,P0186,3.2,2026-01-13 17:15:18
U0014,P0155,1.5,2026-01-22 17:15:18
U0445,P0136,1.1,2025-11-02 17:15:18
U0487,P0180,3.5,2025-11-18 17:15:18
U0189,P0116,2.4,2025-05-13 17:15:18
U0352,P0169,2.7,2025-07-25 17:15:18
U0264,P0106,3.5,2025-04-21 17:15:18
U0097,P0001,4.5,2025-05-03 17:15:18
U0491,P0083,2.3,2026-03-17 17:15:18
U0325,P0093,3.8,2026-03-02 17:15:18
U0497,P0189,3.0,2025-10-10 17:15:18
U0348,P0114,3.8,2025-11-26 17:15:18
U0311,P0125,2.6,2025-09-02 17:15:18
U0379,P0157,3.5,2026-02-12 17:15:18
U0179,P0110,1.5,2025-07-25 17:15:18
U0338,P0180,2.6,2026-02-02 17:15:18
U0376,P0099,3.2,2025-10-26 17:15:18
U0365,P0037,3.1,2025-07-02 17:15:18
U0449,P0147,3.1,2025-07-10 17:15:18
U0017,P0033,2.4,2025-07-14 17:15:18
U0408,P0023,5.0,2025-10-22 17:15:18
U0427,P0173,2.0,2025-06-18 17:15:18
U0448,P0120,5.0,2025-12-29 17:15:18
U0459,P0115,4.0,2026-01-25 17:15:18
U0247,P0170,3.4,2025-06-22 17:15:18
U0124,P0063,4.6,2025-12-07 17:15:18
U0088,P0193,2.9,2025-04-22 17:15:18
U0359,P0023,2.9,2026-01-30 17:15:18
U0223,P0184,2.6,2026-03-11 17:15:18
U0083,P0084,4.0,2025-09-10 17:15:18
U0393,P0072,4.9,2025-12-03 17:15:18
U0369,P0066,5.0,2025-04-19 17:15:18
U0244,P0172,4.7,2026-01-21 17:15:18
U0341,P0035,4.1,2025-06-25 17:15:18
U0325,P0186,3.5,2025-07-17 17:15:18
U0047,P0178,3.0,2025-10-06 17:15:18
U0447,P0058,2.5,2025-06-04 17:15:18
U0393,P0154,3.7,2026-02-20 17:15:18
U0330,P0088,3.9,2025-09-13 17:15:18
U0467,P0184,1.0,2025-09-11 17:15:18
U0335,P0165,2.7,2025-06-11 17:15:18
U0495,P0112,3.5,2025-11-26 17:15:18
U0115,P0067,5.0,2026-01-25 17:15:18
U0149,P0023,2.5,2026-01-27 17:15:18
U0046,P0088,2.8,2025-05-26 17:15:18
U0480,P0049,4.0,2026-01-25 17:15:18
U0294,P0095,1.5,2026-01-19 17:15:18
U0437,P0081,3.0,2025-09-12 17:15:18
U0296,P0189,4.3,2026-03-25 17:15:18
U0160,P0016,5.0,2025-05-27 17:15:18
U0275,P0049,1.7,2025-09-08 17:15:18
U0217,P0082,2.5,2025-09-20 17:15:18
U0409,P0174,1.1,2026-01-20 17:15:18
U0267,P0170,4.7,2025-05-21 17:15:18
U0303,P0057,3.0,2026-01-30 17:15:18
U0203,P0003,3.0,2025-06-23 17:15:18
U0437,P0118,4.0,2025-10-15 17:15:18
U0075,P0076,4.4,2025-12-03 17:15:18
U0256,P0175,4.1,2025-08-04 17:15:18
U0076,P0154,2.2,2025-10-31 17:15:18
U0075,P0192,4.1,2025-04-19 17:15:18
U0435,P0180,1.4,2026-03-08 17:15:18
U0307,P0082,1.6,2025-10-18 17:15:18
U0258,P0177,4.1,2026-01-21 17:15:18
U0141,P0181,5.0,2025-06-05 17:15:18
U0245,P0162,2.2,2025-12-05 17:15:18
U0254,P0075,2.3,2025-03-30 17:15:18
U0031,P0086,2.1,2026-01-06 17:15:18
U0424,P0184,2.0,2025-12-08 17:15:18
U0435,P0188,4.3,2025-11-30 17:15:18
U0359,P0189,1.0,2026-02-27 17:15:18
U0473,P0199,5.0,2025-12-24 17:15:18
U0439,P0125,3.3,2025-09-06 17:15:18
U0154,P0169,3.2,2026-01-03 17:15:18
U0012,P0141,2.7,2025-09-06 17:15:18
U0173,P0109,4.7,2025-04-12 17:15:18
U0243,P0090,3.2,2025-09-06 17:15:18
U0201,P0019,4.4,2025-06-28 17:15:18
U0373,P0073,3.0,2025-11-01 17:15:18
U0357,P0050,2.7,2025-04-01 17:15:18
U0439,P0141,1.3,2025-09-05 17:15:18
U0050,P0034,2.2,2025-10-11 17:15:18
U0386,P0149,5.0,2026-02-26 17:15:18
U0156,P0118,4.8,2025-04-24 17:15:18
U0084,P0148,2.5,2026-01-14 17:15:18
U0248,P0075,3.0,2026-01-10 17:15:18
U0108,P0056,4.6,2025-12-15 17:15:18
U0377,P0167,2.5,2026-03-21 17:15:18
U0186,P0186,1.7,2025-06-04 17:15:18
U0053,P0174,3.3,2026-01-09 17:15:18
U0193,P0110,4.0,2025-04-12 17:15:18
U0431,P0044,3.7,2026-02-25 17:15:18
U0050,P0092,1.4,2025-07-26 17:15:18
U0092,P0014,1.0,2026-01-24 17:15:18
U0264,P0167,2.8,2025-10-03 17:15:18
U0304,P0112,2.8,2026-01-08 17:15:18
U0322,P0185,1.0,2025-08-31 17:15:18
U0126,P0009,1.5,2026-01-24 17:15:18
U0124,P0102,5.0,2025-07-18 17:15:18
U0155,P0177,2.2,2025-05-24 17:15:18
U0489,P0045,3.2,2025-04-25 17:15:18
U0382,P0097,1.8,2025-04-05 17:15:18
U0408,P0172,1.0,2025-04-22 17:15:18
U0046,P0200,2.3,2025-07-31 17:15:18
U0443,P0167,3.7,2025-09-11 17:15:18
U0141,P0162,3.6,2025-04-25 17:15:18
U0228,P0095,3.9,2026-03-20 17:15:18
U0062,P0030,2.8,2026-02-11 17:15:18
U0063,P0126,3.8,2025-05-01 17:15:18
U0343,P0131,2.7,2025-11-30 17:15:18
U0012,P0151,3.0,2025-06-05 17:15:18
U0294,P0123,1.0,2025-11-05 17:15:18
U0356,P0191,1.0,2026-02-05 17:15:18
U0407,P0152,3.2,2025-12-23 17:15:18
U0197,P0124,3.0,2025-04-29 17:15:18
U0360,P0112,3.9,2025-10-24 17:15:18
U0293,P0033,1.1,2026-02-03 17:15:18
U0167,P0017,1.8,2025-06-23 17:15:18
U0095,P0104,2.2,2025-04-01 17:15:18
U0011,P0101,2.4,2025-06-14 17:15:18
U0419,P0138,1.8,2025-06-27 17:15:18
U0251,P0017,4.7,2025-07-03 17:15:18
U0429,P0150,5.0,2025-06-23 17:15:18
U0366,P0167,2.1,2026-01-21 17:15:18
U0386,P0193,4.8,2025-12-09 17:15:18
U0495,P0169,1.0,2026-01-24 17:15:18
U0093,P0154,4.7,2025-04-04 17:15:18
U0093,P0002,1.7,2025-06-14 17:15:18
U0063,P0011,2.8,2026-01-19 17:15:18
U0295,P0053,2.3,2025-04-25 17:15:18
U0083,P0023,3.8,2025-06-11 17:15:18
U0132,P0193,3.1,2026-03-08 17:15:18
U0044,P0032,4.6,2025-07-09 17:15:18
U0153,P0094,3.7,2025-06-20 17:15:18
U0088,P0109,2.3,2025-04-23 17:15:18
U0001,P0064,2.3,2025-10-23 17:15:18
U0024,P0133,1.7,2025-10-26 17:15:18
U0228,P0036,4.0,2025-06-03 17:15:18
U0252,P0178,2.4,2025-10-16 17:15:18
U0268,P0091,4.2,2025-05-19 17:15:18
U0276,P0131,2.6,2025-12-08 17:15:18
U0353,P0026,3.3,2025-04-20 17:15:18
U0420,P0012,4.9,2025-11-24 17:15:18
U0019,P0049,1.4,2026-01-12 17:15:18
U0154,P0056,3.4,2026-01-16 17:15:18
U0309,P0142,2.8,2025-12-05 17:15:18
U0303,P0092,3.1,2025-11-03 17:15:18
U0066,P0187,4.6,2025-05-11 17:15:18
U0217,P0020,2.1,2025-06-17 17:15:18
U0131,P0067,2.6,2025-09-11 17:15:18
U0333,P0042,3.5,2025-09-02 17:15:18
U0234,P0022,3.2,2025-11-15 17:15:18
U0347,P0109,5.0,2025-04-04 17:15:18
U0074,P0138,1.8,2025-12-11 17:15:18
U0037,P0162,1.7,2025-11-08 17:15:18
U0325,P0179,2.6,2025-04-29 17:15:18
U0099,P0183,4.7,2025-09-16 17:15:18
U0289,P0169,2.4,2025-04-28 17:15:18
U0421,P0131,3.7,2025-05-20 17:15:18
U0084,P0108,3.0,2026-01-06 17:15:18
U0162,P0112,1.0,2025-09-12 17:15:18
U0127,P0020,2.0,2025-11-07 17:15:18
U0057,P0176,3.4,2025-06-18 17:15:18
U0209,P0017,4.5,2025-10-08 17:15:18
U0328,P0023,1.4,2025-09-21 17:15:18
U0466,P0086,5.0,2025-11-06 17:15:18
U0075,P0058,4.5,2025-11-05 17:15:18
U0006,P0026,4.1,2025-09-13 17:15:18
U0497,P0057,3.7,2025-09-13 17:15:18
U0090,P0135,5.0,2025-10-20 17:15:18
U0302,P0126,4.9,2026-02-05 17:15:18
U0271,P0090,4.9,2025-04-01 17:15:18
U0293,P0073,2.6,2025-06-16 17:15:18
U0139,P0156,3.9,2026-02-03 17:15:18
U0460,P0013,2.0,2025-12-28 17:15:18
U0163,P0193,3.2,2025-09-07 17:15:18
U0093,P0089,1.8,2025-04-12 17:15:18
U0283,P0153,1.1,2025-08-31 17:15:18
U0245,P0152,3.9,2026-01-19 17:15:18
U0133,P0003,1.0,2025-04-08 17:15:18
U0263,P0183,4.2,2026-01-05 17:15:18
U0337,P0033,2.5,2026-01-11 17:15:18
U0194,P0146,4.1,2025-11-09 17:15:18
U0028,P0186,3.5,2025-05-02 17:15:18
U0499,P0095,5.0,2025-03-28 17:15:18
U0399,P0064,3.9,2025-04-12 17:15:18
U0312,P0108,2.8,2025-03-29 17:15:18
U0235,P0047,4.2,2025-08-13 17:15:18
U0182,P0120,3.4,2025-07-11 17:15:18
U0147,P0071,1.5,2025-08-18 17:15:18
U0267,P0184,2.7,2025-11-28 17:15:18
U0157,P0163,2.9,2026-02-09 17:15:18
U0486,P0079,1.8,2025-08-29 17:15:18
U0395,P0081,3.5,2026-02-07 17:15:18
U0325,P0021,3.5,2026-02-14 17:15:18
U0374,P0062,3.9,2026-02-06 17:15:18
U0085,P0148,1.6,2026-02-24 17:15:18
U0044,P0191,3.0,2025-10-30 17:15:18
U0284,P0127,4.6,2026-03-20 17:15:18
U0493,P0109,2.0,2025-04-13 17:15:18
U0261,P0188,3.2,2026-01-15 17:15:18
U0246,P0128,4.1,2025-07-05 17:15:18
U0351,P0174,4.2,2025-06-26 17:15:18
U0358,P0032,3.1,2025-08-30 17:15:18
U0008,P0158,1.7,2025-12-18 17:15:18
U0467,P0191,1.3,2026-03-22 17:15:18
U0366,P0109,1.9,2025-03-31 17:15:18
U0274,P0192,3.9,2025-09-30 17:15:18
U0126,P0190,2.9,2025-04-21 17:15:18
U0487,P0136,2.5,2025-04-09 17:15:18
U0312,P0011,1.0,2025-05-19 17:15:18
U0230,P0044,1.4,2025-04-14 17:15:18
U0477,P0196,3.2,2025-06-30 17:15:18
U0463,P0058,3.1,2025-12-26 17:15:18
U0039,P0094,2.1,2026-01-16 17:15:18
U0264,P0091,3.0,2026-02-27 17:15:18
U0217,P0127,1.5,2025-09-12 17:15:18
U0088,P0096,2.1,2026-01-27 17:15:18
U0174,P0174,3.1,2025-11-18 17:15:18
U0426,P0139,3.4,2026-01-24 17:15:18
U0149,P0077,3.5,2025-07-21 17:15:18
U0151,P0068,1.3,2025-12-06 17:15:18
U0002,P0189,4.3,2025-05-06 17:15:18
U0476,P0165,3.2,2025-07-05 17:15:18
U0423,P0010,2.0,2025-07-31 17:15:18
U0457,P0159,3.8,2025-07-19 17:15:18
U0030,P0092,4.8,2026-03-22 17:15:18
U0316,P0118,2.7,2025-10-08 17:15:18
U0153,P0091,2.7,2026-01-30 17:15:18
U0003,P0090,4.2,2025-12-20 17:15:18
U0206,P0091,3.6,2026-03-21 17:15:18
U0052,P0111,3.6,2025-07-17 17:15:18
U0271,P0132,5.0,2026-01-06 17:15:18
U0211,P0032,3.8,2025-07-19 17:15:18
U0004,P0040,4.2,2025-04-23 17:15:18
U0129,P0058,4.3,2025-07-28 17:15:18
U0203,P0096,3.1,2025-10-23 17:15:18
U0187,P0110,5.0,2025-12-22 17:15:18
U0275,P0069,4.4,2026-01-29 17:15:18
U0225,P0169,2.0,2025-08-13 17:15:18
U0083,P0036,3.6,2025-09-25 17:15:18
U0383,P0112,2.7,2026-03-23 17:15:18
U0184,P0182,1.2,2025-12-14 17:15:18
U0057,P0049,3.9,2025-10-31 17:15:18
U0021,P0035,5.0,2025-09-04 17:15:18
U0216,P0191,1.8,2025-10-07 17:15:18
U0462,P0009,5.0,2026-01-02 17:15:18
U0342,P0051,5.0,2025-07-23 17:15:18
U0492,P0171,3.5,2025-11-09 17:15:18
U0061,P0108,3.0,2025-07-18 17:15:18
U0282,P0127,2.5,2025-04-10 17:15:18
U0366,P0033,3.7,2025-10-10 17:15:18
U0385,P0196,3.5,2025-09-02 17:15:18
U0257,P0186,1.1,2025-09-07 17:15:18
U0068,P0029,3.1,2026-01-29 17:15:18
U0406,P0006,3.8,2026-01-20 17:15:18
U0080,P0089,4.1,2025-07-12 17:15:18
U0007,P0197,3.3,2025-04-09 17:15:18
U0122,P0014,5.0,2025-04-12 17:15:18
U0425,P0088,5.0,2025-08-18 17:15:18
U0500,P0153,1.8,2026-03-21 17:15:18
U0223,P0123,1.2,2025-10-28 17:15:18
U0145,P0125,3.6,2026-02-11 17:15:18
U0390,P0110,2.9,2025-11-19 17:15:18
U0317,P0040,4.2,2025-07-07 17:15:18
U0096,P0064,3.8,2025-11-02 17:15:18
U0393,P0030,3.3,2025-11-11 17:15:18
U0359,P0064,3.5,2025-04-18 17:15:18
U0421,P0110,4.3,2025-12-14 17:15:18
U0243,P0181,2.6,2026-02-01 17:15:18
U0359,P0187,2.3,2025-07-11 17:15:18
U0313,P0047,3.6,2025-12-19 17:15:18
U0438,P0152,3.9,2025-05-07 17:15:18
U0325,P0039,4.5,2025-11-28 17:15:18
U0062,P0034,2.2,2025-09-01 17:15:18
U0020,P0071,3.0,2025-12-17 17:15:18
U0476,P0038,2.4,2025-08-19 17:15:18
U0010,P0158,2.8,2025-12-13 17:15:18
U0047,P0014,1.8,2025-09-12 17:15:18
U0209,P0135,2.3,2025-10-20 17:15:18
U0359,P0163,3.1,2025-11-27 17:15:18
U0114,P0087,5.0,2025-08-19 17:15:18
U0262,P0110,2.2,2025-04-30 17:15:18
U0027,P0078,5.0,2026-01-28 17:15:18
U0138,P0094,4.0,2025-11-02 17:15:18
U0483,P0090,3.9,2025-03-26 17:15:18
U0215,P0064,1.5,2025-10-13 17:15:18
U0459,P0013,1.0,2025-12-22 17:15:18
U0021,P0001,1.0,2026-02-27 17:15:18
U0165,P0055,1.1,2025-10-30 17:15:18
U0242,P0072,3.9,2025-05-19 17:15:18
U0095,P0065,2.6,2025-07-17 17:15:18
U0187,P0086,4.4,2025-10-21 17:15:18
U0058,P0025,1.8,2025-04-17 17:15:18
U0007,P0175,1.3,2025-06-16 17:15:18
U0395,P0034,4.9,2025-10-07 17:15:18
U0185,P0190,2.8,2025-09-21 17:15:18
U0381,P0200,2.4,2025-05-28 17:15:18
U0271,P0155,3.1,2025-09-16 17:15:18
U0122,P0167,4.1,2025-11-04 17:15:18
U0108,P0150,2.3,2025-09-10 17:15:18
U0045,P0028,4.1,2026-01-18 17:15:18
U0323,P0191,4.2,2025-05-21 17:15:18
U0062,P0011,4.9,2025-05-29 17:15:18
U0496,P0168,1.0,2025-12-18 17:15:18
U0099,P0181,3.2,2025-08-09 17:15:18
U0474,P0026,2.4,2026-02-15 17:15:18
U0483,P0140,4.6,2025-05-13 17:15:18
U0176,P0078,1.8,2025-07-26 17:15:18
U0390,P0052,4.0,2025-06-25 17:15:18
U0370,P0040,3.2,2026-03-03 17:15:18
U0066,P0050,5.0,2025-08-23 17:15:18
U0282,P0183,4.8,2025-11-16 17:15:18
U0457,P0195,1.7,2025-06-12 17:15:18
U0500,P0089,2.1,2025-09-19 17:15:18
U0230,P0162,2.0,2026-01-24 17:15:18
U0467,P0112,1.0,2026-02-19 17:15:18
U0248,P0108,3.7,2025-06-30 17:15:18
U0477,P0129,3.2,2026-03-14 17:15:18
U0086,P0154,2.7,2025-11-05 17:15:18
U0357,P0034,3.5,2025-10-28 17:15:18
U0024,P0145,3.0,2026-02-22 17:15:18
U0407,P0178,1.8,2025-12-18 17:15:18
U0380,P0102,2.4,2025-07-15 17:15:18
U0351,P0137,5.0,2025-07-06 17:15:18
U0498,P0020,4.7,2025-12-31 17:15:18
U0225,P0193,2.5,2025-07-08 17:15:18
U0197,P0144,2.3,2025-09-07 17:15:18
U0206,P0156,2.6,2025-11-06 17:15:18
U0106,P0048,2.0,2026-03-24 17:15:18
U0082,P0147,1.9,2025-12-04 17:15:18
U0304,P0179,4.5,2026-03-21 17:15:18
U0451,P0132,4.2,2025-08-04 17:15:18
U0258,P0182,4.4,2025-06-30 17:15:18
U0133,P0078,3.9,2025-12-03 17:15:18
U0152,P0182,1.8,2025-11-08 17:15:18
U0283,P0031,2.3,2025-12-28 17:15:18
U0115,P0012,2.4,2025-06-25 17:15:18
U0122,P0075,5.0,2026-03-05 17:15:18
U0328,P0038,1.3,2025-11-03 17:15:18
U0475,P0035,3.0,2025-11-07 17:15:18
U0448,P0014,3.6,2025-05-01 17:15:18
U0128,P0054,5.0,2025-06-25 17:15:18
U0060,P0001,4.0,2025-04-27 17:15:18
U0178,P0162,1.3,2025-05-20 17:15:18
U0498,P0095,5.0,2025-10-10 17:15:18
U0043,P0181,4.7,2025-06-17 17:15:18
U0136,P0185,3.0,2026-01-16 17:15:18
U0210,P0157,3.2,2025-10-26 17:15:18
U0167,P0015,4.9,2025-05-09 17:15:18
U0418,P0003,4.7,2025-09-24 17:15:18
U0113,P0188,1.8,2025-11-02 17:15:18
U0091,P0066,4.1,2026-03-17 17:15:18
U0276,P0169,2.9,2025-05-31 17:15:18
U0055,P0185,3.0,2025-04-07 17:15:18
U0196,P0168,2.3,2025-11-14 17:15:18
U0446,P0161,3.8,2025-05-05 17:15:18
U0310,P0142,3.2,2025-12-10 17:15:18
U0113,P0084,3.3,2025-11-08 17:15:18
U0105,P0149,5.0,2025-05-07 17:15:18
U0414,P0193,1.9,2025-09-04 17:15:18
U0080,P0115,4.0,2025-11-27 17:15:18
U0223,P0095,3.6,2026-01-09 17:15:18
U0462,P0123,3.8,2026-02-06 17:15:18
U0254,P0047,3.2,2025-08-02 17:15:18
U0095,P0046,4.4,2025-12-19 17:15:18
U0292,P0126,2.8,2025-12-23 17:15:18
U0332,P0073,3.7,2026-03-15 17:15:18
U0159,P0042,1.3,2025-12-25 17:15:18
U0419,P0101,1.4,2025-04-08 17:15:18
U0312,P0049,4.7,2026-02-18 17:15:18
U0074,P0019,2.5,2025-08-19 17:15:18
U0126,P0117,2.4,2025-04-29 17:15:18
U0497,P0104,2.1,2026-02-02 17:15:18
U0371,P0135,2.2,2026-01-14 17:15:18
U0373,P0193,5.0,2026-03-19 17:15:18
U0309,P0026,3.7,2025-09-13 17:15:18
U0197,P0006,1.2,2026-01-28 17:15:18
U0424,P0004,3.2,2025-04-30 17:15:18
U0479,P0012,3.8,2026-01-17 17:15:18
U0128,P0198,4.0,2026-02-11 17:15:18
U0138,P0037,4.1,2025-05-08 17:15:18
U0308,P0004,4.0,2026-03-21 17:15:18
U0278,P0189,2.8,2025-10-03 17:15:18
U0437,P0182,1.3,2026-02-10 17:15:18
U0104,P0036,3.8,2025-07-23 17:15:18
U0389,P0145,3.1,2025-08-10 17:15:18
U0418,P0042,2.4,2025-10-19 17:15:18
U0170,P0123,4.2,2026-01-05 17:15:18
U0125,P0015,4.1,2025-06-20 17:15:18
U0355,P0069,4.0,2025-05-08 17:15:18
U0279,P0032,3.5,2026-03-15 17:15:18
U0423,P0012,4.3,2026-02-01 17:15:18
U0279,P0076,5.0,2026-02-01 17:15:18
U0262,P0107,1.5,2026-01-12 17:15:18
U0001,P0058,4.1,2026-03-13 17:15:18
U0117,P0110,2.6,2025-09-09 17:15:18
U0076,P0091,1.4,2025-04-24 17:15:18
U0147,P0058,5.0,2025-04-09 17:15:18
U0197,P0176,4.8,2026-01-27 17:15:18
U0252,P0044,2.5,2026-01-28 17:15:18
U0115,P0027,4.5,2025-11-01 17:15:18
U0183,P0020,2.6,2025-05-14 17:15:18
U0171,P0031,1.8,2025-09-22 17:15:18
U0473,P0022,1.0,2026-03-03 17:15:18
U0310,P0039,1.8,2025-12-24 17:15:18
U0220,P0136,2.6,2025-10-05 17:15:18
U0308,P0047,4.2,2025-04-12 17:15:18
U0218,P0039,2.4,2025-04-18 17:15:18
U0352,P0078,2.2,2025-05-10 17:15:18
U0419,P0074,3.4,2025-09-28 17:15:18
U0449,P0027,1.4,2025-11-07 17:15:18
U0470,P0128,3.2,2025-04-21 17:15:18
U0189,P0068,4.1,2025-03-26 17:15:18
U0409,P0020,3.5,2026-03-24 17:15:18
U0442,P0039,3.0,2025-04-24 17:15:18
U0076,P0082,2.7,2026-01-09 17:15:18
U0200,P0115,2.6,2025-07-24 17:15:18
U0418,P0018,2.9,2026-01-27 17:15:18
U0296,P0110,4.2,2025-11-03 17:15:18
U0075,P0024,3.0,2025-10-11 17:15:18
U0066,P0047,4.0,2025-09-09 17:15:18
U0181,P0082,1.4,2025-07-15 17:15:18
U0218,P0124,4.1,2025-04-04 17:15:18
U0499,P0106,2.0,2025-05-21 17:15:18
U0407,P0163,5.0,2025-10-06 17:15:18
U0071,P0168,2.5,2025-11-20 17:15:18
U0197,P0108,1.1,2025-06-17 17:15:18
U0255,P0138,2.4,2025-06-25 17:15:18
U0253,P0137,3.0,2025-06-24 17:15:18
U0421,P0059,5.0,2025-09-10 17:15:18
U0043,P0149,1.9,2025-08-22 17:15:18
U0270,P0148,2.4,2025-04-04 17:15:18
U0416,P0192,3.3,2025-12-03 17:15:18
U0360,P0023,1.1,2025-11-25 17:15:18
U0186,P0001,2.1,2025-12-11 17:15:18
U0436,P0005,3.7,2025-09-21 17:15:18
U0286,P0122,3.9,2026-01-16 17:15:18
U0472,P0029,3.2,2026-02-23 17:15:18
U0467,P0090,1.8,2025-09-22 17:15:18
U0435,P0200,3.7,2026-01-13 17:15:18
U0151,P0118,4.0,2026-01-11 17:15:18
U0428,P0142,2.6,2025-08-22 17:15:18
U0125,P0054,2.6,2025-12-01 17:15:18
U0029,P0192,4.4,2026-01-14 17:15:18
U0061,P0179,3.3,2025-03-30 17:15:18
U0074,P0097,2.9,2026-03-12 17:15:18
U0357,P0109,3.0,2025-09-16 17:15:18
U0028,P0180,2.4,2026-01-30 17:15:18
U0340,P0149,2.6,2026-02-16 17:15:18
U0245,P0153,3.0,2026-01-04 17:15:18
U0016,P0038,4.7,2025-09-19 17:15:18
U0073,P0021,3.3,2025-11-20 17:15:18
U0040,P0004,3.3,2025-06-07 17:15:18
U0426,P0107,3.4,2026-01-08 17:15:18
U0392,P0047,3.0,2025-07-28 17:15:18
U0381,P0036,3.5,2025-06-28 17:15:18
U0358,P0077,3.6,2025-07-28 17:15:18
U0211,P0185,3.4,2025-10-04 17:15:18
U0228,P0166,4.1,2025-04-04 17:15:18
U0007,P0074,3.9,2026-01-28 17:15:18
U0080,P0016,3.8,2025-05-01 17:15:18
U0017,P0155,3.2,2025-12-27 17:15:18
U0258,P0042,4.3,2026-03-20 17:15:18
U0203,P0109,4.8,2025-04-11 17:15:18
U0486,P0117,1.6,2025-06-15 17:15:18
U0365,P0067,4.5,2025-06-06 17:15:18
U0257,P0079,3.5,2025-03-27 17:15:18
U0117,P0109,1.6,2026-01-04 17:15:18
U0140,P0024,2.5,2025-07-01 17:15:18
U0194,P0033,2.6,2025-12-07 17:15:18
U0029,P0057,5.0,2025-09-06 17:15:18
U0095,P0191,2.3,2025-06-12 17:15:18
U0310,P0020,2.9,2025-04-05 17:15:18
U0240,P0123,2.8,2025-10-16 17:15:18
U0085,P0014,1.0,2025-09-16 17:15:18
U0332,P0109,2.4,2025-12-16 17:15:18
U0139,P0028,4.0,2026-01-31 17:15:18
U0040,P0093,3.3,2025-05-21 17:15:18
U0399,P0086,3.5,2026-03-11 17:15:18
U0123,P0073,3.5,2026-01-01 17:15:18
U0278,P0028,2.3,2026-02-20 17:15:18
U0109,P0153,1.7,2026-03-20 17:15:18
U0388,P0080,1.4,2025-12-19 17:15:18
U0283,P0052,2.8,2025-05-03 17:15:18
U0476,P0009,1.2,2025-11-22 17:15:18
U0138,P0022,2.1,2025-06-07 17:15:18
U0290,P0012,3.0,2025-06-10 17:15:18
U0405,P0124,4.5,2026-03-02 17:15:18
U0025,P0081,4.3,2026-02-06 17:15:18
U0484,P0080,2.7,2026-03-21 17:15:18
U0183,P0193,1.0,2025-11-01 17:15:18
U0491,P0102,2.4,2025-07-12 17:15:18
U0100,P0081,2.5,2025-09-06 17:15:18
U0372,P0092,4.2,2026-01-18 17:15:18
U0360,P0173,3.6,2026-02-04 17:15:18
U0170,P0105,3.8,2025-07-11 17:15:18
U0052,P0129,2.9,2026-01-08 17:15:18
U0013,P0151,5.0,2025-09-11 17:15:18
U0245,P0151,1.0,2026-03-06 17:15:18
U0149,P0042,2.1,2026-01-07 17:15:18
U0350,P0119,4.2,2026-02-13 17:15:18
U0454,P0161,1.6,2026-02-06 17:15:18
U0488,P0184,4.2,2025-11-27 17:15:18
U0453,P0056,1.9,2025-04-11 17:15:18
U0335,P0037,2.5,2026-01-02 17:15:18
U0494,P0129,4.6,2025-07-04 17:15:18
U0374,P0156,1.9,2025-04-26 17:15:18
U0268,P0197,1.0,2025-10-02 17:15:18
U0230,P0034,3.6,2025-10-03 17:15:18
U0149,P0093,3.5,2025-05-10 17:15:18
U0439,P0111,2.2,2026-03-05 17:15:18
U0457,P0183,1.7,2025-04-10 17:15:18
U0199,P0062,4.9,2025-12-09 17:15:18
U0313,P0156,2.2,2026-02-15 17:15:18
U0491,P0040,2.0,2025-06-08 17:15:18
U0322,P0128,2.6,2026-02-04 17:15:18
U0413,P0004,4.8,2026-01-11 17:15:18
U0393,P0080,5.0,2025-06-18 17:15:18
U0445,P0023,4.8,2025-07-13 17:15:18
U0049,P0117,3.7,2025-10-16 17:15:18
U0087,P0076,3.5,2026-01-02 17:15:18
U0035,P0072,3.0,2025-06-03 17:15:18
U0187,P0091,4.1,2026-02-08 17:15:18
U0037,P0046,2.6,2025-03-27 17:15:18
U0396,P0118,2.9,2025-11-13 17:15:18
U0243,P0066,2.3,2025-08-11 17:15:18
U0333,P0036,4.4,2026-01-21 17:15:18
U0498,P0146,4.4,2025-07-19 17:15:18
U0021,P0094,3.0,2025-10-30 17:15:18
U0206,P0105,2.8,2025-05-12 17:15:18
U0470,P0175,3.5,2026-01-18 17:15:18
U0226,P0094,2.0,2025-07-06 17:15:18
U0433,P0160,1.3,2025-10-16 17:15:18
U0192,P0022,4.3,2025-04-10 17:15:18
U0212,P0130,4.0,2025-08-07 17:15:18
U0135,P0175,2.3,2026-03-04 17:15:18
U0318,P0165,1.6,2026-02-24 17:15:18
U0380,P0063,5.0,2025-04-01 17:15:18
U0421,P0144,2.9,2026-03-21 17:15:18
U0080,P0027,3.6,2025-10-28 17:15:18
U0193,P0041,2.9,2025-06-07 17:15:18
U0205,P0019,3.1,2025-12-01 17:15:18
U0199,P0119,5.0,2025-04-17 17:15:18
U0048,P0090,4.3,2025-07-30 17:15:18
U0240,P0165,3.0,2025-06-25 17:15:18
U0461,P0120,2.9,2026-01-29 17:15:18
U0044,P0047,3.7,2026-01-29 17:15:18
U0470,P0102,4.3,2025-08-16 17:15:18
U0103,P0103,4.6,2025-10-08 17:15:18
U0034,P0082,2.6,2025-10-01 17:15:18
U0310,P0125,5.0,2025-12-07 17:15:18
U0360,P0190,2.7,2025-07-25 17:15:18
U0059,P0072,3.3,2025-08-05 17:15:18
U0020,P0140,3.9,2026-01-05 17:15:18
U0486,P0121,1.7,2026-01-10 17:15:18
U0328,P0055,4.8,2025-10-13 17:15:18
U0291,P0009,3.2,2025-05-22 17:15:18
U0397,P0098,5.0,2026-02-22 17:15:18
U0480,P0093,2.5,2025-08-17 17:15:18
U0243,P0055,1.9,2026-02-26 17:15:18
U0109,P0006,2.4,2025-04-09 17:15:18
U0217,P0070,4.8,2025-11-16 17:15:18
U0326,P0046,2.9,2026-02-11 17:15:18
U0073,P0018,1.5,2025-11-05 17:15:18
U0208,P0021,2.0,2025-10-24 17:15:18
U0448,P0183,2.0,2025-08-06 17:15:18
U0447,P0108,1.0,2025-06-30 17:15:18
U0110,P0172,1.7,2025-11-13 17:15:18
U0095,P0014,2.9,2026-02-06 17:15:18
U0459,P0110,2.1,2025-10-01 17:15:18
U0494,P0193,1.8,2025-10-24 17:15:18
U0085,P0051,1.0,2025-09-28 17:15:18
U0483,P0108,4.5,2025-07-22 17:15:18
U0244,P0138,5.0,2025-04-07 17:15:18
U0402,P0042,3.2,2025-04-03 17:15:18
U0224,P0091,4.3,2025-04-05 17:15:18
U0293,P0100,4.4,2026-03-20 17:15:18
U0288,P0153,3.7,2025-12-14 17:15:18
U0040,P0186,3.2,2025-04-18 17:15:18
U0297,P0158,3.6,2026-01-10 17:15:18
U0166,P0171,2.0,2025-10-14 17:15:18
U0008,P0039,1.2,2025-08-03 17:15:18
U0479,P0038,4.7,2025-07-13 17:15:18
U0443,P0082,3.8,2026-01-26 17:15:18
U0406,P0173,5.0,2025-08-29 17:15:18
U0135,P0134,2.8,2026-03-24 17:15:18
U0231,P0033,4.7,2025-05-05 17:15:18
U0231,P0164,2.1,2025-06-02 17:15:18
U0050,P0010,3.3,2025-12-04 17:15:18
U0382,P0049,1.0,2025-08-22 17:15:18
U0357,P0140,1.2,2025-12-30 17:15:18
U0308,P0097,3.2,2025-12-05 17:15:18
U0179,P0054,4.1,2025-12-18 17:15:18
U0498,P0174,3.4,2025-06-03 17:15:18
U0490,P0004,3.2,2025-09-17 17:15:18
U0417,P0094,5.0,2026-03-17 17:15:18
U0155,P0079,3.1,2025-07-11 17:15:18
U0420,P0032,5.0,2025-04-01 17:15:18
U0256,P0167,4.4,2025-08-04 17:15:18
U0212,P0106,2.8,2025-09-26 17:15:18
U0181,P0139,5.0,2025-08-19 17:15:18
U0172,P0030,1.9,2025-12-25 17:15:18
U0235,P0110,3.4,2025-09-15 17:15:18
U0091,P0142,5.0,2025-05-25 17:15:18
U0084,P0139,4.5,2025-08-14 17:15:18
U0196,P0073,2.5,2025-04-22 17:15:18
U0353,P0175,3.1,2025-08-14 17:15:18
U0325,P0073,3.8,2025-03-31 17:15:18
U0318,P0026,2.3,2026-02-09 17:15:18
U0413,P0027,4.1,2026-02-08 17:15:18
U0333,P0005,4.8,2025-05-14 17:15:18
U0478,P0106,3.2,2026-01-31 17:15:18
U0255,P0192,2.8,2025-05-10 17:15:18
U0475,P0140,2.3,2026-02-02 17:15:18
U0325,P0114,3.7,2025-07-11 17:15:18
U0298,P0009,3.4,2025-04-18 17:15:18
U0149,P0108,3.1,2025-12-07 17:15:18
U0115,P0199,2.2,2025-08-05 17:15:18
U0283,P0098,3.6,2026-01-26 17:15:18
U0101,P0121,2.4,2026-01-21 17:15:18
U0180,P0119,1.6,2025-08-26 17:15:18
U0465,P0166,1.7,2025-03-30 17:15:18
U0402,P0190,1.5,2025-09-04 17:15:18
U0004,P0096,3.7,2025-12-01 17:15:18
U0260,P0073,3.7,2025-11-08 17:15:18
U0451,P0169,3.2,2025-11-10 17:15:18
U0158,P0107,4.2,2025-04-15 17:15:18
U0124,P0002,3.3,2025-08-25 17:15:18
U0017,P0004,2.2,2026-03-12 17:15:18
U0079,P0096,2.5,2025-07-03 17:15:18
U0420,P0190,2.3,2025-05-22 17:15:18
U0163,P0086,3.8,2025-12-28 17:15:18
U0492,P0147,4.5,2025-08-17 17:15:18
U0124,P0143,2.7,2025-09-06 17:15:18
U0099,P0158,1.3,2025-04-30 17:15:18
U0202,P0014,3.6,2025-06-03 17:15:18
U0220,P0033,2.7,2025-05-04 17:15:18
U0200,P0187,4.2,2025-12-27 17:15:18
U0207,P0082,2.5,2025-07-04 17:15:18
U0082,P0112,3.5,2025-11-27 17:15:18
U0051,P0182,4.2,2026-01-20 17:15:18
U0259,P0031,3.0,2025-05-06 17:15:18
U0296,P0101,2.3,2025-05-08 17:15:18
U0470,P0067,3.5,2025-06-15 17:15:18
U0082,P0083,2.2,2025-12-11 17:15:18
U0048,P0024,4.3,2026-03-12 17:15:18
U0224,P0003,3.7,2025-05-08 17:15:18
U0395,P0152,1.7,2026-01-06 17:15:18
U0015,P0159,2.0,2025-03-28 17:15:18
U0279,P0021,2.0,2025-06-06 17:15:18
U0196,P0007,3.2,2026-01-18 17:15:18
U0233,P0163,3.7,2025-05-06 17:15:18
U0399,P0092,3.3,2025-12-20 17:15:18
U0460,P0057,2.9,2025-10-24 17:15:18
U0100,P0138,2.9,2025-11-20 17:15:18
U0372,P0200,1.0,2025-09-13 17:15:18
U0395,P0067,1.9,2025-04-22 17:15:18
U0027,P0071,2.2,2026-02-11 17:15:18
U0479,P0037,4.2,2025-05-08 17:15:18
U0012,P0164,2.2,2025-06-02 17:15:18
U0444,P0027,1.8,2026-01-28 17:15:18
U0236,P0153,2.0,2026-01-22 17:15:18
U0055,P0037,4.0,2025-11-01 17:15:18
U0135,P0047,4.6,2026-02-06 17:15:18
U0040,P0127,4.4,2025-09-21 17:15:18
U0468,P0054,2.7,2025-09-06 17:15:18
U0052,P0126,3.7,2026-03-14 17:15:18
U0212,P0019,3.5,2025-07-19 17:15:18
U0492,P0161,3.4,2026-02-14 17:15:18
U0108,P0176,1.0,2025-08-23 17:15:18
U0193,P0081,3.1,2025-05-05 17:15:18
U0466,P0116,2.2,2026-01-02 17:15:18
U0093,P0077,2.2,2026-03-20 17:15:18
U0463,P0046,2.5,2025-04-22 17:15:18
U0291,P0162,2.6,2025-05-19 17:15:18
U0438,P0009,2.6,2026-01-24 17:15:18
U0500,P0088,1.6,2025-09-29 17:15:18
U0248,P0158,3.8,2025-05-22 17:15:18
U0280,P0002,2.5,2026-01-03 17:15:18
U0268,P0190,3.9,2025-11-15 17:15:18
U0475,P0032,3.7,2025-12-17 17:15:18
U0311,P0008,2.0,2025-06-24 17:15:18
U0012,P0133,5.0,2025-07-06 17:15:18
U0111,P0094,2.8,2026-01-26 17:15:18
U0461,P0056,2.9,2026-03-10 17:15:18
U0168,P0036,2.9,2025-12-03 17:15:18
U0043,P0187,3.9,2025-04-05 17:15:18
U0482,P0033,4.4,2025-11-08 17:15:18
U0141,P0124,4.7,2025-12-13 17:15:18
U0489,P0024,5.0,2025-09-28 17:15:18
U0363,P0142,1.8,2025-04-26 17:15:18
U0382,P0127,3.1,2025-08-14 17:15:18
U0263,P0103,1.9,2025-12-17 17:15:18
U0129,P0045,1.9,2025-12-14 17:15:18
U0352,P0184,3.4,2025-11-02 17:15:18
U0493,P0101,1.6,2026-02-01 17:15:18
U0299,P0197,4.2,2025-05-29 17:15:18
U0407,P0053,4.8,2025-07-19 17:15:18
U0222,P0115,2.5,2025-08-21 17:15:18
U0306,P0192,5.0,2025-11-06 17:15:18
U0418,P0082,1.0,2025-05-11 17:15:18
U0056,P0156,1.2,2025-09-10 17:15:18
U0220,P0052,1.0,2025-06-08 17:15:18
U0181,P0096,1.8,2025-05-06 17:15:18
U0420,P0017,2.7,2025-08-07 17:15:18
U0086,P0009,2.6,2025-07-07 17:15:18
U0130,P0151,4.1,2025-08-28 17:15:18
U0151,P0155,2.6,2025-04-29 17:15:18
U0181,P0102,3.3,2026-03-10 17:15:18
U0415,P0083,2.7,2025-08-18 17:15:18
U0405,P0048,3.2,2025-09-23 17:15:18
U0126,P0019,1.0,2025-12-05 17:15:18
U0337,P0096,2.8,2025-09-16 17:15:18
U0075,P0200,2.8,2025-10-16 17:15:18
U0063,P0003,2.1,2025-10-13 17:15:18
U0110,P0120,3.0,2025-06-08 17:15:18
U0408,P0083,4.1,2025-11-26 17:15:18
U0288,P0017,1.6,2025-09-09 17:15:18
U0146,P0155,2.5,2025-12-07 17:15:18
U0270,P0056,1.0,2026-02-01 17:15:18
U0288,P0072,3.7,2025-05-18 17:15:18
U0485,P0172,3.8,2026-02-15 17:15:18
U0294,P0166,3.6,2025-08-22 17:15:18
U0350,P0194,3.5,2025-08-15 17:15:18
U0163,P0082,3.5,2025-12-14 17:15:18
U0101,P0013,1.7,2025-07-16 17:15:18
U0256,P0012,3.4,2025-11-05 17:15:18
U0216,P0031,3.3,2026-01-21 17:15:18
U0232,P0044,3.1,2025-05-22 17:15:18
U0168,P0152,2.1,2025-09-10 17:15:18
U0122,P0148,2.0,2026-03-15 17:15:18
U0146,P0005,1.9,2025-04-30 17:15:18
U0402,P0148,2.8,2026-03-23 17:15:18
U0467,P0119,4.0,2025-10-31 17:15:18
U0068,P0104,1.3,2026-03-07 17:15:18
U0459,P0137,4.9,2025-06-28 17:15:18
U0021,P0087,3.9,2025-04-29 17:15:18
U0009,P0018,3.8,2025-07-28 17:15:18
U0049,P0107,3.2,2025-10-22 17:15:18
U0141,P0082,5.0,2025-09-29 17:15:18
U0205,P0021,4.0,2025-06-14 17:15:18
U0397,P0081,3.2,2025-07-16 17:15:18
U0314,P0013,2.2,2025-09-05 17:15:18
U0153,P0179,3.3,2025-08-05 17:15:18
U0253,P0165,3.4,2026-01-22 17:15:18
U0432,P0096,2.6,2025-05-13 17:15:18
U0053,P0008,3.7,2025-12-01 17:15:18
U0025,P0003,4.7,2026-01-13 17:15:18
U0054,P0083,1.9,2025-04-07 17:15:18
U0371,P0112,3.9,2025-11-30 17:15:18
U0088,P0023,3.7,2025-12-18 17:15:18
U0371,P0095,2.8,2025-06-23 17:15:18
U0003,P0177,2.4,2026-02-27 17:15:18
U0133,P0012,3.4,2026-01-28 17:15:18
U0025,P0078,1.9,2026-02-15 17:15:18
U0136,P0085,1.6,2025-04-07 17:15:18
U0314,P0098,2.0,2025-11-07 17:15:18
U0358,P0044,4.8,2026-01-14 17:15:18
U0299,P0118,3.8,2026-01-23 17:15:18
U0065,P0082,1.2,2026-01-09 17:15:18
U0386,P0150,4.3,2025-08-26 17:15:18
U0327,P0115,2.8,2025-04-17 17:15:18
U0063,P0134,1.1,2025-06-28 17:15:18
U0124,P0148,3.6,2025-07-24 17:15:18
U0339,P0126,2.6,2025-11-02 17:15:18
U0165,P0198,5.0,2025-07-21 17:15:18
U0116,P0024,2.9,2025-11-10 17:15:18
U0393,P0076,5.0,2025-03-26 17:15:18
U0043,P0091,5.0,2025-06-13 17:15:18
U0428,P0063,1.9,2025-04-22 17:15:18
U0332,P0189,2.2,2025-12-10 17:15:18
U0356,P0020,3.0,2026-02-15 17:15:18
U0031,P0055,3.8,2026-03-19 17:15:18
U0344,P0056,2.5,2025-07-29 17:15:18
U0420,P0099,3.2,2025-12-19 17:15:18
U0250,P0027,3.6,2025-10-02 17:15:18
U0107,P0152,3.3,2025-06-28 17:15:18
U0264,P0081,1.0,2025-10-17 17:15:18
U0363,P0117,2.5,2025-04-24 17:15:18
U0079,P0130,4.3,2026-01-30 17:15:18
U0469,P0034,4.2,2025-12-03 17:15:18
U0470,P0094,2.2,2025-09-09 17:15:18
U0500,P0116,2.6,2025-05-12 17:15:18
U0400,P0103,4.0,2025-12-19 17:15:18
U0036,P0072,4.4,2025-08-21 17:15:18
U0085,P0176,2.1,2025-10-19 17:15:18
U0488,P0148,3.5,2025-04-28 17:15:18
U0053,P0038,2.3,2025-08-01 17:15:18
U0449,P0028,5.0,2026-01-28 17:15:18
U0124,P0005,2.3,2025-08-02 17:15:18
U0096,P0069,2.5,2026-03-11 17:15:18
U0244,P0170,2.0,2025-06-27 17:15:18
U0232,P0091,5.0,2025-11-10 17:15:18
U0061,P0141,4.5,2026-02-10 17:15:18
U0109,P0039,4.5,2025-09-03 17:15:18
U0258,P0111,4.1,2025-07-08 17:15:18
U0171,P0014,2.5,2025-08-12 17:15:18
U0140,P0095,1.0,2026-02-03 17:15:18
U0026,P0167,3.2,2025-09-11 17:15:18
U0375,P0109,4.1,2025-12-16 17:15:18
U0151,P0049,4.4,2025-08-31 17:15:18
U0091,P0153,1.8,2025-11-04 17:15:18
U0272,P0156,2.1,2025-07-16 17:15:18
U0266,P0111,2.1,2026-01-29 17:15:18
U0349,P0013,3.5,2025-04-29 17:15:18
U0128,P0029,2.1,2025-12-03 17:15:18
U0059,P0014,4.6,2026-03-07 17:15:18
U0295,P0069,4.4,2025-11-23 17:15:18
U0034,P0137,1.2,2026-02-02 17:15:18
U0142,P0058,2.4,2025-05-12 17:15:18
U0359,P0184,1.8,2025-08-30 17:15:18
U0201,P0101,1.0,2026-02-02 17:15:18
U0422,P0178,4.1,2025-11-08 17:15:18
U0254,P0053,4.7,2025-12-28 17:15:18
U0178,P0164,3.0,2025-10-29 17:15:18
U0362,P0153,2.7,2025-10-29 17:15:18
U0376,P0001,2.6,2026-02-05 17:15:18
U0095,P0129,3.5,2025-04-01 17:15:18
U0319,P0123,4.8,2025-10-20 17:15:18
U0437,P0177,2.9,2025-11-23 17:15:18
U0088,P0081,1.0,2025-04-11 17:15:18
U0036,P0043,3.8,2025-12-20 17:15:18
U0171,P0117,3.9,2026-01-12 17:15:18
U0493,P0004,2.6,2025-04-18 17:15:18
U0243,P0110,3.2,2025-10-05 17:15:18
U0011,P0046,4.6,2025-11-10 17:15:18
U0452,P0020,2.8,2025-12-28 17:15:18
U0348,P0195,5.0,2026-03-21 17:15:18
U0305,P0091,2.5,2025-07-26 17:15:18
U0299,P0001,3.0,2025-07-18 17:15:18
U0448,P0064,4.6,2025-07-27 17:15:18
U0057,P0012,1.3,2026-03-17 17:15:18
U0291,P0175,1.0,2025-10-28 17:15:18
U0428,P0059,3.3,2025-06-30 17:15:18
U0258,P0043,3.3,2026-01-09 17:15:18
U0397,P0025,3.3,2026-02-02 17:15:18
U0156,P0189,3.4,2025-10-05 17:15:18
U0232,P0126,3.1,2025-09-27 17:15:18
U0280,P0066,3.4,2025-04-20 17:15:18
U0250,P0065,5.0,2025-09-20 17:15:18
U0424,P0091,2.5,2025-10-22 17:15:18
U0364,P0086,2.3,2025-07-03 17:15:18
U0397,P0170,2.4,2025-05-24 17:15:18
U0248,P0029,5.0,2025-11-07 17:15:18
U0352,P0133,1.8,2025-05-02 17:15:18
U0011,P0038,5.0,2025-08-27 17:15:18
U0439,P0057,2.7,2025-04-22 17:15:18
U0073,P0092,2.3,2025-07-14 17:15:18
U0016,P0063,5.0,2025-06-03 17:15:18
U0380,P0179,2.9,2025-08-17 17:15:18
U0185,P0053,2.1,2026-02-08 17:15:18
U0100,P0097,1.3,2025-05-02 17:15:18
U0056,P0071,5.0,2025-05-09 17:15:18
U0348,P0140,5.0,2025-08-07 17:15:18
U0491,P0135,5.0,2025-12-26 17:15:18
U0136,P0174,5.0,2025-09-28 17:15:18
U0455,P0085,3.8,2025-09-06 17:15:18
U0302,P0107,2.1,2025-11-04 17:15:18
U0159,P0049,1.0,2026-03-04 17:15:18
U0297,P0134,4.5,2025-03-31 17:15:18
U0176,P0157,4.5,2026-01-22 17:15:18
U0222,P0117,3.5,2025-06-08 17:15:18
U0496,P0089,5.0,2025-10-29 17:15:18
U0057,P0003,3.0,2025-07-13 17:15:18
U0475,P0176,4.4,2026-01-09 17:15:18
U0239,P0175,2.3,2026-01-08 17:15:18
U0268,P0075,3.1,2025-05-10 17:15:18
U0286,P0171,3.9,2026-01-01 17:15:18
U0156,P0125,2.5,2025-10-29 17:15:18
U0034,P0076,4.1,2026-03-18 17:15:18
U0233,P0011,5.0,2025-12-04 17:15:18
U0145,P0152,2.5,2026-01-21 17:15:18
U0028,P0126,4.8,2025-10-20 17:15:18
U0003,P0111,1.5,2025-09-26 17:15:18
U0339,P0001,2.5,2026-02-28 17:15:18
U0129,P0036,1.9,2025-09-27 17:15:18
U0450,P0073,3.2,2025-07-11 17:15:18
U0341,P0197,2.5,2025-06-11 17:15:18
U0080,P0023,4.7,2025-11-07 17:15:18
U0074,P0188,3.6,2025-12-15 17:15:18
U0222,P0150,3.2,2026-02-12 17:15:18
U0149,P0057,2.8,2026-03-09 17:15:18
U0243,P0091,3.0,2025-11-18 17:15:18
U0416,P0174,2.5,2025-05-03 17:15:18
U0205,P0026,3.5,2025-11-12 17:15:18
U0472,P0078,2.2,2025-05-24 17:15:18
U0160,P0045,2.1,2025-06-10 17:15:18
U0224,P0174,1.5,2025-10-11 17:15:18
U0412,P0149,1.0,2026-01-13 17:15:18
U0350,P0197,1.8,2025-12-13 17:15:18
U0129,P0035,4.2,2025-08-24 17:15:18
U0284,P0052,1.2,2025-10-22 17:15:18
U0157,P0022,4.0,2025-10-24 17:15:18
U0291,P0161,5.0,2025-08-01 17:15:18
U0280,P0047,5.0,2025-09-14 17:15:18
U0401,P0112,4.1,2026-02-04 17:15:18
U0071,P0135,4.4,2025-08-11 17:15:18
U0356,P0081,5.0,2025-07-11 17:15:18
U0479,P0176,3.3,2025-03-26 17:15:18
U0184,P0120,1.9,2025-09-25 17:15:18
U0219,P0120,1.3,2025-08-22 17:15:18
U0493,P0106,3.7,2025-08-01 17:15:18
U0015,P0144,4.0,2026-03-12 17:15:18
U0491,P0197,1.9,2025-08-22 17:15:18
U0046,P0194,3.7,2026-01-13 17:15:18
U0315,P0078,1.7,2025-11-21 17:15:18
U0298,P0132,2.9,2025-09-15 17:15:18
U0066,P0159,5.0,2025-06-20 17:15:18
U0461,P0145,1.0,2025-10-26 17:15:18
U0028,P0194,2.9,2025-09-05 17:15:18
U0065,P0104,3.7,2025-04-16 17:15:18
U0004,P0119,2.6,2025-07-03 17:15:18
U0236,P0014,4.5,2026-02-10 17:15:18
U0029,P0070,3.8,2025-04-27 17:15:18
U0055,P0086,2.4,2025-05-25 17:15:18
U0050,P0075,2.3,2025-06-09 17:15:18
U0170,P0016,3.5,2026-01-22 17:15:18
U0380,P0150,4.4,2025-04-14 17:15:18
U0262,P0190,2.7,2026-02-26 17:15:18
U0360,P0053,1.2,2025-07-04 17:15:18
U0074,P0144,2.1,2025-07-15 17:15:18
U0070,P0058,4.9,2025-04-14 17:15:18
U0328,P0040,2.5,2025-10-22 17:15:18
U0322,P0080,4.7,2026-03-22 17:15:18
U0413,P0125,5.0,2025-05-10 17:15:18
U0353,P0052,3.5,2026-01-26 17:15:18
U0035,P0001,4.1,2026-01-06 17:15:18
U0310,P0031,3.5,2025-07-02 17:15:18
U0050,P0064,1.0,2025-12-11 17:15:18
U0054,P0122,3.8,2026-03-13 17:15:18
U0427,P0130,3.7,2025-08-10 17:15:18
U0201,P0015,4.4,2026-01-22 17:15:18
U0154,P0104,3.8,2025-07-21 17:15:18
U0095,P0061,3.7,2025-06-19 17:15:18
U0134,P0157,2.2,2025-04-11 17:15:18
U0316,P0032,3.1,2025-08-16 17:15:18
U0075,P0163,4.5,2026-03-14 17:15:18
U0095,P0037,5.0,2025-04-23 17:15:18
U0124,P0044,3.9,2025-07-07 17:15:18
U0380,P0180,2.8,2025-06-19 17:15:18
U0103,P0122,5.0,2025-07-23 17:15:18
U0149,P0075,1.7,2025-04-18 17:15:18
U0052,P0151,4.4,2025-07-16 17:15:18
U0189,P0171,1.8,2025-11-05 17:15:18
U0201,P0099,3.4,2025-04-02 17:15:18
U0410,P0028,2.7,2025-07-31 17:15:18
U0214,P0109,2.8,2026-01-09 17:15:18
U0015,P0073,3.2,2025-08-03 17:15:18
U0062,P0145,3.2,2025-09-07 17:15:18
U0006,P0149,5.0,2025-10-21 17:15:18
U0018,P0166,3.0,2025-04-26 17:15:18
U0458,P0169,3.7,2025-05-12 17:15:18
U0228,P0011,2.7,2025-09-25 17:15:18
U0493,P0036,3.3,2025-07-29 17:15:18
U0452,P0186,3.4,2025-08-03 17:15:18
U0142,P0003,1.2,2026-01-03 17:15:18
U0439,P0129,5.0,2025-12-08 17:15:18
U0179,P0181,3.3,2025-06-30 17:15:18
U0200,P0132,1.0,2026-02-21 17:15:18
U0090,P0168,1.9,2026-01-07 17:15:18
U0181,P0168,5.0,2025-06-10 17:15:18
U0174,P0118,3.9,2026-01-13 17:15:18
U0338,P0078,4.9,2025-09-05 17:15:18
U0035,P0166,3.8,2025-07-21 17:15:18
U0193,P0121,4.1,2025-05-19 17:15:18
U0338,P0047,2.4,2025-06-04 17:15:18
U0363,P0130,3.6,2025-04-22 17:15:18
U0270,P0067,1.6,2026-01-18 17:15:18
U0358,P0083,1.7,2025-05-28 17:15:18
U0490,P0149,3.5,2025-09-28 17:15:18
U0300,P0159,4.0,2025-08-31 17:15:18
U0035,P0012,3.9,2026-03-10 17:15:18
U0437,P0188,1.8,2026-01-03 17:15:18
U0119,P0025,3.9,2025-04-19 17:15:18
U0055,P0128,1.6,2025-04-12 17:15:18
U0244,P0083,4.0,2025-11-27 17:15:18
U0396,P0188,2.5,2025-11-24 17:15:18
U0054,P0045,3.5,2025-09-10 17:15:18
U0387,P0108,1.1,2026-02-21 17:15:18
U0032,P0157,3.2,2025-11-17 17:15:18
U0059,P0010,4.7,2026-02-16 17:15:18
U0227,P0196,1.0,2025-09-15 17:15:18
U0311,P0162,3.8,2026-03-10 17:15:18
U0473,P0045,5.0,2025-10-12 17:15:18
U0056,P0179,4.0,2025-08-07 17:15:18
U0194,P0035,1.9,2025-05-03 17:15:18
U0294,P0143,5.0,2025-12-13 17:15:18
U0101,P0065,2.7,2025-07-17 17:15:18
U0225,P0174,2.5,2025-10-30 17:15:18
U0116,P0052,2.7,2026-01-02 17:15:18
U0223,P0136,3.8,2025-12-17 17:15:18
U0045,P0150,2.9,2026-03-13 17:15:18
U0323,P0172,2.0,2026-02-04 17:15:18
U0105,P0009,3.0,2026-01-13 17:15:18
U0458,P0002,3.7,2025-09-22 17:15:18
U0397,P0105,1.5,2025-06-08 17:15:18
U0280,P0019,4.0,2025-10-02 17:15:18
U0095,P0175,1.9,2025-05-01 17:15:18
U0271,P0128,2.5,2025-12-18 17:15:18
U0427,P0054,5.0,2025-06-06 17:15:18
U0424,P0122,3.5,2025-07-12 17:15:18
U0181,P0092,1.2,2025-05-13 17:15:18
U0461,P0144,3.8,2026-01-14 17:15:18
U0411,P0018,4.1,2025-08-13 17:15:18
U0219,P0161,2.3,2025-09-14 17:15:18
U0448,P0019,4.3,2025-06-07 17:15:18
U0041,P0033,3.0,2025-07-04 17:15:18
U0153,P0026,5.0,2026-01-24 17:15:18
U0256,P0060,3.0,2026-02-27 17:15:18
U0308,P0139,2.1,2025-10-07 17:15:18
U0012,P0058,1.8,2025-10-28 17:15:18
U0473,P0065,3.9,2025-09-07 17:15:18
U0361,P0092,4.6,2026-02-19 17:15:18
U0447,P0041,2.5,2025-10-29 17:15:18
U0039,P0137,3.8,2025-06-04 17:15:18
U0124,P0133,4.1,2025-05-17 17:15:18
U0257,P0080,3.4,2025-09-02 17:15:18
U0317,P0015,2.2,2025-06-19 17:15:18
U0358,P0029,1.0,2025-05-31 17:15:18
U0242,P0068,3.5,2025-04-25 17:15:18
U0016,P0009,4.3,2025-10-03 17:15:18
U0216,P0067,1.7,2025-12-13 17:15:18
U0172,P0196,4.4,2026-02-23 17:15:18
U0072,P0053,2.6,2025-06-18 17:15:18
U0419,P0188,1.5,2025-10-08 17:15:18
U0474,P0194,3.4,2025-04-20 17:15:18
U0468,P0016,4.4,2025-11-25 17:15:18
U0253,P0019,2.9,2025-06-10 17:15:18
U0464,P0157,2.1,2025-03-31 17:15:18
U0428,P0196,3.0,2026-03-07 17:15:18
U0178,P0019,2.2,2025-08-24 17:15:18
U0307,P0190,4.6,2025-05-16 17:15:18
U0476,P0021,2.1,2025-06-16 17:15:18
U0246,P0034,3.6,2025-11-07 17:15:18
U0371,P0011,5.0,2026-01-31 17:15:18
U0019,P0128,1.7,2025-07-09 17:15:18
U0116,P0167,3.4,2025-09-27 17:15:18
U0221,P0123,2.1,2025-10-21 17:15:18
U0401,P0059,1.3,2026-03-15 17:15:18
U0477,P0015,1.0,2026-03-12 17:15:18
U0397,P0051,3.8,2025-06-25 17:15:18
U0312,P0098,2.6,2025-04-10 17:15:18
U0351,P0189,2.4,2026-03-16 17:15:18
U0283,P0124,2.4,2026-02-27 17:15:18
U0199,P0197,4.0,2025-09-13 17:15:18
U0357,P0033,3.5,2025-08-17 17:15:18
U0360,P0110,2.3,2025-06-17 17:15:18
U0071,P0030,3.4,2025-08-13 17:15:18
U0061,P0158,2.2,2025-09-18 17:15:18
U0181,P0050,3.1,2025-10-01 17:15:18
U0224,P0015,3.9,2025-11-24 17:15:18
U0119,P0024,1.9,2025-05-28 17:15:18
U0006,P0059,4.1,2025-08-26 17:15:18
U0455,P0138,4.3,2025-06-08 17:15:18
U0024,P0004,3.0,2025-11-18 17:15:18
U0417,P0015,2.5,2026-02-14 17:15:18
U0030,P0033,1.0,2025-08-13 17:15:18
U0093,P0073,1.0,2026-03-03 17:15:18
U0161,P0090,4.4,2025-05-21 17:15:18
U0336,P0063,3.6,2025-10-27 17:15:18
U0067,P0156,2.7,2025-09-03 17:15:18
U0246,P0169,2.5,2026-01-22 17:15:18
U0337,P0020,1.5,2026-02-14 17:15:18
U0129,P0140,2.5,2025-12-10 17:15:18
U0254,P0181,2.8,2025-09-24 17:15:18
U0228,P0183,3.9,2025-10-22 17:15:18
U0483,P0094,1.1,2025-06-16 17:15:18
U0150,P0168,2.3,2025-11-20 17:15:18
U0270,P0069,1.5,2025-10-13 17:15:18
U0358,P0139,4.6,2025-07-11 17:15:18
U0054,P0014,2.2,2025-09-29 17:15:18
U0462,P0106,2.0,2025-03-29 17:15:18
U0487,P0160,3.4,2025-07-20 17:15:18
U0144,P0021,2.5,2025-12-11 17:15:18
U0467,P0036,3.0,2025-07-02 17:15:18
U0119,P0079,1.5,2025-06-15 17:15:18
U0108,P0032,1.1,2025-09-16 17:15:18
U0372,P0037,4.1,2026-03-07 17:15:18
U0121,P0179,2.2,2025-08-12 17:15:18
U0333,P0196,4.6,2025-08-05 17:15:18
U0488,P0030,3.9,2026-03-15 17:15:18
U0256,P0009,2.7,2025-11-07 17:15:18
U0143,P0151,1.0,2025-09-10 17:15:18
U0154,P0022,5.0,2026-02-23 17:15:18
U0143,P0157,3.8,2025-09-10 17:15:18
U0254,P0005,4.7,2025-09-11 17:15:18
U0197,P0114,3.2,2026-03-03 17:15:18
U0115,P0053,4.3,2025-09-12 17:15:18
U0095,P0169,1.2,2025-08-17 17:15:18
U0273,P0014,3.0,2025-04-21 17:15:18
U0157,P0009,3.6,2025-06-21 17:15:18
U0391,P0090,2.5,2026-03-12 17:15:18
U0466,P0156,3.2,2025-10-04 17:15:18
U0473,P0068,2.8,2025-05-27 17:15:18
U0111,P0194,3.3,2026-03-11 17:15:18
U0175,P0186,3.0,2025-05-11 17:15:18
U0223,P0110,5.0,2026-02-24 17:15:18
U0414,P0028,3.9,2025-06-15 17:15:18
U0199,P0185,4.6,2025-04-12 17:15:18
U0148,P0137,3.9,2025-07-31 17:15:18
U0218,P0147,4.4,2025-06-08 17:15:18
U0394,P0133,2.3,2025-11-12 17:15:18
U0084,P0098,2.6,2025-07-29 17:15:18
U0382,P0061,1.0,2026-01-17 17:15:18
U0465,P0004,1.0,2025-11-02 17:15:18
U0410,P0175,2.8,2025-11-05 17:15:18
U0044,P0064,2.6,2025-06-21 17:15:18
U0152,P0087,2.2,2025-06-06 17:15:18
U0203,P0010,2.4,2025-05-14 17:15:18
U0141,P0093,5.0,2025-11-08 17:15:18
U0338,P0065,3.7,2025-04-25 17:15:18
U0415,P0198,3.0,2025-05-18 17:15:18
U0007,P0032,3.4,2025-10-19 17:15:18
U0292,P0170,2.8,2025-10-12 17:15:18
U0429,P0068,2.3,2025-12-24 17:15:18
U0228,P0119,2.1,2026-03-17 17:15:18
U0226,P0003,4.3,2025-07-30 17:15:18
U0019,P0092,3.7,2025-07-23 17:15:18
U0327,P0143,2.6,2025-12-04 17:15:18
U0210,P0015,1.0,2025-06-02 17:15:18
U0481,P0021,3.6,2025-11-04 17:15:18
U0460,P0157,5.0,2025-06-16 17:15:18
U0161,P0017,3.8,2025-08-12 17:15:18
U0093,P0067,3.6,2025-11-04 17:15:18
U0133,P0127,5.0,2026-01-19 17:15:18
U0117,P0162,2.7,2025-12-26 17:15:18
U0076,P0159,1.7,2025-04-24 17:15:18
U0026,P0060,1.6,2026-01-26 17:15:18
U0336,P0010,3.2,2025-12-21 17:15:18
U0351,P0130,1.7,2025-08-12 17:15:18
U0297,P0082,4.2,2026-03-04 17:15:18
U0284,P0184,1.3,2025-11-29 17:15:18
U0032,P0183,2.2,2025-11-13 17:15:18
U0500,P0066,2.5,2026-03-17 17:15:18
U0348,P0091,2.8,2025-06-22 17:15:18
U0368,P0012,1.4,2025-05-22 17:15:18
U0121,P0090,3.7,2026-01-29 17:15:18
U0040,P0130,3.4,2025-08-10 17:15:18
U0058,P0131,1.0,2026-02-14 17:15:18
U0122,P0053,2.4,2025-10-10 17:15:18
U0293,P0096,2.5,2025-04-11 17:15:18
U0213,P0019,4.2,2025-05-01 17:15:18
U0219,P0073,3.9,2026-01-11 17:15:18
U0013,P0084,3.8,2025-05-19 17:15:18
U0404,P0093,2.4,2025-10-05 17:15:18
U0500,P0105,1.4,2025-04-26 17:15:18
U0192,P0121,4.8,2025-10-26 17:15:18
U0319,P0008,4.2,2026-01-02 17:15:18
U0189,P0012,2.1,2025-10-28 17:15:18
U0477,P0039,2.1,2025-05-27 17:15:18
U0014,P0028,3.9,2025-05-18 17:15:18
U0109,P0081,2.8,2025-07-07 17:15:18
U0367,P0200,1.9,2025-07-08 17:15:18
U0402,P0149,2.9,2025-03-26 17:15:18
U0177,P0056,1.3,2025-09-13 17:15:18
U0426,P0150,1.0,2026-03-09 17:15:18
U0337,P0186,1.9,2026-01-08 17:15:18
U0196,P0196,4.7,2025-04-27 17:15:18
U0041,P0020,3.5,2025-12-01 17:15:18
U0290,P0129,5.0,2025-06-04 17:15:18
U0323,P0141,3.0,2025-08-23 17:15:18
U0276,P0188,3.1,2026-01-22 17:15:18
U0434,P0136,1.9,2026-02-27 17:15:18
U0311,P0121,2.7,2025-04-22 17:15:18
U0269,P0134,2.0,2025-08-12 17:15:18
U0163,P0069,4.6,2025-12-16 17:15:18
U0429,P0148,3.0,2025-10-26 17:15:18
U0467,P0063,1.1,2025-10-08 17:15:18
U0125,P0197,2.2,2025-09-21 17:15:18
U0162,P0192,1.8,2026-01-25 17:15:18
U0355,P0062,3.5,2025-08-10 17:15:18
U0376,P0105,2.2,2025-09-21 17:15:18
U0041,P0091,1.9,2025-06-12 17:15:18
U0259,P0020,3.7,2025-09-21 17:15:18
U0335,P0124,3.7,2025-05-20 17:15:18
U0118,P0115,3.7,2025-08-23 17:15:18
U0118,P0146,2.2,2026-01-20 17:15:18
U0126,P0199,1.9,2025-08-29 17:15:18
U0346,P0150,3.4,2025-04-19 17:15:18
U0071,P0156,1.8,2025-11-12 17:15:18
U0408,P0074,3.3,2025-10-02 17:15:18
U0161,P0031,1.8,2026-02-12 17:15:18
U0210,P0108,2.1,2025-07-10 17:15:18
U0076,P0148,1.9,2025-07-15 17:15:18
U0324,P0198,4.2,2025-12-14 17:15:18
U0461,P0047,2.9,2025-08-05 17:15:18
U0062,P0108,3.1,2025-11-11 17:15:18
U0392,P0142,3.8,2025-03-26 17:15:18
U0477,P0121,1.5,2026-02-02 17:15:18
U0065,P0009,1.0,2025-08-17 17:15:18
U0013,P0177,4.4,2025-12-30 17:15:18
U0038,P0034,3.2,2025-07-05 17:15:18
U0444,P0136,4.3,2025-09-08 17:15:18
U0463,P0109,1.0,2025-09-25 17:15:18
U0066,P0103,3.9,2025-04-03 17:15:18
U0286,P0062,4.7,2025-03-26 17:15:18
U0151,P0031,2.5,2025-10-04 17:15:18
U0460,P0087,1.0,2025-05-27 17:15:18
U0312,P0158,5.0,2026-01-29 17:15:18
U0370,P0012,3.3,2026-02-16 17:15:18
U0379,P0091,1.7,2025-08-08 17:15:18
U0467,P0105,1.0,2025-05-07 17:15:18
U0231,P0190,2.1,2025-08-14 17:15:18
U0149,P0194,2.3,2025-07-24 17:15:18
U0359,P0035,3.2,2025-12-22 17:15:18
U0371,P0197,1.1,2025-05-28 17:15:18
U0470,P0131,2.5,2026-02-11 17:15:18
U0304,P0152,3.0,2025-09-17 17:15:18
U0346,P0167,3.5,2025-08-05 17:15:18
U0195,P0083,2.4,2025-08-13 17:15:18
U0091,P0131,3.6,2025-05-28 17:15:18
U0144,P0198,2.5,2026-02-04 17:15:18
U0119,P0077,3.6,2025-07-16 17:15:18
U0175,P0013,2.4,2025-06-10 17:15:18
U0266,P0135,1.0,2025-06-02 17:15:18
U0261,P0110,3.8,2025-10-30 17:15:18
U0166,P0099,3.6,2025-10-13 17:15:18
U0388,P0046,1.6,2026-01-11 17:15:18
U0022,P0189,3.6,2025-12-08 17:15:18
U0221,P0133,3.8,2025-11-03 17:15:18
U0295,P0158,1.1,2025-10-16 17:15:18
U0051,P0089,5.0,2025-10-31 17:15:18
U0085,P0031,1.6,2025-10-29 17:15:18
U0141,P0125,4.5,2025-08-13 17:15:18
U0115,P0044,3.9,2025-10-29 17:15:18
U0481,P0067,3.8,2025-05-19 17:15:18
U0386,P0028,2.9,2025-11-27 17:15:18
U0342,P0072,3.8,2026-01-12 17:15:18
U0050,P0053,1.6,2025-06-16 17:15:18
U0430,P0131,4.8,2025-12-29 17:15:18
U0015,P0154,1.0,2026-03-05 17:15:18
U0492,P0139,4.6,2025-06-23 17:15:18
U0410,P0050,1.4,2026-03-22 17:15:18
U0190,P0053,3.8,2025-11-01 17:15:18
U0483,P0147,4.2,2025-08-19 17:15:18
U0375,P0114,3.1,2025-07-02 17:15:18
U0065,P0117,4.1,2025-10-25 17:15:18
U0471,P0029,2.2,2025-03-29 17:15:18
U0471,P0031,1.6,2025-08-10 17:15:18
U0456,P0111,4.7,2025-07-16 17:15:18
U0135,P0023,4.2,2026-01-14 17:15:18
U0143,P0188,5.0,2025-04-17 17:15:18
U0060,P0091,2.9,2026-02-13 17:15:18
U0382,P0057,3.0,2026-02-15 17:15:18
U0168,P0041,1.7,2025-07-09 17:15:18
U0172,P0071,2.6,2025-08-05 17:15:18
U0323,P0189,1.0,2025-07-06 17:15:18
U0345,P0199,4.2,2026-02-16 17:15:18
U0362,P0177,4.4,2025-10-15 17:15:18
U0457,P0010,3.7,2025-08-16 17:15:18
U0052,P0181,1.0,2025-07-02 17:15:18
U0163,P0049,5.0,2025-06-13 17:15:18
U0339,P0161,4.7,2026-03-07 17:15:18
U0486,P0163,1.2,2025-05-08 17:15:18
U0005,P0063,3.3,2026-01-14 17:15:18
U0301,P0097,2.5,2025-12-03 17:15:18
U0345,P0051,1.0,2025-11-10 17:15:18
U0241,P0039,3.0,2025-07-20 17:15:18
U0417,P0048,3.3,2025-07-14 17:15:18
U0145,P0034,1.9,2025-12-14 17:15:18
U0326,P0023,3.7,2025-07-04 17:15:18
U0439,P0186,1.0,2025-12-06 17:15:18
U0002,P0112,1.0,2026-02-19 17:15:18
U0252,P0143,2.6,2025-05-17 17:15:18
U0107,P0182,2.5,2025-12-24 17:15:18
U0020,P0108,1.8,2025-04-07 17:15:18
U0135,P0158,3.3,2025-09-12 17:15:18
U0324,P0150,4.5,2025-11-25 17:15:18
U0327,P0090,3.4,2025-07-21 17:15:18
U0272,P0169,3.9,2025-12-23 17:15:18
U0450,P0077,3.1,2025-11-27 17:15:18
U0449,P0075,3.6,2025-04-17 17:15:18
U0249,P0126,5.0,2025-05-07 17:15:18
U0201,P0154,1.7,2025-09-24 17:15:18
U0279,P0124,4.6,2025-10-25 17:15:18
U0050,P0057,2.5,2026-01-27 17:15:18
U0494,P0194,1.1,2025-10-29 17:15:18
U0215,P0115,5.0,2025-10-10 17:15:18
U0127,P0170,4.1,2025-08-20 17:15:18
U0060,P0046,3.4,2025-07-31 17:15:18
U0490,P0082,3.7,2025-04-21 17:15:18
U0059,P0089,2.8,2025-04-03 17:15:18
U0066,P0199,3.4,2025-07-21 17:15:18
U0431,P0126,5.0,2025-05-22 17:15:18
U0211,P0176,2.5,2025-11-25 17:15:18
U0015,P0075,4.7,2025-11-08 17:15:18
U0260,P0056,1.0,2025-08-28 17:15:18
U0032,P0144,2.9,2025-10-11 17:15:18
U0134,P0173,1.9,2025-10-14 17:15:18
U0211,P0101,5.0,2025-08-11 17:15:18
U0218,P0103,3.1,2025-11-12 17:15:18
U0468,P0014,2.7,2025-11-08 17:15:18
U0249,P0187,3.0,2025-12-03 17:15:18
U0174,P0163,1.5,2026-03-02 17:15:18
U0210,P0057,5.0,2025-06-05 17:15:18
U0449,P0043,4.5,2025-06-24 17:15:18
U0106,P0200,4.4,2025-05-09 17:15:18
U0057,P0158,5.0,2025-05-17 17:15:18
U0169,P0034,1.9,2025-05-20 17:15:18
U0277,P0006,1.7,2026-03-15 17:15:18
U0411,P0098,2.5,2026-02-07 17:15:18
U0400,P0181,2.9,2025-10-06 17:15:18
U0468,P0091,2.1,2025-06-15 17:15:18
U0033,P0168,3.0,2026-02-28 17:15:18
U0266,P0054,2.8,2025-09-21 17:15:18
U0275,P0051,1.5,2026-01-04 17:15:18
U0430,P0138,4.5,2025-09-04 17:15:18
U0441,P0184,3.4,2025-11-28 17:15:18
U0467,P0096,4.2,2025-10-07 17:15:18
U0212,P0056,5.0,2025-06-15 17:15:18
U0376,P0064,1.3,2026-03-19 17:15:18
U0019,P0006,3.0,2025-06-29 17:15:18
U0053,P0129,2.8,2025-09-03 17:15:18
U0406,P0125,1.4,2026-03-04 17:15:18
U0081,P0073,3.4,2025-10-22 17:15:18
U0013,P0059,1.6,2025-05-06 17:15:18
U0127,P0009,3.5,2025-11-06 17:15:18
U0384,P0032,3.8,2025-09-13 17:15:18
U0336,P0103,3.3,2026-01-17 17:15:18
U0419,P0190,2.2,2025-11-07 17:15:18
U0442,P0022,2.4,2026-02-14 17:15:18
U0038,P0130,3.6,2025-03-30 17:15:18
U0391,P0188,3.2,2025-08-25 17:15:18
U0011,P0004,2.4,2025-06-21 17:15:18
U0049,P0189,4.4,2025-05-28 17:15:18
U0406,P0101,2.7,2025-12-16 17:15:18
U0426,P0156,5.0,2025-10-17 17:15:18
U0402,P0083,4.5,2025-08-20 17:15:18
U0263,P0191,1.6,2026-03-14 17:15:18
U0155,P0071,4.7,2025-08-03 17:15:18
U0104,P0026,4.2,2025-11-10 17:15:18
U0497,P0168,3.9,2025-06-03 17:15:18
U0242,P0097,5.0,2025-10-27 17:15:18
U0220,P0024,2.7,2025-12-02 17:15:18
U0496,P0105,4.4,2025-06-11 17:15:18
U0143,P0124,5.0,2025-10-31 17:15:18
U0465,P0180,2.2,2025-06-25 17:15:18
U0260,P0063,2.2,2025-09-11 17:15:18
U0009,P0128,2.6,2025-09-05 17:15:18
U0488,P0096,5.0,2025-06-19 17:15:18
U0366,P0028,2.5,2025-08-06 17:15:18
U0115,P0148,1.0,2026-03-13 17:15:18
U0204,P0198,3.4,2025-11-27 17:15:18
U0229,P0095,2.4,2025-07-24 17:15:18
U0289,P0028,3.6,2025-04-30 17:15:18
U0074,P0162,4.5,2026-02-11 17:15:18
U0049,P0144,3.1,2025-12-29 17:15:18
U0107,P0126,1.1,2025-05-26 17:15:18
U0128,P0022,4.1,2026-01-12 17:15:18
U0207,P0158,4.9,2025-07-26 17:15:18
U0268,P0186,1.0,2025-06-08 17:15:18
U0390,P0060,4.8,2026-02-23 17:15:18
U0393,P0127,3.3,2025-11-16 17:15:18
U0211,P0080,5.0,2025-10-04 17:15:18
U0428,P0039,3.7,2026-03-07 17:15:18
U0165,P0177,5.0,2025-06-09 17:15:18
U0307,P0105,3.6,2026-03-23 17:15:18
U0138,P0177,4.1,2025-12-08 17:15:18
U0387,P0144,3.6,2025-07-18 17:15:18
U0280,P0128,4.0,2025-10-16 17:15:18
U0492,P0167,4.0,2025-11-25 17:15:18
U0165,P0119,1.2,2025-03-28 17:15:18
U0248,P0132,1.6,2025-06-14 17:15:18
U0440,P0190,5.0,2026-02-12 17:15:18
U0472,P0027,5.0,2025-08-20 17:15:18
U0359,P0020,2.1,2025-09-14 17:15:18
U0066,P0194,3.4,2026-03-19 17:15:18
U0083,P0134,2.8,2026-01-22 17:15:18
U0086,P0051,4.0,2025-08-13 17:15:18
U0446,P0030,4.1,2026-03-06 17:15:18
U0454,P0109,3.5,2025-07-15 17:15:18
U0088,P0161,5.0,2025-06-30 17:15:18
U0250,P0036,4.6,2025-06-18 17:15:18
U0005,P0076,2.5,2026-01-24 17:15:18
U0223,P0076,3.2,2025-04-13 17:15:18
U0139,P0134,2.1,2025-10-11 17:15:18
U0315,P0096,5.0,2025-06-10 17:15:18
U0268,P0176,2.7,2025-12-11 17:15:18
U0412,P0158,3.7,2025-09-16 17:15:18
U0266,P0155,1.7,2025-11-17 17:15:18
U0242,P0119,3.6,2025-12-08 17:15:18
U0480,P0085,3.4,2026-01-15 17:15:18
U0085,P0135,2.0,2025-07-26 17:15:18
U0006,P0082,3.1,2025-08-24 17:15:18
U0092,P0039,2.5,2025-07-28 17:15:18
U0035,P0002,4.2,2025-10-17 17:15:18
U0360,P0049,4.5,2025-12-13 17:15:18
U0356,P0025,4.2,2025-06-23 17:15:18
U0235,P0085,1.7,2026-02-05 17:15:18
U0032,P0160,1.2,2025-07-29 17:15:18
U0305,P0041,1.6,2026-02-19 17:15:18
U0180,P0163,1.2,2025-06-12 17:15:18
U0453,P0058,3.8,2025-09-30 17:15:18
U0322,P0004,4.0,2025-12-17 17:15:18
U0141,P0073,4.3,2025-08-19 17:15:18
U0300,P0187,3.7,2025-10-20 17:15:18
U0189,P0160,4.1,2025-08-31 17:15:18
U0479,P0066,2.4,2025-06-11 17:15:18
U0278,P0165,3.7,2025-04-22 17:15:18
U0104,P0020,2.2,2025-05-26 17:15:18
U0079,P0027,1.0,2025-12-05 17:15:18
U0144,P0046,2.8,2025-11-11 17:15:18
U0289,P0027,2.5,2026-01-20 17:15:18
U0409,P0134,3.2,2025-05-29 17:15:18
U0331,P0197,2.6,2025-09-10 17:15:18
U0170,P0148,2.3,2025-05-26 17:15:18
U0310,P0071,3.1,2025-05-14 17:15:18
U0343,P0122,2.6,2025-12-08 17:15:18
U0087,P0001,3.2,2025-11-27 17:15:18
U0111,P0024,2.9,2025-05-15 17:15:18
U0076,P0037,4.1,2025-12-31 17:15:18
U0244,P0001,4.2,2025-10-11 17:15:18
U0040,P0014,3.3,2026-01-14 17:15:18
U0262,P0113,3.4,2025-08-20 17:15:18
U0341,P0121,4.2,2025-10-09 17:15:18
U0155,P0129,2.9,2026-01-24 17:15:18
U0124,P0144,4.3,2025-09-05 17:15:18
U0194,P0199,1.6,2025-09-09 17:15:18
U0362,P0122,5.0,2025-09-25 17:15:18
U0160,P0134,5.0,2025-10-14 17:15:18
U0272,P0021,1.6,2025-05-20 17:15:18
U0432,P0055,4.5,2025-12-30 17:15:18
U0485,P0163,3.3,2025-11-03 17:15:18
U0431,P0112,5.0,2025-06-12 17:15:18
U0227,P0126,1.2,2025-04-04 17:15:18
U0404,P0065,4.5,2025-04-09 17:15:18
U0062,P0143,1.6,2025-08-15 17:15:18
U0334,P0090,3.8,2025-12-24 17:15:18
U0013,P0094,1.5,2025-07-30 17:15:18
U0395,P0172,4.8,2025-09-29 17:15:18
U0373,P0109,3.2,2025-12-06 17:15:18
U0316,P0144,3.1,2025-12-18 17:15:18
U0196,P0096,2.2,2025-12-24 17:15:18
U0478,P0192,2.4,2026-03-20 17:15:18
U0101,P0114,2.6,2025-09-22 17:15:18
U0270,P0050,3.2,2026-03-23 17:15:18
U0301,P0080,2.7,2025-10-08 17:15:18
U0049,P0095,5.0,2025-11-16 17:15:18
U0258,P0004,1.7,2025-05-19 17:15:18
U0140,P0009,5.0,2025-04-28 17:15:18
U0141,P0165,5.0,2025-07-23 17:15:18
U0204,P0012,3.2,2025-04-03 17:15:18
U0361,P0065,1.0,2025-11-05 17:15:18
U0321,P0015,4.3,2025-06-06 17:15:18
U0422,P0008,3.5,2025-07-27 17:15:18
U0312,P0162,4.4,2025-08-05 17:15:18
U0252,P0045,2.5,2025-07-26 17:15:18
U0384,P0166,3.2,2025-06-19 17:15:18
U0414,P0027,2.9,2026-03-06 17:15:18
U0190,P0008,5.0,2025-05-16 17:15:18
U0458,P0183,1.9,2026-01-06 17:15:18
U0362,P0189,2.5,2025-12-25 17:15:18
U0446,P0034,5.0,2026-02-11 17:15:18
U0215,P0031,3.5,2026-02-25 17:15:18
U0228,P0164,4.0,2025-03-27 17:15:18
U0032,P0081,4.0,2026-02-04 17:15:18
U0440,P0140,3.2,2025-11-03 17:15:18
U0437,P0050,3.1,2025-04-24 17:15:18
U0315,P0189,3.8,2026-03-17 17:15:18
U0171,P0173,2.6,2025-10-14 17:15:18
U0460,P0182,2.1,2025-12-29 17:15:18
U0464,P0151,1.0,2025-09-19 17:15:18
U0265,P0004,2.8,2025-04-19 17:15:18
U0207,P0107,4.4,2025-04-18 17:15:18
U0343,P0016,3.1,2026-02-20 17:15:18
U0099,P0195,3.2,2025-07-12 17:15:18
U0076,P0187,3.1,2025-11-09 17:15:18
U0043,P0045,4.7,2025-08-10 17:15:18
U0023,P0071,2.9,2025-05-18 17:15:18
U0102,P0177,2.3,2025-07-10 17:15:18
U0210,P0045,3.1,2025-05-04 17:15:18
U0383,P0001,2.6,2025-10-17 17:15:18
U0141,P0144,2.4,2025-09-27 17:15:18
U0061,P0088,2.6,2025-07-30 17:15:18
U0291,P0179,3.4,2026-02-09 17:15:18
U0290,P0119,1.2,2026-02-08 17:15:18
U0060,P0024,1.0,2025-12-22 17:15:18
U0374,P0023,4.1,2025-12-20 17:15:18
U0163,P0152,3.4,2025-05-09 17:15:18
U0495,P0006,3.6,2025-12-29 17:15:18
U0404,P0003,2.3,2025-12-04 17:15:18
U0327,P0096,3.8,2025-08-02 17:15:18
U0042,P0186,2.9,2025-11-19 17:15:18
U0158,P0175,3.1,2025-05-01 17:15:18
U0483,P0049,2.6,2026-01-17 17:15:18
U0159,P0014,2.1,2025-09-12 17:15:18
U0362,P0074,2.7,2025-12-24 17:15:18
U0143,P0036,4.3,2025-06-09 17:15:18
U0162,P0106,2.2,2025-11-30 17:15:18
U0428,P0049,2.3,2025-11-06 17:15:18
U0453,P0052,2.8,2025-12-25 17:15:18
U0152,P0067,4.1,2025-04-02 17:15:18
U0226,P0068,3.4,2026-02-06 17:15:18
U0251,P0091,5.0,2025-06-02 17:15:18
U0187,P0090,2.2,2025-05-01 17:15:18
U0425,P0162,1.0,2025-04-08 17:15:18
U0426,P0044,5.0,2026-03-07 17:15:18
U0487,P0150,2.4,2025-09-09 17:15:18
U0080,P0138,1.8,2025-06-07 17:15:18
U0108,P0180,2.9,2025-08-15 17:15:18
U0178,P0166,3.7,2025-04-10 17:15:18
U0107,P0088,4.0,2025-04-01 17:15:18
U0496,P0129,3.8,2025-06-16 17:15:18
U0425,P0191,5.0,2025-11-08 17:15:18
U0047,P0132,2.9,2025-12-08 17:15:18
U0133,P0056,1.8,2025-07-29 17:15:18
U0134,P0009,3.5,2026-01-25 17:15:18
U0265,P0169,1.0,2025-05-06 17:15:18
U0096,P0122,3.9,2026-01-13 17:15:18
U0240,P0151,2.6,2025-10-11 17:15:18
U0191,P0145,3.5,2025-09-13 17:15:18
U0338,P0151,3.7,2026-03-08 17:15:18
U0166,P0180,3.6,2026-01-31 17:15:18
U0323,P0092,1.9,2026-03-21 17:15:18
U0082,P0108,2.9,2025-07-25 17:15:18
U0172,P0087,5.0,2025-04-28 17:15:18
U0463,P0026,4.4,2025-12-20 17:15:18
U0468,P0092,1.3,2025-10-20 17:15:18
U0084,P0120,4.1,2025-06-19 17:15:18
U0096,P0193,2.1,2026-03-14 17:15:18
U0225,P0158,2.6,2025-08-04 17:15:18
U0304,P0148,3.9,2025-04-04 17:15:18
U0223,P0188,3.3,2025-09-02 17:15:18
U0243,P0063,3.5,2025-11-16 17:15:18
U0371,P0096,2.6,2025-05-22 17:15:18
U0173,P0124,3.5,2025-04-12 17:15:18
U0206,P0077,1.2,2026-03-05 17:15:18
U0498,P0060,3.1,2025-07-09 17:15:18
U0056,P0108,1.0,2025-08-19 17:15:18
U0397,P0069,4.0,2025-06-03 17:15:18
U0206,P0152,2.8,2026-03-11 17:15:18
U0084,P0132,2.2,2025-12-30 17:15:18
U0473,P0077,5.0,2025-05-24 17:15:18
U0495,P0179,3.7,2025-06-30 17:15:18
U0102,P0146,2.5,2026-01-13 17:15:18
U0067,P0170,3.9,2025-10-06 17:15:18
U0404,P0014,5.0,2026-02-07 17:15:18
U0159,P0197,3.0,2026-01-12 17:15:18
U0411,P0089,3.7,2025-08-03 17:15:18
U0203,P0043,2.6,2025-08-02 17:15:18
U0001,P0169,4.4,2026-01-09 17:15:18
U0103,P0045,4.8,2025-10-22 17:15:18
U0158,P0021,1.9,2025-12-21 17:15:18
U0121,P0053,2.8,2025-08-14 17:15:18
U0047,P0186,2.1,2025-11-20 17:15:18
U0079,P0176,3.8,2025-06-14 17:15:18
U0433,P0199,1.0,2025-09-15 17:15:18
U0003,P0123,2.3,2026-01-03 17:15:18
U0177,P0026,5.0,2025-07-27 17:15:18
U0282,P0176,1.9,2025-09-05 17:15:18
U0358,P0055,2.6,2025-07-27 17:15:18
U0343,P0097,1.7,2025-07-31 17:15:18
U0362,P0063,2.9,2026-02-04 17:15:18
U0199,P0033,3.8,2025-10-14 17:15:18
U0205,P0198,3.1,2025-10-09 17:15:18
U0460,P0073,3.8,2025-04-14 17:15:18
U0374,P0109,3.4,2025-05-24 17:15:18
U0202,P0137,3.4,2026-02-17 17:15:18
U0178,P0126,3.0,2025-04-17 17:15:18
U0380,P0151,3.0,2026-03-12 17:15:18
U0114,P0156,3.1,2025-12-24 17:15:18
U0394,P0061,2.3,2025-09-18 17:15:18
U0186,P0088,5.0,2025-07-12 17:15:18
U0422,P0001,3.4,2025-05-17 17:15:18
U0204,P0020,2.1,2025-04-29 17:15:18
U0118,P0036,5.0,2025-07-13 17:15:18
U0097,P0012,2.8,2025-12-07 17:15:18
U0155,P0112,3.6,2026-02-06 17:15:18
U0174,P0099,1.0,2025-04-25 17:15:18
U0093,P0109,3.9,2026-01-07 17:15:18
U0146,P0080,1.2,2025-09-08 17:15:18
U0346,P0124,3.0,2026-03-08 17:15:18
U0134,P0108,2.2,2025-12-24 17:15:18
U0084,P0102,3.9,2025-04-10 17:15:18
U0265,P0028,3.3,2025-07-30 17:15:18
U0413,P0022,2.3,2025-09-29 17:15:18
U0352,P0188,2.8,2026-02-02 17:15:18
U0336,P0104,1.9,2026-03-19 17:15:18
U0083,P0082,2.6,2026-01-19 17:15:18
U0295,P0130,4.1,2025-09-10 17:15:18
U0352,P0117,5.0,2026-03-20 17:15:18
U0249,P0168,3.5,2025-04-16 17:15:18
U0206,P0109,3.0,2026-02-26 17:15:18
U0156,P0109,3.6,2025-11-13 17:15:18
U0380,P0163,3.2,2026-01-25 17:15:18
U0310,P0116,3.9,2025-07-11 17:15:18
U0243,P0183,1.4,2025-10-05 17:15:18
U0433,P0137,3.6,2025-09-20 17:15:18
U0058,P0046,4.1,2025-08-20 17:15:18
U0273,P0195,3.4,2025-09-10 17:15:18
U0446,P0173,3.8,2026-02-13 17:15:18
U0077,P0002,1.3,2025-10-04 17:15:18
U0486,P0182,2.6,2025-05-27 17:15:18
U0133,P0051,4.1,2025-07-05 17:15:18
U0417,P0158,2.7,2025-08-05 17:15:18
U0223,P0013,3.4,2025-07-31 17:15:18
U0145,P0011,3.5,2026-01-22 17:15:18
U0445,P0126,1.9,2025-08-02 17:15:18
U0188,P0013,3.4,2025-05-23 17:15:18
U0352,P0095,1.5,2025-11-16 17:15:18
U0218,P0087,3.2,2025-04-14 17:15:18
U0152,P0197,3.9,2026-03-13 17:15:18
U0278,P0069,3.7,2025-12-24 17:15:18
U0151,P0092,3.8,2025-08-24 17:15:18
U0009,P0115,5.0,2025-10-10 17:15:18
U0153,P0163,3.0,2026-03-07 17:15:18
U0306,P0029,2.9,2025-09-24 17:15:18
U0375,P0010,1.3,2025-06-26 17:15:18
U0379,P0102,3.2,2025-11-18 17:15:18
U0090,P0022,1.6,2025-06-25 17:15:18
U0049,P0033,2.9,2026-01-10 17:15:18
U0325,P0127,3.7,2025-08-17 17:15:18
U0458,P0071,3.4,2025-09-30 17:15:18
U0498,P0118,3.8,2025-04-07 17:15:18
U0317,P0063,1.1,2025-06-30 17:15:18
U0021,P0020,5.0,2025-10-09 17:15:18
U0191,P0010,5.0,2026-01-09 17:15:18
U0312,P0186,2.1,2025-05-03 17:15:18
U0416,P0026,3.5,2025-09-11 17:15:18
U0263,P0186,3.2,2026-02-13 17:15:18
U0173,P0164,3.4,2025-10-22 17:15:18
U0217,P0103,2.4,2026-03-14 17:15:18
U0095,P0192,2.5,2025-11-14 17:15:18
U0370,P0168,2.3,2026-02-13 17:15:18
U0429,P0111,5.0,2026-01-25 17:15:18
U0407,P0050,1.3,2025-06-06 17:15:18
U0134,P0078,3.1,2025-05-14 17:15:18
U0264,P0139,3.6,2025-11-21 17:15:18
U0356,P0013,4.7,2025-09-15 17:15:18
U0294,P0122,4.8,2025-12-05 17:15:18
U0390,P0112,3.5,2025-11-05 17:15:18
U0383,P0177,5.0,2025-12-20 17:15:18
U0142,P0129,2.4,2025-04-16 17:15:18
U0024,P0155,3.7,2025-09-02 17:15:18
U0466,P0047,2.5,2025-04-12 17:15:18
U0146,P0070,2.1,2026-03-23 17:15:18
U0209,P0054,5.0,2026-03-16 17:15:18
U0401,P0107,2.0,2025-04-23 17:15:18
U0067,P0071,1.1,2025-11-09 17:15:18
U0237,P0154,3.5,2025-05-04 17:15:18
U0163,P0025,3.1,2025-12-02 17:15:18
U0116,P0005,3.9,2025-03-27 17:15:18
U0167,P0057,2.6,2026-02-21 17:15:18
U0314,P0074,5.0,2025-03-26 17:15:18
U0312,P0118,2.6,2025-05-28 17:15:18
U0216,P0163,2.1,2025-05-25 17:15:18
U0169,P0139,3.7,2025-09-07 17:15:18
U0244,P0143,2.4,2026-03-19 17:15:18
U0176,P0088,2.6,2025-10-13 17:15:18
U0178,P0114,4.7,2026-01-07 17:15:18
U0237,P0191,3.6,2025-07-13 17:15:18
U0108,P0137,4.1,2025-04-02 17:15:18
U0088,P0173,4.0,2025-09-07 17:15:18
U0131,P0104,1.6,2026-03-09 17:15:18
U0339,P0147,2.4,2026-02-13 17:15:18
U0324,P0125,3.9,2025-06-11 17:15:18
U0177,P0022,2.3,2025-12-09 17:15:18
U0383,P0136,2.5,2025-09-17 17:15:18
U0156,P0075,4.1,2025-10-15 17:15:18
U0232,P0173,3.6,2025-07-29 17:15:18
U0016,P0040,3.8,2025-05-10 17:15:18
U0300,P0043,2.8,2025-05-10 17:15:18
U0181,P0145,3.3,2025-08-17 17:15:18
U0213,P0196,5.0,2026-03-14 17:15:18
U0385,P0073,1.5,2025-06-14 17:15:18
U0381,P0126,2.6,2025-11-25 17:15:18
U0193,P0138,4.7,2026-01-17 17:15:18
U0194,P0156,1.9,2026-01-21 17:15:18
U0050,P0102,3.8,2025-12-04 17:15:18
U0109,P0029,4.6,2025-06-06 17:15:18
U0149,P0046,1.0,2026-01-03 17:15:18
U0393,P0200,2.0,2025-09-01 17:15:18
U0282,P0105,1.0,2025-09-26 17:15:18
U0385,P0056,3.4,2025-08-23 17:15:18
U0462,P0154,5.0,2025-11-03 17:15:18
U0164,P0198,2.0,2025-09-21 17:15:18
U0323,P0028,4.7,2025-04-19 17:15:18
U0453,P0176,5.0,2025-05-05 17:15:18
U0391,P0163,4.3,2025-10-14 17:15:18
U0258,P0138,2.3,2025-06-26 17:15:18
U0201,P0058,1.0,2025-08-31 17:15:18
U0254,P0194,1.7,2025-07-31 17:15:18
U0147,P0116,2.1,2026-01-04 17:15:18
U0474,P0046,3.7,2025-09-02 17:15:18
U0148,P0001,2.3,2025-06-26 17:15:18
U0425,P0086,3.6,2025-07-31 17:15:18
U0336,P0045,5.0,2025-04-10 17:15:18
U0465,P0026,2.3,2025-09-10 17:15:18
U0298,P0168,3.6,2025-08-23 17:15:18
U0499,P0108,2.9,2025-08-27 17:15:18
U0097,P0163,4.1,2026-03-11 17:15:18
U0317,P0058,4.9,2026-01-14 17:15:18
U0313,P0159,2.6,2025-07-11 17:15:18
U0042,P0154,5.0,2025-06-06 17:15:18
U0375,P0105,1.1,2026-03-14 17:15:18
U0167,P0157,2.0,2025-11-18 17:15:18
U0086,P0146,2.4,2025-05-09 17:15:18
U0242,P0176,2.9,2026-02-07 17:15:18
U0488,P0095,5.0,2026-03-14 17:15:18
U0381,P0154,4.0,2025-04-25 17:15:18
U0200,P0142,1.1,2025-07-07 17:15:18
U0443,P0050,4.8,2026-01-02 17:15:18
U0235,P0095,4.8,2025-11-23 17:15:18
U0090,P0121,1.0,2025-03-26 17:15:18
U0472,P0052,4.0,2025-10-11 17:15:18
U0068,P0076,1.0,2026-02-20 17:15:18
U0458,P0008,3.3,2025-12-10 17:15:18
U0296,P0119,1.6,2025-08-02 17:15:18
U0126,P0176,3.3,2025-05-21 17:15:18
U0228,P0062,2.6,2025-12-25 17:15:18
U0499,P0119,2.7,2025-07-12 17:15:18
U0329,P0029,3.4,2025-05-20 17:15:18
U0429,P0085,2.6,2026-01-03 17:15:18
U0126,P0119,4.3,2026-02-18 17:15:18
U0004,P0192,1.7,2026-03-09 17:15:18
U0350,P0174,3.6,2025-08-29 17:15:18
U0444,P0134,4.5,2025-07-28 17:15:18
U0442,P0099,3.0,2026-02-17 17:15:18
U0491,P0067,5.0,2025-06-23 17:15:18
U0062,P0184,3.9,2025-05-19 17:15:18
U0332,P0137,4.3,2026-03-13 17:15:18
U0225,P0124,2.1,2026-02-23 17:15:18
U0150,P0102,4.2,2026-03-05 17:15:18
U0367,P0131,2.9,2025-05-07 17:15:18
U0333,P0113,3.9,2025-08-18 17:15:18
U0404,P0032,1.0,2026-01-31 17:15:18
U0075,P0068,4.3,2025-06-02 17:15:18
U0386,P0029,4.4,2025-12-29 17:15:18
U0188,P0106,1.8,2025-04-23 17:15:18
U0174,P0037,1.2,2025-11-21 17:15:18
U0408,P0124,5.0,2025-12-08 17:15:18
U0136,P0025,3.0,2025-10-08 17:15:18
U0329,P0178,3.8,2026-02-16 17:15:18
U0235,P0182,2.9,2025-07-17 17:15:18
U0386,P0063,3.2,2025-11-12 17:15:18
U0176,P0076,3.8,2025-04-07 17:15:18
U0228,P0085,4.1,2025-08-07 17:15:18
U0359,P0067,1.9,2025-06-08 17:15:18
U0141,P0153,4.5,2026-03-07 17:15:18
U0390,P0036,3.2,2026-01-09 17:15:18
U0268,P0074,5.0,2026-03-12 17:15:18
U0289,P0093,5.0,2025-10-27 17:15:18
U0158,P0184,3.5,2026-01-03 17:15:18
U0291,P0163,1.9,2025-10-20 17:15:18
U0244,P0183,1.0,2025-08-12 17:15:18
U0345,P0076,1.0,2026-01-05 17:15:18
U0381,P0178,2.7,2026-01-19 17:15:18
U0076,P0156,2.6,2025-10-27 17:15:18
U0440,P0099,3.7,2025-11-14 17:15:18
U0327,P0059,1.2,2026-03-11 17:15:18
U0436,P0055,2.2,2025-05-31 17:15:18
U0156,P0038,4.5,2025-05-30 17:15:18
U0007,P0067,3.0,2025-09-20 17:15:18
U0370,P0131,1.0,2025-07-04 17:15:18
U0208,P0123,2.4,2025-05-13 17:15:18
U0461,P0044,2.6,2025-09-30 17:15:18
U0330,P0040,3.4,2025-05-29 17:15:18
U0437,P0129,4.8,2025-10-16 17:15:18
U0268,P0096,3.1,2025-09-13 17:15:18
U0444,P0125,3.2,2025-04-28 17:15:18
U0087,P0135,3.5,2025-07-22 17:15:18
U0090,P0124,1.0,2025-09-12 17:15:18
U0008,P0172,2.8,2026-02-20 17:15:18
U0176,P0058,2.2,2025-10-18 17:15:18
U0106,P0058,3.5,2026-01-08 17:15:18
U0143,P0156,1.4,2026-01-23 17:15:18
U0333,P0051,1.9,2025-09-24 17:15:18
U0256,P0118,2.5,2025-06-07 17:15:18
U0468,P0164,3.0,2026-03-19 17:15:18
U0431,P0192,1.3,2025-06-30 17:15:18
U0460,P0059,3.5,2025-12-12 17:15:18
U0187,P0171,1.8,2026-03-09 17:15:18
U0205,P0161,4.1,2026-02-03 17:15:18
U0488,P0085,2.1,2025-07-09 17:15:18
U0035,P0070,1.2,2025-06-15 17:15:18
U0493,P0137,2.3,2025-06-23 17:15:18
U0447,P0021,3.1,2026-02-25 17:15:18
U0229,P0146,2.8,2025-07-01 17:15:18
U0127,P0063,3.3,2025-11-14 17:15:18
U0409,P0190,1.7,2025-12-22 17:15:18
U0354,P0167,2.0,2025-11-20 17:15:18
U0117,P0177,3.0,2025-08-04 17:15:18
U0091,P0011,1.8,2025-05-18 17:15:18
U0137,P0142,4.0,2025-11-03 17:15:18
U0047,P0191,3.7,2025-12-18 17:15:18
U0376,P0017,4.1,2026-01-17 17:15:18
U0268,P0078,1.6,2026-02-22 17:15:18
U0107,P0059,1.0,2025-11-21 17:15:18
U0300,P0195,3.1,2025-06-01 17:15:18
U0245,P0119,3.5,2026-02-03 17:15:18
U0275,P0014,1.6,2025-10-13 17:15:18
U0405,P0163,3.8,2026-02-16 17:15:18
U0101,P0123,2.8,2026-01-25 17:15:18
U0227,P0022,4.7,2025-07-25 17:15:18
U0102,P0026,1.0,2025-06-21 17:15:18
U0302,P0056,1.6,2025-05-23 17:15:18
U0250,P0077,2.2,2025-06-07 17:15:18
U0005,P0149,3.2,2025-08-17 17:15:18
U0441,P0029,5.0,2025-08-11 17:15:18
U0399,P0165,3.8,2025-12-16 17:15:18
U0302,P0163,1.1,2025-05-15 17:15:18
U0387,P0117,2.9,2026-03-25 17:15:18
U0129,P0194,3.8,2025-08-29 17:15:18
U0308,P0070,2.6,2025-07-16 17:15:18
U0324,P0046,3.1,2025-10-08 17:15:18
U0260,P0124,3.5,2025-07-05 17:15:18
U0154,P0068,3.2,2025-06-26 17:15:18
U0128,P0088,3.0,2025-11-05 17:15:18
U0348,P0144,4.4,2025-07-11 17:15:18
U0159,P0161,3.5,2025-08-12 17:15:18
U0058,P0194,3.7,2025-12-22 17:15:18
U0250,P0002,3.9,2025-10-13 17:15:18
U0458,P0131,3.6,2025-07-28 17:15:18
U0254,P0042,3.7,2025-12-24 17:15:18
U0034,P0195,1.3,2025-08-16 17:15:18
U0345,P0078,4.4,2026-02-05 17:15:18
U0474,P0114,1.1,2025-10-01 17:15:18
U0327,P0176,3.6,2025-06-23 17:15:18
U0422,P0047,2.2,2025-12-16 17:15:18
U0399,P0028,3.8,2025-11-27 17:15:18
U0110,P0079,4.5,2025-07-12 17:15:18
U0157,P0082,1.3,2025-06-27 17:15:18
U0242,P0027,3.9,2025-04-09 17:15:18
U0154,P0157,4.1,2025-12-08 17:15:18
U0293,P0173,4.9,2026-01-05 17:15:18
U0166,P0041,3.2,2025-12-17 17:15:18
U0393,P0102,3.7,2025-12-28 17:15:18
U0437,P0041,2.6,2025-05-17 17:15:18
U0340,P0041,3.3,2025-10-10 17:15:18
U0490,P0133,5.0,2025-07-26 17:15:18
U0335,P0153,2.6,2025-08-24 17:15:18
U0400,P0186,1.3,2025-11-08 17:15:18
U0118,P0068,2.8,2025-07-27 17:15:18
U0479,P0078,2.2,2025-09-17 17:15:18
U0075,P0079,3.9,2025-10-06 17:15:18
U0373,P0091,2.1,2025-10-15 17:15:18
U0231,P0079,3.3,2025-08-20 17:15:18
U0289,P0101,3.6,2025-08-24 17:15:18
U0003,P0196,2.8,2025-08-31 17:15:18
U0029,P0105,2.2,2025-09-25 17:15:18
U0331,P0036,2.5,2025-08-04 17:15:18
U0393,P0071,2.5,2026-03-16 17:15:18
U0420,P0181,1.7,2025-12-12 17:15:18
U0107,P0170,3.1,2025-11-14 17:15:18
U0151,P0096,3.0,2026-03-13 17:15:18
U0165,P0110,4.0,2025-09-11 17:15:18
U0287,P0190,3.8,2025-12-13 17:15:18
U0409,P0056,1.8,2025-05-13 17:15:18
U0258,P0113,4.8,2025-11-05 17:15:18
U0055,P0020,3.0,2025-11-21 17:15:18
U0371,P0123,4.7,2025-05-26 17:15:18
U0241,P0012,2.0,2025-04-22 17:15:18
U0200,P0177,1.5,2025-03-29 17:15:18
U0250,P0064,4.3,2025-11-02 17:15:18
U0311,P0151,1.0,2025-09-14 17:15:18
U0031,P0026,1.0,2026-02-25 17:15:18
U0328,P0088,2.3,2025-11-04 17:15:18
U0276,P0095,2.6,2025-08-13 17:15:18
U0473,P0073,3.6,2026-01-28 17:15:18
U0242,P0035,1.0,2026-02-16 17:15:18
U0167,P0199,1.7,2025-08-26 17:15:18
U0423,P0039,2.9,2026-01-07 17:15:18
U0302,P0077,4.6,2025-06-05 17:15:18
U0103,P0144,2.5,2026-02-08 17:15:18
U0225,P0063,3.7,2025-10-09 17:15:18
U0294,P0140,2.9,2025-04-21 17:15:18
U0134,P0143,1.8,2025-06-27 17:15:18
U0419,P0075,3.7,2025-04-06 17:15:18
U0012,P0036,2.6,2026-02-19 17:15:18
U0446,P0180,3.9,2025-03-26 17:15:18
U0379,P0081,5.0,2025-09-22 17:15:18
U0464,P0198,4.7,2025-08-09 17:15:18
U0383,P0055,3.9,2025-12-21 17:15:18
U0165,P0120,3.7,2025-11-29 17:15:18
U0236,P0093,3.8,2025-10-06 17:15:18
U0102,P0174,2.3,2025-03-30 17:15:18
U0133,P0066,5.0,2025-05-20 17:15:18
U0383,P0006,4.0,2026-01-13 17:15:18
U0062,P0165,3.2,2025-08-27 17:15:18
U0219,P0102,5.0,2025-07-19 17:15:18
U0409,P0013,2.3,2025-06-28 17:15:18
U0031,P0132,2.7,2025-09-15 17:15:18
U0009,P0145,5.0,2025-08-14 17:15:18
U0017,P0130,3.9,2025-10-09 17:15:18
U0405,P0138,2.7,2025-07-17 17:15:18
U0145,P0148,4.6,2025-10-06 17:15:18
U0325,P0018,2.0,2026-02-15 17:15:18
U0290,P0024,2.7,2025-06-13 17:15:18
U0400,P0029,3.7,2025-06-26 17:15:18
U0082,P0132,1.9,2026-02-09 17:15:18
U0294,P0120,3.0,2025-05-17 17:15:18
U0333,P0049,4.3,2026-02-16 17:15:18
U0393,P0176,1.0,2025-08-17 17:15:18
U0419,P0071,3.7,2025-07-30 17:15:18
U0232,P0190,2.7,2026-01-07 17:15:18
U0334,P0085,3.7,2026-02-16 17:15:18
U0094,P0166,1.0,2025-06-04 17:15:18
U0174,P0117,5.0,2025-06-28 17:15:18
U0400,P0178,4.1,2025-08-16 17:15:18
U0456,P0006,3.9,2025-09-01 17:15:18
U0295,P0076,3.7,2026-03-22 17:15:18
U0320,P0100,3.1,2026-03-16 17:15:18
U0005,P0058,4.3,2025-10-11 17:15:18
U0219,P0039,3.8,2025-11-13 17:15:18
U0439,P0058,2.8,2025-05-30 17:15:18
U0346,P0197,5.0,2025-10-09 17:15:18
U0273,P0118,1.9,2025-04-25 17:15:18
U0341,P0052,1.0,2025-06-04 17:15:18
U0474,P0091,3.8,2025-06-03 17:15:18
U0079,P0049,2.0,2026-01-09 17:15:18
U0106,P0079,3.4,2025-12-23 17:15:18
U0052,P0007,2.2,2025-06-25 17:15:18
U0400,P0033,4.2,2025-06-22 17:15:18
U0168,P0081,2.7,2025-11-28 17:15:18
U0337,P0054,4.1,2025-12-12 17:15:18
U0156,P0042,3.4,2025-08-20 17:15:18
U0139,P0060,4.4,2025-12-04 17:15:18
U0396,P0091,3.9,2026-03-12 17:15:18
U0071,P0113,1.0,2026-01-21 17:15:18
U0428,P0097,3.2,2026-03-12 17:15:18
U0228,P0191,4.2,2025-12-09 17:15:18
U0195,P0013,1.7,2025-08-09 17:15:18
U0225,P0103,4.2,2025-12-14 17:15:18
U0106,P0198,3.2,2025-09-12 17:15:18
U0303,P0032,3.5,2026-02-06 17:15:18
U0497,P0045,1.3,2025-07-09 17:15:18
U0468,P0149,5.0,2025-07-04 17:15:18
U0063,P0042,4.8,2025-12-08 17:15:18
U0062,P0126,4.0,2025-05-20 17:15:18
U0184,P0192,5.0,2025-10-14 17:15:18
U0213,P0049,5.0,2025-12-08 17:15:18
U0047,P0130,1.1,2025-09-22 17:15:18
U0245,P0066,2.3,2025-07-08 17:15:18
U0058,P0117,1.0,2026-03-17 17:15:18
U0004,P0098,4.2,2025-08-22 17:15:18
U0182,P0093,4.4,2025-10-18 17:15:18
U0429,P0017,4.0,2025-08-15 17:15:18
U0485,P0167,3.3,2025-10-23 17:15:18
U0118,P0180,2.0,2026-02-10 17:15:18
U0334,P0165,2.9,2025-09-07 17:15:18
U0449,P0121,5.0,2026-03-17 17:15:18
U0488,P0071,1.9,2025-04-28 17:15:18
U0460,P0083,4.4,2026-03-02 17:15:18
U0073,P0064,1.0,2025-12-25 17:15:18
U0290,P0003,3.0,2026-01-19 17:15:18
U0266,P0040,3.6,2026-01-13 17:15:18
U0356,P0121,3.2,2026-03-06 17:15:18
U0032,P0153,3.2,2025-12-08 17:15:18
U0444,P0190,3.6,2025-04-21 17:15:18
U0317,P0107,2.9,2026-01-04 17:15:18
U0215,P0045,2.7,2025-12-26 17:15:18
U0480,P0133,3.6,2026-01-07 17:15:18
U0380,P0172,2.5,2025-12-23 17:15:18
U0187,P0029,2.9,2026-01-01 17:15:18
U0016,P0128,4.3,2025-12-11 17:15:18
U0157,P0104,3.1,2025-05-09 17:15:18
U0192,P0068,1.8,2025-05-11 17:15:18
U0165,P0008,3.0,2026-03-12 17:15:18
U0170,P0008,4.3,2025-07-28 17:15:18
U0018,P0189,4.6,2026-01-11 17:15:18
U0468,P0105,1.6,2026-03-02 17:15:18
U0277,P0097,3.6,2025-05-23 17:15:18
U0370,P0135,2.7,2025-12-29 17:15:18
U0081,P0026,2.8,2026-03-18 17:15:18
U0179,P0058,2.2,2026-02-06 17:15:18
U0215,P0017,1.8,2026-01-27 17:15:18
U0496,P0122,4.3,2025-07-31 17:15:18
U0213,P0138,3.5,2025-08-12 17:15:18
U0069,P0155,4.3,2025-05-03 17:15:18
U0001,P0080,1.2,2025-07-25 17:15:18
U0241,P0066,5.0,2026-01-19 17:15:18
U0166,P0169,2.4,2025-06-22 17:15:18
U0188,P0158,4.3,2025-04-17 17:15:18
U0367,P0025,4.8,2025-07-24 17:15:18
U0253,P0192,3.4,2025-06-06 17:15:18
U0101,P0033,4.9,2025-12-03 17:15:18
U0264,P0034,1.0,2026-01-11 17:15:18
U0116,P0169,3.3,2026-02-11 17:15:18
U0381,P0025,1.6,2025-08-31 17:15:18
U0145,P0158,1.2,2026-01-31 17:15:18
U0128,P0058,3.8,2025-11-17 17:15:18
U0095,P0187,4.4,2025-04-22 17:15:18
U0155,P0085,3.2,2025-03-27 17:15:18
U0343,P0152,4.2,2025-07-02 17:15:18
U0265,P0148,3.3,2025-11-09 17:15:18
U0390,P0034,2.9,2025-10-09 17:15:18
U0217,P0096,2.6,2025-04-21 17:15:18
U0075,P0149,4.9,2026-03-08 17:15:18
U0383,P0099,3.3,2025-05-06 17:15:18
U0025,P0051,2.5,2025-12-22 17:15:18
U0008,P0037,1.6,2025-05-05 17:15:18
U0018,P0061,3.3,2026-01-02 17:15:18
U0204,P0083,3.5,2026-03-20 17:15:18
U0293,P0124,3.7,2025-07-21 17:15:18
U0440,P0089,2.8,2025-12-19 17:15:18
U0322,P0148,3.2,2025-08-30 17:15:18
U0232,P0055,3.9,2025-08-05 17:15:18
U0319,P0068,2.5,2025-06-19 17:15:18
U0226,P0031,4.1,2025-11-02 17:15:18
U0336,P0197,3.5,2025-07-05 17:15:18
U0474,P0087,1.6,2025-10-04 17:15:18
U0457,P0048,2.2,2025-11-15 17:15:18
U0175,P0125,1.8,2025-06-17 17:15:18
U0234,P0170,4.5,2026-02-04 17:15:18
U0343,P0088,3.3,2025-07-03 17:15:18
U0135,P0017,2.3,2025-09-19 17:15:18
U0219,P0165,3.0,2026-03-12 17:15:18
U0494,P0140,3.0,2026-01-20 17:15:18
U0049,P0059,2.9,2025-08-03 17:15:18
U0425,P0029,5.0,2026-01-23 17:15:18
U0152,P0033,5.0,2025-09-29 17:15:18
U0158,P0116,1.4,2025-08-14 17:15:18
U0284,P0022,1.7,2025-07-10 17:15:18
U0094,P0102,5.0,2025-07-07 17:15:18
U0100,P0037,2.4,2025-04-11 17:15:18
U0114,P0199,1.8,2026-03-17 17:15:18
U0102,P0188,2.6,2025-09-25 17:15:18
U0270,P0154,3.8,2026-01-07 17:15:18
U0289,P0136,2.8,2025-06-30 17:15:18
U0025,P0137,3.6,2025-09-21 17:15:18
U0277,P0059,4.0,2025-04-04 17:15:18
U0485,P0136,4.0,2025-12-30 17:15:18
U0192,P0041,2.2,2026-02-02 17:15:18
U0349,P0043,5.0,2025-05-04 17:15:18
U0325,P0159,3.9,2025-11-30 17:15:18
U0432,P0193,3.9,2026-01-07 17:15:18
U0277,P0157,2.8,2025-08-20 17:15:18
U0440,P0052,2.0,2025-11-03 17:15:18
U0026,P0103,3.0,2025-10-25 17:15:18
U0200,P0134,3.5,2025-08-22 17:15:18
U0458,P0122,2.4,2025-07-29 17:15:18
U0165,P0035,5.0,2025-10-23 17:15:18
U0001,P0020,3.4,2025-11-17 17:15:18
U0363,P0143,3.1,2025-04-17 17:15:18
U0160,P0054,3.6,2025-05-16 17:15:18
U0305,P0018,4.3,2026-02-23 17:15:18
U0387,P0106,1.5,2026-01-13 17:15:18
U0074,P0124,2.0,2026-01-02 17:15:18
U0392,P0063,3.7,2025-09-06 17:15:18
U0403,P0041,1.7,2025-04-29 17:15:18
U0215,P0101,2.3,2025-05-27 17:15:18
U0100,P0064,1.5,2025-09-27 17:15:18
U0037,P0058,5.0,2025-11-04 17:15:18
U0072,P0103,4.2,2026-01-21 17:15:18
U0372,P0190,1.6,2025-05-30 17:15:18
U0484,P0173,2.6,2026-01-07 17:15:18
U0106,P0114,1.8,2026-01-12 17:15:18
U0345,P0071,3.1,2025-10-09 17:15:18
U0061,P0134,4.5,2025-10-17 17:15:18
U0269,P0027,4.8,2025-05-08 17:15:18
U0307,P0121,2.8,2025-11-27 17:15:18
U0339,P0113,5.0,2025-10-24 17:15:18
U0421,P0032,1.5,2025-06-21 17:15:18
U0381,P0157,2.3,2025-08-05 17:15:18
U0079,P0019,3.6,2025-10-02 17:15:18
U0449,P0070,1.0,2026-03-05 17:15:18
U0058,P0161,1.0,2025-07-30 17:15:18
U0219,P0150,1.5,2025-12-29 17:15:18
U0449,P0182,1.6,2025-04-05 17:15:18
U0389,P0075,3.0,2025-11-30 17:15:18
U0268,P0027,3.0,2026-02-08 17:15:18
U0375,P0155,2.0,2025-05-23 17:15:18
U0443,P0093,3.8,2025-11-22 17:15:18
U0446,P0171,3.4,2025-07-15 17:15:18
U0429,P0180,3.2,2025-08-16 17:15:18
U0216,P0015,2.2,2025-05-03 17:15:18
U0054,P0198,2.9,2025-11-02 17:15:18
U0432,P0186,2.1,2025-11-04 17:15:18
U0464,P0065,1.0,2025-05-02 17:15:18
U0261,P0085,2.8,2025-08-23 17:15:18
U0342,P0065,4.5,2025-09-24 17:15:18
U0043,P0004,5.0,2026-02-02 17:15:18
U0366,P0125,2.7,2025-11-21 17:15:18
U0300,P0127,4.8,2025-12-02 17:15:18
U0303,P0112,2.3,2025-04-19 17:15:18
U0137,P0027,2.8,2025-03-28 17:15:18
U0250,P0144,5.0,2025-05-19 17:15:18
U0429,P0145,1.0,2025-09-14 17:15:18
U0311,P0133,4.4,2025-04-18 17:15:18
U0196,P0011,5.0,2025-05-21 17:15:18
U0056,P0152,4.3,2025-04-30 17:15:18
U0489,P0026,5.0,2025-06-04 17:15:18
U0049,P0031,1.9,2025-11-23 17:15:18
U0185,P0149,4.0,2025-04-15 17:15:18
U0364,P0155,4.0,2025-08-22 17:15:18
U0418,P0101,1.0,2026-03-05 17:15:18
U0404,P0113,1.3,2025-08-02 17:15:18
U0294,P0134,1.4,2026-03-06 17:15:18
U0482,P0103,4.8,2025-05-08 17:15:18
U0382,P0200,3.4,2025-08-16 17:15:18
U0343,P0007,4.3,2025-12-05 17:15:18
U0291,P0047,3.3,2026-03-13 17:15:18
U0323,P0085,3.8,2026-02-03 17:15:18
U0150,P0106,3.7,2026-03-11 17:15:18
U0374,P0117,2.5,2025-11-16 17:15:18
U0184,P0175,2.6,2025-09-30 17:15:18
U0181,P0064,2.2,2025-11-04 17:15:18
U0229,P0013,4.7,2025-10-10 17:15:18
U0235,P0179,3.6,2025-05-04 17:15:18
U0135,P0197,5.0,2026-01-02 17:15:18
U0108,P0143,1.4,2025-06-18 17:15:18
U0332,P0083,2.9,2025-09-01 17:15:18
U0386,P0090,4.7,2025-12-27 17:15:18
U0433,P0128,2.4,2026-02-08 17:15:18
U0171,P0091,2.0,2025-05-14 17:15:18
U0276,P0190,3.4,2025-11-29 17:15:18
U0163,P0079,3.4,2026-02-02 17:15:18
U0469,P0185,3.8,2026-02-07 17:15:18
U0328,P0104,3.9,2025-10-16 17:15:18
U0319,P0128,5.0,2025-05-02 17:15:18
U0096,P0194,4.1,2025-09-11 17:15:18
U0104,P0068,3.7,2025-03-28 17:15:18
U0249,P0090,3.7,2025-10-04 17:15:18
U0459,P0093,3.1,2026-01-03 17:15:18
U0492,P0044,1.6,2025-10-11 17:15:18
U0009,P0029,1.0,2025-12-18 17:15:18
U0298,P0080,5.0,2025-07-09 17:15:18
U0359,P0165,3.1,2025-06-12 17:15:18
U0152,P0194,2.4,2025-06-12 17:15:18
U0276,P0046,3.1,2025-09-03 17:15:18
U0317,P0179,3.2,2026-02-15 17:15:18
U0102,P0024,3.6,2026-02-07 17:15:18
U0365,P0154,2.7,2025-04-20 17:15:18
U0208,P0068,4.4,2026-01-10 17:15:18
U0367,P0088,1.1,2025-06-26 17:15:18
U0182,P0102,3.2,2026-01-16 17:15:18
U0472,P0099,1.0,2026-01-31 17:15:18
U0433,P0189,1.1,2025-10-26 17:15:18
U0315,P0146,4.2,2026-02-11 17:15:18
U0166,P0058,1.0,2025-08-11 17:15:18
U0423,P0011,2.5,2025-11-20 17:15:18
U0281,P0040,2.5,2025-04-18 17:15:18
U0141,P0007,2.0,2025-07-15 17:15:18
U0113,P0063,5.0,2025-11-30 17:15:18
U0226,P0166,4.3,2025-12-05 17:15:18
U0075,P0004,3.1,2025-10-25 17:15:18
U0125,P0006,4.6,2025-05-16 17:15:18
U0248,P0113,4.7,2025-08-25 17:15:18
U0285,P0142,3.4,2025-06-08 17:15:18
U0099,P0106,2.5,2025-12-20 17:15:18
U0435,P0133,4.0,2025-06-01 17:15:18
U0295,P0100,2.3,2025-11-12 17:15:18
U0362,P0094,2.1,2025-11-11 17:15:18
U0221,P0095,2.9,2025-09-20 17:15:18
U0461,P0061,3.2,2025-10-13 17:15:18
U0277,P0092,1.3,2026-02-14 17:15:18
U0491,P0178,4.1,2026-01-16 17:15:18
U0165,P0180,2.9,2025-11-19 17:15:18
U0408,P0138,2.8,2025-06-02 17:15:18
U0066,P0025,4.9,2025-07-09 17:15:18
U0363,P0122,1.0,2025-06-24 17:15:18
U0161,P0027,1.9,2025-05-20 17:15:18
U0117,P0185,2.2,2025-09-28 17:15:18
U0368,P0180,3.4,2025-04-29 17:15:18
U0500,P0142,1.9,2025-12-01 17:15:18
U0239,P0069,4.4,2025-06-04 17:15:18
U0429,P0014,1.6,2025-08-02 17:15:18
U0317,P0113,4.9,2025-07-14 17:15:18
U0034,P0044,4.4,2026-03-14 17:15:18
U0287,P0115,4.1,2025-06-12 17:15:18
U0333,P0015,3.0,2025-09-29 17:15:18
U0245,P0181,5.0,2026-01-09 17:15:18
U0033,P0175,1.5,2025-09-25 17:15:18
U0034,P0185,1.4,2025-11-04 17:15:18
U0292,P0065,1.7,2026-03-11 17:15:18
U0366,P0154,2.5,2025-07-17 17:15:18
U0221,P0181,2.3,2026-01-16 17:15:18
U0203,P0056,2.5,2025-04-21 17:15:18
U0232,P0080,5.0,2025-06-23 17:15:18
U0357,P0173,4.2,2025-10-21 17:15:18
U0170,P0060,2.2,2025-06-07 17:15:18
U0409,P0131,1.9,2025-08-29 17:15:18
U0074,P0197,3.4,2025-06-22 17:15:18
U0349,P0151,3.2,2025-10-15 17:15:18
U0442,P0002,5.0,2025-05-17 17:15:18
U0028,P0183,4.4,2025-09-23 17:15:18
U0301,P0031,2.8,2026-02-17 17:15:18
U0315,P0017,4.0,2025-06-27 17:15:18
U0212,P0187,3.5,2026-01-02 17:15:18
U0376,P0050,3.6,2025-11-18 17:15:18
U0308,P0199,1.7,2025-12-24 17:15:18
U0428,P0047,2.0,2026-03-10 17:15:18
U0333,P0127,2.7,2026-01-23 17:15:18
U0049,P0104,2.9,2025-06-05 17:15:18
U0359,P0176,4.7,2025-09-08 17:15:18
U0413,P0105,2.7,2025-09-11 17:15:18
U0357,P0122,2.0,2026-01-14 17:15:18
U0434,P0088,1.2,2025-12-22 17:15:18
U0050,P0080,1.6,2025-09-25 17:15:18
U0091,P0182,3.1,2025-08-17 17:15:18
U0451,P0065,1.8,2025-07-13 17:15:18
U0047,P0048,3.7,2025-11-12 17:15:18
U0206,P0052,2.4,2025-11-29 17:15:18
U0180,P0166,2.7,2025-05-05 17:15:18
U0042,P0087,2.5,2025-08-06 17:15:18
U0385,P0025,1.8,2025-06-30 17:15:18
U0132,P0006,2.3,2025-05-19 17:15:18
U0032,P0143,2.7,2026-02-23 17:15:18
U0350,P0096,1.7,2026-02-05 17:15:18
U0494,P0136,1.0,2026-03-19 17:15:18
U0003,P0084,4.3,2025-09-10 17:15:18
U0157,P0008,1.9,2025-06-08 17:15:18
U0289,P0096,2.4,2026-02-18 17:15:18
U0490,P0045,3.5,2025-12-19 17:15:18
U0326,P0159,5.0,2025-07-13 17:15:18
U0094,P0138,2.8,2025-12-04 17:15:18
U0050,P0175,2.9,2026-01-05 17:15:18
U0308,P0096,3.3,2025-06-05 17:15:18
U0091,P0113,3.5,2025-03-29 17:15:18
U0434,P0198,1.8,2025-12-25 17:15:18
U0260,P0039,1.4,2025-08-10 17:15:18
U0016,P0160,4.0,2026-03-06 17:15:18
U0479,P0138,1.0,2026-01-23 17:15:18
U0414,P0080,4.9,2025-10-27 17:15:18
U0056,P0090,2.6,2025-04-10 17:15:18
U0093,P0152,2.9,2025-07-03 17:15:18
U0086,P0026,3.5,2025-07-14 17:15:18
U0099,P0155,2.1,2026-01-05 17:15:18
U0314,P0087,4.3,2025-08-05 17:15:18
U0476,P0169,2.8,2025-06-18 17:15:18
U0426,P0100,3.6,2025-08-08 17:15:18
U0484,P0030,1.6,2025-04-17 17:15:18
U0284,P0017,1.6,2025-10-03 17:15:18
U0127,P0094,1.0,2026-01-12 17:15:18
U0097,P0104,3.8,2026-03-04 17:15:18
U0184,P0016,1.8,2025-07-23 17:15:18
U0416,P0169,3.7,2025-03-28 17:15:18
U0387,P0152,5.0,2026-02-03 17:15:18
U0435,P0134,1.2,2026-02-07 17:15:18
U0340,P0168,1.4,2025-10-12 17:15:18
U0467,P0135,5.0,2025-06-10 17:15:18
U0295,P0180,5.0,2025-06-26 17:15:18
U0268,P0101,4.0,2025-06-19 17:15:18
U0330,P0052,4.3,2025-11-01 17:15:18
U0230,P0196,1.9,2025-12-14 17:15:18
U0150,P0161,4.4,2025-08-19 17:15:18
U0207,P0112,1.8,2025-09-13 17:15:18
U0043,P0126,2.0,2026-03-13 17:15:18
U0252,P0027,1.2,2025-10-12 17:15:18
U0288,P0124,4.0,2025-05-17 17:15:18
U0200,P0079,2.9,2025-07-14 17:15:18
U0403,P0198,2.4,2025-10-29 17:15:18
U0395,P0176,2.9,2025-04-02 17:15:18
U0029,P0136,3.2,2026-03-04 17:15:18
U0097,P0023,4.9,2025-10-19 17:15:18
U0457,P0151,2.7,2025-06-06 17:15:18
U0278,P0045,4.0,2025-05-01 17:15:18
U0161,P0190,4.9,2026-03-01 17:15:18
U0274,P0008,3.0,2026-03-01 17:15:18
U0495,P0078,5.0,2025-09-09 17:15:18
U0097,P0091,3.5,2025-06-23 17:15:18
U0027,P0176,2.1,2025-08-15 17:15:18
U0379,P0131,2.7,2025-06-30 17:15:18
U0435,P0046,3.6,2025-07-08 17:15:18
U0358,P0012,3.5,2025-12-06 17:15:18
U0051,P0118,3.8,2025-12-20 17:15:18
U0457,P0057,3.5,2025-03-26 17:15:18
U0164,P0019,1.0,2025-12-11 17:15:18
U0293,P0164,5.0,2025-05-16 17:15:18
U0008,P0012,1.0,2025-09-11 17:15:18
U0106,P0177,3.4,2026-01-25 17:15:18
U0474,P0075,2.1,2026-03-23 17:15:18
U0464,P0062,3.2,2025-04-22 17:15:18
U0417,P0085,1.2,2025-12-25 17:15:18
U0200,P0059,3.7,2025-09-16 17:15:18
U0470,P0103,1.0,2026-03-03 17:15:18
U0080,P0037,3.3,2025-05-23 17:15:18
U0127,P0160,3.0,2025-04-17 17:15:18
U0133,P0109,2.2,2025-04-11 17:15:18
U0293,P0182,4.1,2025-05-09 17:15:18
U0159,P0053,5.0,2025-04-25 17:15:18
U0378,P0070,5.0,2025-08-28 17:15:18
U0354,P0003,2.6,2025-08-25 17:15:18
U0422,P0106,3.6,2025-09-13 17:15:18
U0143,P0049,2.7,2025-07-19 17:15:18
U0130,P0154,3.0,2026-03-20 17:15:18
U0321,P0178,2.2,2025-09-04 17:15:18
U0022,P0179,4.2,2025-08-08 17:15:18
U0066,P0170,4.5,2025-04-06 17:15:18
U0115,P0019,1.9,2025-05-03 17:15:18
U0059,P0030,2.4,2026-01-03 17:15:18
U0462,P0126,3.9,2026-02-19 17:15:18
U0168,P0043,3.3,2025-11-14 17:15:18
U0490,P0175,1.4,2025-04-04 17:15:18
U0204,P0073,2.4,2025-06-24 17:15:18
U0147,P0073,4.4,2025-06-07 17:15:18
U0134,P0028,3.7,2026-01-23 17:15:18
U0203,P0052,3.8,2026-02-09 17:15:18
U0285,P0128,4.0,2025-12-13 17:15:18
U0066,P0133,4.3,2026-03-07 17:15:18
U0241,P0123,3.5,2026-01-29 17:15:18
U0058,P0059,5.0,2026-03-06 17:15:18
U0427,P0100,1.0,2025-12-21 17:15:18
U0043,P0196,2.7,2025-04-04 17:15:18
U0413,P0018,3.8,2025-11-22 17:15:18
U0224,P0158,2.2,2025-09-17 17:15:18
U0225,P0190,1.8,2026-01-11 17:15:18
U0227,P0153,2.7,2026-03-04 17:15:18
U0340,P0129,3.4,2025-12-19 17:15:18
U0394,P0054,2.6,2025-10-14 17:15:18
U0023,P0146,5.0,2026-03-18 17:15:18
U0486,P0040,2.5,2025-10-02 17:15:18
U0441,P0065,3.9,2025-12-26 17:15:18
U0103,P0165,4.6,2026-02-25 17:15:18
U0201,P0098,5.0,2026-01-06 17:15:18
U0485,P0075,3.4,2025-07-10 17:15:18
U0033,P0058,5.0,2025-12-21 17:15:18
U0322,P0050,3.4,2025-10-05 17:15:18
U0337,P0185,3.7,2025-08-13 17:15:18
U0013,P0113,4.8,2026-02-18 17:15:18
U0432,P0063,3.5,2025-05-21 17:15:18
U0271,P0074,4.0,2025-06-13 17:15:18
U0083,P0037,2.9,2025-06-18 17:15:18
U0494,P0082,3.3,2026-02-24 17:15:18
U0058,P0176,2.2,2026-02-20 17:15:18
U0210,P0133,4.7,2025-06-25 17:15:18
U0009,P0159,2.3,2025-12-29 17:15:18
U0371,P0083,4.7,2025-09-17 17:15:18
U0020,P0037,3.3,2026-01-31 17:15:18
U0351,P0060,4.1,2026-03-22 17:15:18
U0196,P0001,5.0,2025-06-10 17:15:18
U0030,P0100,3.8,2025-06-08 17:15:18
U0062,P0058,5.0,2025-05-08 17:15:18
U0019,P0145,2.8,2025-06-19 17:15:18
U0038,P0006,4.0,2025-04-27 17:15:18
U0422,P0122,4.9,2025-06-06 17:15:18
U0331,P0099,4.7,2025-11-01 17:15:18
U0352,P0158,3.7,2025-09-08 17:15:18
U0231,P0192,2.9,2025-11-24 17:15:18
U0350,P0126,2.5,2025-05-16 17:15:18
U0129,P0089,3.1,2025-05-04 17:15:18
U0233,P0123,3.8,2026-01-06 17:15:18
U0233,P0138,2.6,2025-09-22 17:15:18
U0115,P0037,5.0,2025-10-30 17:15:18
U0327,P0188,2.4,2025-12-26 17:15:18
U0494,P0100,3.4,2025-11-14 17:15:18
U0452,P0042,2.5,2025-09-18 17:15:18
U0379,P0006,3.6,2025-08-16 17:15:18
U0413,P0077,4.4,2026-01-11 17:15:18
U0022,P0118,2.8,2025-08-27 17:15:18
U0364,P0139,2.9,2025-11-29 17:15:18
U0206,P0033,1.3,2025-05-09 17:15:18
U0181,P0054,2.8,2025-08-30 17:15:18
U0216,P0107,1.1,2025-08-02 17:15:18
U0376,P0116,3.5,2025-08-10 17:15:18
U0488,P0100,4.5,2025-07-31 17:15:18
U0187,P0087,1.5,2025-10-10 17:15:18
U0069,P0186,5.0,2025-06-27 17:15:18
U0106,P0063,5.0,2025-12-04 17:15:18
U0365,P0049,2.4,2025-06-07 17:15:18
U0100,P0187,1.6,2025-04-22 17:15:18
U0402,P0159,1.0,2025-09-20 17:15:18
U0461,P0119,3.2,2025-06-18 17:15:18
U0442,P0196,3.3,2025-08-28 17:15:18
U0192,P0165,2.1,2025-10-19 17:15:18
U0110,P0101,4.5,2026-01-12 17:15:18
U0241,P0028,1.0,2025-06-21 17:15:18
U0334,P0116,4.8,2025-10-23 17:15:18
U0464,P0199,1.9,2025-05-10 17:15:18
U0212,P0014,2.5,2025-12-13 17:15:18
U0112,P0087,3.9,2025-06-16 17:15:18
U0456,P0041,2.7,2025-04-22 17:15:18
U0197,P0133,2.8,2025-08-16 17:15:18
U0093,P0114,5.0,2026-03-13 17:15:18
U0356,P0053,4.4,2025-09-09 17:15:18
U0291,P0171,3.6,2025-12-27 17:15:18
U0140,P0191,2.8,2025-04-11 17:15:18
U0289,P0197,4.1,2026-01-05 17:15:18
U0329,P0103,1.0,2025-06-04 17:15:18
U0401,P0051,2.2,2026-01-07 17:15:18
U0240,P0063,4.0,2026-01-18 17:15:18
U0391,P0125,5.0,2025-10-15 17:15:18
U0313,P0196,3.2,2025-05-16 17:15:18
U0322,P0010,5.0,2025-04-13 17:15:18
U0050,P0017,3.1,2026-02-10 17:15:18
U0011,P0003,1.8,2026-02-26 17:15:18
U0170,P0024,2.6,2025-10-16 17:15:18
U0477,P0092,4.2,2025-12-12 17:15:18
U0381,P0039,3.1,2025-12-06 17:15:18
U0158,P0017,2.1,2025-09-21 17:15:18
U0320,P0081,2.3,2025-05-31 17:15:18
U0464,P0115,5.0,2025-07-25 17:15:18
U0174,P0181,1.0,2025-12-26 17:15:18
U0149,P0078,3.7,2026-02-02 17:15:18
U0411,P0144,3.1,2026-01-03 17:15:18
U0462,P0039,1.1,2026-01-01 17:15:18
U0213,P0031,5.0,2025-06-26 17:15:18
U0467,P0159,3.2,2025-08-28 17:15:18
U0082,P0144,3.8,2025-06-16 17:15:18
U0322,P0121,3.3,2025-04-01 17:15:18
U0144,P0177,5.0,2025-11-18 17:15:18
U0500,P0030,3.1,2025-04-20 17:15:18
U0485,P0038,2.3,2025-08-10 17:15:18
U0050,P0194,2.8,2026-03-05 17:15:18
U0070,P0098,5.0,2025-07-26 17:15:18
U0195,P0123,3.2,2025-12-28 17:15:18
U0393,P0006,1.8,2025-05-29 17:15:18
U0477,P0113,2.2,2025-05-30 17:15:18
U0293,P0047,1.9,2025-08-08 17:15:18
U0458,P0006,2.6,2025-07-17 17:15:18
U0291,P0089,2.1,2025-10-03 17:15:18
U0044,P0095,4.1,2026-02-18 17:15:18
U0091,P0035,3.4,2025-05-10 17:15:18
U0154,P0174,2.0,2025-09-05 17:15:18
U0470,P0039,4.2,2026-01-28 17:15:18
U0479,P0172,1.0,2025-12-15 17:15:18
U0493,P0163,3.7,2025-10-12 17:15:18
U0150,P0183,4.7,2026-02-11 17:15:18
U0182,P0155,2.3,2025-07-15 17:15:18
U0009,P0160,5.0,2025-05-27 17:15:18
U0214,P0044,2.4,2025-09-20 17:15:18
U0436,P0065,3.1,2025-12-17 17:15:18
U0263,P0072,2.6,2025-07-02 17:15:18
U0463,P0007,2.3,2025-07-18 17:15:18
U0164,P0043,3.9,2026-02-27 17:15:18
U0333,P0062,4.1,2025-04-01 17:15:18
U0157,P0068,2.2,2025-08-08 17:15:18
U0222,P0087,3.1,2026-03-05 17:15:18
U0140,P0192,2.1,2025-04-23 17:15:18
U0042,P0086,2.1,2025-06-16 17:15:18
U0017,P0034,2.4,2025-05-10 17:15:18
U0006,P0189,1.0,2025-06-05 17:15:18
U0010,P0078,4.4,2025-09-12 17:15:18
U0103,P0121,3.0,2025-09-12 17:15:18
U0199,P0010,2.7,2025-04-04 17:15:18
U0345,P0070,3.8,2025-04-03 17:15:18
U0193,P0086,3.1,2025-09-19 17:15:18
U0438,P0109,3.6,2025-08-29 17:15:18
U0363,P0088,2.1,2026-01-17 17:15:18
U0483,P0089,5.0,2025-11-12 17:15:18
U0251,P0073,3.6,2025-11-09 17:15:18
U0043,P0116,1.7,2025-04-16 17:15:18
U0044,P0171,4.7,2025-10-13 17:15:18
U0442,P0131,2.1,2026-01-26 17:15:18
U0012,P0033,1.7,2026-01-30 17:15:18
U0125,P0020,3.5,2025-12-25 17:15:18
U0192,P0017,2.5,2026-01-06 17:15:18
U0293,P0061,3.8,2026-02-09 17:15:18
U0443,P0020,1.0,2026-03-21 17:15:18
U0371,P0004,4.0,2025-10-02 17:15:18
U0446,P0159,4.6,2026-02-17 17:15:18
U0080,P0150,4.2,2025-05-09 17:15:18
U0495,P0118,5.0,2025-05-06 17:15:18
U0403,P0171,3.9,2026-01-30 17:15:18
U0314,P0032,2.3,2026-02-25 17:15:18
U0361,P0036,3.1,2025-12-13 17:15:18
U0471,P0191,2.6,2026-02-12 17:15:18
U0096,P0024,2.1,2026-02-07 17:15:18
U0002,P0111,3.0,2025-04-08 17:15:18
U0120,P0054,1.8,2026-02-28 17:15:18
U0368,P0021,1.9,2025-09-08 17:15:18
U0165,P0161,3.5,2025-06-27 17:15:18
U0099,P0122,3.9,2025-12-14 17:15:18
U0363,P0127,1.0,2025-05-20 17:15:18
U0362,P0048,4.4,2025-07-28 17:15:18
U0148,P0188,4.0,2025-04-13 17:15:18
U0227,P0048,1.0,2025-07-09 17:15:18
U0004,P0021,2.8,2025-12-25 17:15:18
U0499,P0051,3.0,2025-11-11 17:15:18
U0074,P0139,4.6,2025-06-04 17:15:18
U0499,P0049,1.0,2025-04-01 17:15:18
U0064,P0180,3.9,2026-02-15 17:15:18
U0097,P0048,3.3,2025-10-12 17:15:18
U0388,P0059,3.2,2026-01-01 17:15:18
U0203,P0163,3.2,2025-05-26 17:15:18
U0152,P0154,3.1,2025-08-26 17:15:18
U0260,P0164,4.7,2025-10-30 17:15:18
U0112,P0110,3.6,2025-11-17 17:15:18
U0423,P0089,1.0,2025-11-22 17:15:18
U0272,P0002,5.0,2025-04-24 17:15:18
U0456,P0175,1.7,2025-11-17 17:15:18
U0145,P0194,3.1,2026-01-02 17:15:18
U0034,P0016,3.6,2026-02-21 17:15:18
U0253,P0089,2.8,2026-02-23 17:15:18
U0318,P0194,2.4,2025-08-17 17:15:18
U0041,P0173,3.0,2025-08-09 17:15:18
U0346,P0023,2.7,2025-10-13 17:15:18
U0470,P0093,3.3,2025-04-02 17:15:18
U0349,P0156,3.9,2025-04-12 17:15:18
U0492,P0017,5.0,2025-06-07 17:15:18
U0135,P0187,3.9,2025-10-13 17:15:18
U0231,P0092,3.6,2025-07-23 17:15:18
U0190,P0128,4.0,2025-10-23 17:15:18
U0391,P0126,3.5,2025-10-16 17:15:18
U0280,P0191,2.3,2025-12-18 17:15:18
U0117,P0151,2.3,2025-12-28 17:15:18
U0022,P0177,3.1,2025-09-26 17:15:18
U0210,P0120,3.9,2025-08-01 17:15:18
U0167,P0104,2.9,2025-07-31 17:15:18
U0445,P0119,3.7,2025-08-06 17:15:18
U0079,P0037,1.5,2025-09-09 17:15:18
U0215,P0007,2.1,2026-01-13 17:15:18
U0404,P0082,1.8,2025-09-11 17:15:18
U0446,P0162,2.8,2026-01-08 17:15:18
U0205,P0094,3.6,2026-03-18 17:15:18
U0223,P0170,3.2,2025-12-27 17:15:18
U0078,P0152,3.1,2025-12-21 17:15:18
U0112,P0025,2.5,2026-03-17 17:15:18
U0201,P0121,3.2,2026-01-08 17:15:18
U0139,P0087,1.9,2025-12-14 17:15:18
U0012,P0128,4.6,2025-09-06 17:15:18
U0082,P0078,3.7,2025-06-17 17:15:18
U0143,P0059,1.0,2025-12-18 17:15:18
U0250,P0156,4.2,2025-07-13 17:15:18
U0222,P0112,2.5,2026-01-03 17:15:18
U0250,P0171,2.4,2026-02-23 17:15:18
U0181,P0028,3.5,2026-02-19 17:15:18
U0488,P0083,3.2,2025-03-29 17:15:18
U0245,P0156,2.8,2025-10-28 17:15:18
U0073,P0061,3.0,2025-07-03 17:15:18
U0483,P0127,2.4,2025-12-05 17:15:18
U0214,P0126,5.0,2026-03-19 17:15:18
U0490,P0079,1.0,2025-05-06 17:15:18
U0082,P0087,4.1,2025-05-07 17:15:18
U0160,P0176,2.6,2025-05-13 17:15:18
U0220,P0157,3.3,2026-01-22 17:15:18
U0307,P0034,3.2,2025-06-27 17:15:18
U0145,P0088,2.3,2025-09-15 17:15:18
U0414,P0177,2.7,2026-01-19 17:15:18
U0190,P0145,4.3,2025-07-26 17:15:18
U0033,P0005,5.0,2025-08-09 17:15:18
U0190,P0107,1.2,2025-11-19 17:15:18
U0108,P0084,3.7,2025-04-07 17:15:18
U0120,P0081,4.9,2025-05-05 17:15:18
U0469,P0122,3.6,2025-11-02 17:15:18
U0285,P0088,1.2,2025-06-03 17:15:18
U0407,P0085,2.1,2025-04-02 17:15:18
U0100,P0033,2.5,2025-10-12 17:15:18
U0401,P0162,3.1,2025-06-05 17:15:18
U0498,P0059,3.4,2025-03-28 17:15:18
U0304,P0157,4.1,2025-11-24 17:15:18
U0417,P0064,1.4,2025-07-18 17:15:18
U0289,P0121,1.0,2026-03-16 17:15:18
U0161,P0131,3.6,2026-02-05 17:15:18
U0197,P0193,1.0,2026-01-09 17:15:18
U0320,P0083,2.3,2026-02-12 17:15:18
U0271,P0126,5.0,2025-08-01 17:15:18
U0137,P0018,4.0,2025-08-07 17:15:18
U0200,P0200,2.9,2025-12-17 17:15:18
U0406,P0198,2.4,2025-11-04 17:15:18
U0187,P0200,2.4,2026-02-23 17:15:18
U0243,P0064,4.2,2025-12-01 17:15:18
U0168,P0092,3.2,2025-05-12 17:15:18
U0248,P0144,3.0,2026-01-10 17:15:18
U0402,P0070,4.2,2025-10-13 17:15:18
U0249,P0081,4.2,2025-05-20 17:15:18
U0453,P0138,3.2,2025-12-13 17:15:18
U0422,P0166,1.9,2025-12-19 17:15:18
U0491,P0153,5.0,2025-05-20 17:15:18
U0062,P0076,2.2,2026-02-22 17:15:18
U0377,P0050,2.8,2025-06-30 17:15:18
U0410,P0130,3.1,2025-11-01 17:15:18
U0128,P0097,1.5,2025-08-21 17:15:18
U0359,P0003,4.7,2025-10-24 17:15:18
U0134,P0053,2.1,2026-01-11 17:15:18
U0152,P0007,3.1,2026-03-11 17:15:18
U0391,P0108,3.4,2026-02-13 17:15:18
U0189,P0120,3.2,2026-01-09 17:15:18
U0229,P0161,3.4,2025-09-11 17:15:18
U0285,P0041,2.4,2025-05-25 17:15:18
U0228,P0195,4.0,2025-10-16 17:15:18
U0234,P0071,2.1,2025-12-14 17:15:18
U0362,P0156,2.5,2025-08-05 17:15:18
U0146,P0042,2.8,2025-05-29 17:15:18
U0066,P0083,1.8,2026-03-17 17:15:18
U0064,P0014,3.6,2025-10-09 17:15:18
U0283,P0123,5.0,2025-09-18 17:15:18
U0073,P0081,4.7,2025-09-14 17:15:18
U0282,P0007,5.0,2025-05-08 17:15:18
U0223,P0166,2.4,2025-10-11 17:15:18
U0203,P0046,3.1,2025-10-09 17:15:18
U0314,P0195,1.9,2026-03-08 17:15:18
U0330,P0073,5.0,2025-10-11 17:15:18
U0290,P0194,5.0,2025-06-07 17:15:18
U0021,P0131,4.0,2026-02-25 17:15:18
U0371,P0184,4.4,2026-01-17 17:15:18
U0255,P0017,3.9,2026-02-19 17:15:18
U0072,P0039,2.4,2026-02-01 17:15:18
U0268,P0042,1.8,2025-11-25 17:15:18
U0048,P0194,3.4,2025-09-22 17:15:18
U0498,P0092,2.6,2025-10-03 17:15:18
U0042,P0106,2.7,2025-10-01 17:15:18
U0385,P0018,1.7,2025-07-16 17:15:18
U0206,P0140,2.3,2026-02-22 17:15:18
U0269,P0107,2.7,2025-05-01 17:15:18
U0405,P0102,4.9,2025-04-04 17:15:18
U0080,P0141,2.3,2026-02-08 17:15:18
U0417,P0054,3.9,2025-08-08 17:15:18
U0082,P0030,1.8,2025-11-12 17:15:18
U0117,P0062,1.4,2026-02-25 17:15:18
U0331,P0175,3.9,2025-06-13 17:15:18
U0013,P0014,2.4,2025-04-30 17:15:18
U0432,P0179,3.3,2025-11-30 17:15:18
U0246,P0011,1.7,2026-03-04 17:15:18
U0120,P0040,5.0,2026-01-14 17:15:18
U0257,P0082,4.5,2025-10-11 17:15:18
U0199,P0194,2.5,2025-05-05 17:15:18
U0344,P0102,3.7,2026-03-16 17:15:18
U0262,P0196,2.9,2025-10-28 17:15:18
U0253,P0007,3.6,2025-04-17 17:15:18
U0366,P0179,5.0,2025-08-25 17:15:18
U0282,P0018,4.9,2026-03-05 17:15:18
U0103,P0151,2.5,2026-03-07 17:15:18
U0299,P0126,1.0,2026-03-22 17:15:18
U0179,P0180,1.9,2026-02-12 17:15:18
U0298,P0095,3.4,2025-07-08 17:15:18
U0461,P0043,1.5,2025-09-03 17:15:18
U0275,P0002,2.6,2025-05-08 17:15:18
U0382,P0160,2.1,2025-11-01 17:15:18
U0137,P0143,3.2,2025-09-15 17:15:18
U0262,P0100,2.9,2026-01-03 17:15:18
U0428,P0052,1.8,2025-05-18 17:15:18
U0132,P0086,3.6,2025-12-15 17:15:18
U0168,P0067,3.3,2025-09-05 17:15:18
U0062,P0167,2.0,2025-10-30 17:15:18
U0232,P0008,3.5,2025-08-09 17:15:18
U0309,P0167,4.3,2025-04-16 17:15:18
U0263,P0198,4.5,2025-08-30 17:15:18
U0105,P0048,1.0,2026-01-27 17:15:18
U0022,P0100,3.5,2026-01-30 17:15:18
U0381,P0053,5.0,2025-12-13 17:15:18
U0389,P0146,2.9,2025-10-24 17:15:18
U0427,P0177,1.5,2025-04-14 17:15:18
U0110,P0152,2.0,2025-10-21 17:15:18
U0185,P0119,1.7,2026-02-26 17:15:18
U0332,P0161,2.7,2025-11-28 17:15:18
U0291,P0065,1.0,2025-12-04 17:15:18
U0262,P0007,2.9,2025-10-18 17:15:18
U0007,P0056,4.0,2025-12-23 17:15:18
U0441,P0086,3.1,2025-12-10 17:15:18
U0256,P0185,3.7,2025-09-08 17:15:18
U0369,P0084,2.9,2025-08-03 17:15:18
U0201,P0155,2.2,2025-12-31 17:15:18
U0472,P0126,3.1,2025-07-23 17:15:18
U0147,P0171,3.9,2025-11-18 17:15:18
U0040,P0158,3.5,2026-01-30 17:15:18
U0453,P0001,2.7,2026-03-10 17:15:18
U0318,P0013,4.5,2026-03-20 17:15:18
U0485,P0071,3.2,2026-03-25 17:15:18
U0196,P0187,3.7,2025-06-08 17:15:18
U0493,P0041,4.4,2026-02-04 17:15:18
U0028,P0095,2.6,2025-12-05 17:15:18
U0331,P0049,3.5,2025-08-21 17:15:18
U0380,P0096,5.0,2026-02-15 17:15:18
U0144,P0107,3.2,2025-04-25 17:15:18
U0012,P0077,4.9,2026-03-08 17:15:18
U0461,P0031,5.0,2025-10-22 17:15:18
U0073,P0068,2.7,2025-08-04 17:15:18
U0477,P0053,2.8,2026-01-23 17:15:18
U0471,P0163,4.0,2025-04-10 17:15:18
U0406,P0008,1.0,2025-07-25 17:15:18
U0090,P0004,2.5,2026-01-27 17:15:19
U0045,P0186,3.7,2025-11-25 17:15:19
U0234,P0149,1.9,2025-04-04 17:15:19
U0286,P0070,4.4,2025-11-07 17:15:19
U0012,P0180,3.4,2025-06-10 17:15:19
U0246,P0017,3.1,2025-04-05 17:15:19
U0079,P0056,3.5,2026-02-20 17:15:19
U0204,P0174,1.5,2025-09-13 17:15:19
U0016,P0010,3.2,2025-07-14 17:15:19
U0222,P0120,1.2,2025-08-26 17:15:19
U0296,P0012,1.6,2025-04-23 17:15:19
U0033,P0198,5.0,2025-11-02 17:15:19
U0364,P0073,1.6,2025-07-23 17:15:19
U0104,P0069,2.6,2026-03-13 17:15:19
U0344,P0070,3.5,2025-12-19 17:15:19
U0121,P0177,3.7,2025-08-08 17:15:19
U0333,P0012,5.0,2025-06-10 17:15:19
U0428,P0112,3.4,2025-06-12 17:15:19
U0488,P0180,4.3,2025-07-18 17:15:19
U0406,P0060,2.3,2026-03-01 17:15:19
U0147,P0094,2.8,2026-02-08 17:15:19
U0307,P0095,5.0,2025-08-04 17:15:19
U0421,P0121,3.2,2025-06-20 17:15:19
U0084,P0096,3.2,2025-04-22 17:15:19
U0462,P0096,3.6,2025-06-16 17:15:19
U0277,P0038,3.4,2025-10-12 17:15:19
U0377,P0164,5.0,2025-09-29 17:15:19
U0209,P0045,4.8,2025-06-01 17:15:19
U0206,P0096,4.2,2025-07-29 17:15:19
U0178,P0197,3.5,2025-10-27 17:15:19
U0076,P0173,1.2,2025-07-15 17:15:19
U0346,P0139,2.0,2025-08-29 17:15:19
U0185,P0111,4.2,2026-02-09 17:15:19
U0309,P0065,2.6,2026-01-14 17:15:19
U0171,P0092,3.6,2025-04-29 17:15:19
U0239,P0116,2.1,2025-06-22 17:15:19
U0442,P0175,3.0,2025-12-31 17:15:19
U0456,P0011,4.5,2025-10-01 17:15:19
U0260,P0161,3.0,2026-01-10 17:15:19
U0307,P0088,3.1,2025-06-22 17:15:19
U0324,P0191,3.1,2026-01-03 17:15:19
U0436,P0147,4.4,2026-01-13 17:15:19
U0418,P0053,3.4,2025-04-05 17:15:19
U0203,P0021,2.9,2025-08-23 17:15:19
U0451,P0029,3.7,2025-07-12 17:15:19
U0279,P0011,3.2,2025-07-02 17:15:19
U0054,P0148,3.8,2026-03-23 17:15:19
U0131,P0141,2.8,2025-04-19 17:15:19
U0483,P0043,2.2,2025-11-29 17:15:19
U0351,P0182,2.8,2025-10-05 17:15:19
U0251,P0030,4.4,2025-10-10 17:15:19
U0375,P0096,4.8,2025-06-18 17:15:19
U0480,P0102,5.0,2025-07-01 17:15:19
U0337,P0101,2.6,2025-12-03 17:15:19
U0296,P0090,2.7,2025-08-29 17:15:19
U0353,P0193,2.2,2026-01-30 17:15:19
U0116,P0164,2.5,2025-04-30 17:15:19
U0233,P0040,1.0,2025-04-04 17:15:19
U0459,P0193,3.9,2025-12-19 17:15:19
U0367,P0001,4.1,2025-07-10 17:15:19
U0254,P0037,2.9,2026-02-17 17:15:19
U0356,P0079,5.0,2025-11-22 17:15:19
U0387,P0104,1.9,2025-10-21 17:15:19
U0423,P0054,4.6,2025-06-21 17:15:19
U0327,P0025,2.4,2025-12-18 17:15:19
U0013,P0005,2.3,2026-03-10 17:15:19
U0152,P0031,3.2,2025-12-09 17:15:19
U0096,P0199,5.0,2025-04-11 17:15:19
U0037,P0018,2.1,2025-11-16 17:15:19
U0232,P0031,4.7,2025-08-21 17:15:19
U0484,P0092,1.0,2025-04-21 17:15:19
U0207,P0003,3.7,2025-04-02 17:15:19
U0306,P0077,5.0,2025-10-01 17:15:19
U0199,P0096,4.1,2025-12-09 17:15:19
U0156,P0110,3.8,2025-05-12 17:15:19
U0302,P0123,4.4,2025-05-04 17:15:19
U0315,P0152,4.8,2026-03-04 17:15:19
U0348,P0126,1.0,2026-03-09 17:15:19
U0256,P0082,4.8,2025-09-27 17:15:19
U0016,P0066,1.6,2025-04-01 17:15:19
U0243,P0099,4.0,2025-06-23 17:15:19
U0395,P0026,3.8,2025-08-21 17:15:19
U0353,P0151,3.6,2025-05-12 17:15:19
U0451,P0090,2.5,2025-04-09 17:15:19
U0252,P0007,1.4,2025-09-12 17:15:19
U0020,P0125,3.5,2026-02-09 17:15:19
U0244,P0065,2.2,2025-06-20 17:15:19
U0048,P0022,3.0,2025-11-20 17:15:19
U0324,P0025,3.7,2025-08-05 17:15:19
U0195,P0192,2.8,2025-10-04 17:15:19
U0124,P0155,2.7,2025-07-28 17:15:19
U0018,P0083,1.0,2025-10-18 17:15:19
U0283,P0199,4.0,2025-03-30 17:15:19
U0438,P0116,1.1,2025-12-05 17:15:19
U0315,P0106,4.5,2026-02-05 17:15:19
U0006,P0176,3.1,2026-01-19 17:15:19
U0304,P0173,2.0,2026-03-11 17:15:19
U0479,P0130,2.8,2025-08-10 17:15:19
U0036,P0129,3.2,2025-12-23 17:15:19
U0238,P0071,2.4,2025-04-03 17:15:19
U0290,P0100,2.5,2025-06-24 17:15:19
U0335,P0186,4.6,2026-03-01 17:15:19
U0130,P0150,4.3,2026-01-24 17:15:19
U0358,P0133,5.0,2025-07-17 17:15:19
U0090,P0116,2.6,2025-10-26 17:15:19
U0438,P0042,3.3,2026-03-05 17:15:19
U0149,P0154,1.0,2025-10-07 17:15:19
U0219,P0029,5.0,2025-04-08 17:15:19
U0080,P0020,4.8,2025-12-14 17:15:19
U0247,P0125,2.0,2025-11-18 17:15:19
U0003,P0100,3.7,2025-04-25 17:15:19
U0464,P0046,2.2,2025-09-14 17:15:19
U0023,P0078,2.0,2025-12-22 17:15:19
U0115,P0088,4.5,2025-04-10 17:15:19
U0299,P0127,1.4,2025-11-28 17:15:19
U0366,P0114,5.0,2025-04-01 17:15:19
U0486,P0030,1.4,2026-02-02 17:15:19
U0085,P0036,2.9,2026-01-17 17:15:19
U0380,P0155,3.1,2025-06-10 17:15:19
U0255,P0094,3.3,2025-04-02 17:15:19
U0221,P0006,1.9,2025-03-28 17:15:19
U0269,P0178,1.2,2025-09-18 17:15:19
U0326,P0140,3.4,2026-01-30 17:15:19
U0215,P0122,4.0,2026-03-08 17:15:19
U0143,P0112,1.3,2025-06-13 17:15:19
U0360,P0109,1.3,2026-02-19 17:15:19
U0034,P0023,5.0,2025-11-11 17:15:19
U0450,P0171,1.6,2025-09-23 17:15:19
U0244,P0103,3.7,2025-07-09 17:15:19
U0471,P0063,2.1,2026-01-14 17:15:19
U0062,P0007,2.1,2026-01-02 17:15:19
U0045,P0147,3.1,2025-12-20 17:15:19
U0341,P0051,4.9,2025-08-09 17:15:19
U0338,P0140,3.7,2025-09-15 17:15:19
U0286,P0068,2.8,2025-07-24 17:15:19
U0035,P0169,5.0,2025-12-21 17:15:19
U0299,P0106,2.4,2026-01-25 17:15:19
U0287,P0011,4.2,2025-11-27 17:15:19
U0104,P0038,1.8,2025-10-23 17:15:19
U0069,P0192,4.2,2025-03-31 17:15:19
U0201,P0003,4.4,2025-09-16 17:15:19
U0031,P0131,3.6,2026-03-19 17:15:19
U0058,P0135,2.3,2025-04-19 17:15:19
U0137,P0150,4.3,2025-06-27 17:15:19
U0451,P0036,1.9,2025-10-13 17:15:19
U0472,P0063,2.2,2025-07-23 17:15:19
U0411,P0055,3.7,2025-12-19 17:15:19
U0340,P0122,1.9,2025-07-24 17:15:19
U0246,P0055,3.7,2026-02-03 17:15:19
U0089,P0100,4.5,2025-06-15 17:15:19
U0325,P0161,2.8,2025-06-21 17:15:19
U0440,P0019,3.3,2026-01-10 17:15:19
U0342,P0033,2.2,2025-07-07 17:15:19
U0075,P0195,1.7,2026-02-19 17:15:19
U0245,P0132,1.9,2026-02-16 17:15:19
U0290,P0043,2.5,2025-11-19 17:15:19
U0321,P0193,2.9,2025-08-26 17:15:19
U0430,P0161,3.5,2025-09-21 17:15:19
U0481,P0058,3.5,2025-11-11 17:15:19
U0209,P0016,4.6,2025-08-16 17:15:19
U0022,P0083,1.0,2025-09-04 17:15:19
U0015,P0050,3.8,2025-04-16 17:15:19
U0372,P0096,5.0,2025-09-06 17:15:19
U0231,P0156,2.6,2025-11-30 17:15:19
U0384,P0033,4.8,2025-07-23 17:15:19
U0315,P0131,4.1,2025-08-29 17:15:19
U0331,P0194,1.8,2025-05-04 17:15:19
U0081,P0062,1.8,2025-05-23 17:15:19
U0267,P0074,2.7,2025-07-14 17:15:19
U0396,P0020,3.2,2025-08-16 17:15:19
U0308,P0008,3.2,2025-08-24 17:15:19
U0034,P0144,3.5,2026-02-10 17:15:19
U0361,P0199,4.2,2026-01-10 17:15:19
U0396,P0165,4.9,2026-03-05 17:15:19
U0190,P0072,4.2,2025-09-05 17:15:19
U0144,P0119,2.0,2025-04-27 17:15:19
U0414,P0088,2.8,2025-10-21 17:15:19
U0429,P0138,3.0,2025-05-20 17:15:19
U0168,P0079,5.0,2025-07-28 17:15:19
U0198,P0194,3.8,2025-04-07 17:15:19
U0302,P0178,1.6,2025-06-12 17:15:19
U0473,P0175,4.7,2025-05-20 17:15:19
U0307,P0170,5.0,2025-06-05 17:15:19
U0071,P0121,1.0,2025-10-04 17:15:19
U0251,P0088,2.7,2025-06-26 17:15:19
U0265,P0158,3.0,2025-05-06 17:15:19
U0033,P0065,2.4,2025-05-07 17:15:19
U0138,P0070,1.7,2025-10-29 17:15:19
U0305,P0132,5.0,2025-11-29 17:15:19
U0161,P0083,2.1,2025-11-23 17:15:19
U0290,P0049,2.5,2025-09-28 17:15:19
U0498,P0079,2.0,2025-12-17 17:15:19
U0423,P0086,5.0,2025-07-03 17:15:19
U0347,P0106,4.6,2025-11-03 17:15:19
U0136,P0154,2.6,2025-08-20 17:15:19
U0343,P0169,2.1,2025-12-19 17:15:19
U0394,P0157,3.5,2026-01-13 17:15:19
U0411,P0198,1.4,2025-04-07 17:15:19
U0152,P0049,3.6,2025-04-08 17:15:19
U0352,P0093,1.9,2025-03-26 17:15:19
U0278,P0142,1.8,2025-10-12 17:15:19
U0105,P0119,3.7,2025-06-01 17:15:19
U0267,P0045,4.6,2026-01-24 17:15:19
U0327,P0064,2.5,2025-12-10 17:15:19
U0307,P0163,4.8,2025-10-04 17:15:19
U0415,P0128,3.8,2025-09-15 17:15:19
U0126,P0101,3.6,2025-07-21 17:15:19
U0368,P0070,3.0,2025-06-08 17:15:19
U0236,P0138,4.0,2025-10-02 17:15:19
U0075,P0066,1.5,2025-05-19 17:15:19
U0037,P0065,3.2,2026-01-21 17:15:19
U0417,P0141,4.2,2025-09-05 17:15:19
U0002,P0018,4.3,2025-12-19 17:15:19
U0416,P0066,5.0,2025-07-15 17:15:19
U0233,P0141,1.0,2025-05-31 17:15:19
U0421,P0071,2.8,2025-07-07 17:15:19
U0291,P0108,4.9,2025-12-14 17:15:19
U0137,P0014,4.3,2025-08-19 17:15:19
U0322,P0126,3.8,2025-05-25 17:15:19
U0224,P0100,4.0,2025-10-16 17:15:19
U0062,P0036,3.1,2025-12-23 17:15:19
U0063,P0093,3.8,2026-02-26 17:15:19
U0022,P0018,2.5,2025-11-03 17:15:19
U0056,P0141,2.9,2025-06-24 17:15:19
U0402,P0025,5.0,2025-04-08 17:15:19
U0217,P0053,3.4,2026-03-05 17:15:19
U0291,P0016,2.9,2026-03-20 17:15:19
U0058,P0087,1.0,2025-05-10 17:15:19
U0369,P0071,2.1,2025-10-31 17:15:19
U0221,P0062,2.8,2025-11-27 17:15:19
U0113,P0159,5.0,2025-05-20 17:15:19
U0293,P0193,3.4,2025-11-09 17:15:19
U0476,P0142,2.9,2025-09-25 17:15:19
U0431,P0061,4.0,2026-01-07 17:15:19
U0012,P0142,1.9,2025-05-30 17:15:19
U0163,P0196,5.0,2025-12-03 17:15:19
U0088,P0099,3.3,2025-12-11 17:15:19
U0278,P0158,2.6,2026-03-17 17:15:19
U0489,P0042,1.0,2026-02-07 17:15:19
U0293,P0190,2.5,2025-05-15 17:15:19
U0499,P0070,1.9,2025-07-20 17:15:19
U0064,P0025,2.6,2025-11-19 17:15:19
U0114,P0062,3.7,2025-08-02 17:15:19
U0313,P0043,3.2,2025-12-27 17:15:19
U0470,P0057,2.5,2025-11-02 17:15:19
U0055,P0001,3.9,2025-11-23 17:15:19
U0344,P0079,4.7,2025-08-15 17:15:19
U0297,P0154,3.2,2025-09-09 17:15:19
U0229,P0055,3.0,2025-11-27 17:15:19
U0052,P0021,3.3,2025-08-28 17:15:19
U0365,P0114,4.4,2025-08-11 17:15:19
U0077,P0190,2.7,2025-09-10 17:15:19
U0436,P0158,1.7,2025-09-12 17:15:19
U0012,P0139,3.1,2025-11-06 17:15:19
U0106,P0173,1.7,2025-07-17 17:15:19
U0224,P0135,2.4,2025-10-01 17:15:19
U0165,P0006,5.0,2025-07-13 17:15:19
U0260,P0158,1.8,2025-09-08 17:15:19
U0430,P0114,2.4,2025-05-19 17:15:19
U0106,P0096,1.4,2026-01-11 17:15:19
U0361,P0020,5.0,2025-05-22 17:15:19
U0429,P0179,2.8,2025-04-10 17:15:19
U0194,P0044,3.9,2025-08-31 17:15:19
U0107,P0056,2.0,2025-10-16 17:15:19
U0181,P0104,3.0,2025-11-05 17:15:19
U0128,P0184,3.2,2025-10-28 17:15:19
U0461,P0060,2.8,2025-09-12 17:15:19
U0308,P0121,3.3,2026-03-13 17:15:19
U0352,P0145,1.6,2025-11-21 17:15:19
U0331,P0179,3.4,2026-02-20 17:15:19
U0232,P0183,3.6,2026-03-14 17:15:19
U0200,P0147,4.0,2025-09-30 17:15:19
U0185,P0098,4.2,2026-03-15 17:15:19
U0252,P0112,1.0,2025-08-09 17:15:19
U0466,P0109,3.2,2026-02-08 17:15:19
U0224,P0066,2.1,2025-09-28 17:15:19
U0118,P0069,4.0,2025-09-19 17:15:19
U0246,P0041,1.4,2025-12-29 17:15:19
U0113,P0150,2.7,2025-04-29 17:15:19
U0265,P0154,4.0,2025-06-27 17:15:19
U0415,P0051,1.2,2026-03-07 17:15:19
U0196,P0094,2.9,2026-03-01 17:15:19
U0390,P0059,3.2,2026-02-07 17:15:19
U0363,P0041,2.0,2026-02-06 17:15:19
U0316,P0179,1.7,2025-06-15 17:15:19
U0026,P0065,1.8,2026-02-13 17:15:19
U0269,P0066,5.0,2025-08-06 17:15:19
U0077,P0076,3.3,2026-01-12 17:15:19
U0440,P0112,5.0,2025-11-03 17:15:19
U0446,P0048,4.5,2025-11-28 17:15:19
U0210,P0080,1.0,2025-12-30 17:15:19
U0267,P0018,4.4,2025-11-27 17:15:19
U0447,P0024,5.0,2025-05-12 17:15:19
U0027,P0147,1.6,2025-04-24 17:15:19
U0401,P0190,3.5,2025-12-25 17:15:19
U0148,P0141,4.7,2025-07-28 17:15:19
U0483,P0109,5.0,2025-12-30 17:15:19
U0121,P0005,2.1,2025-12-15 17:15:19
U0309,P0183,2.9,2026-02-14 17:15:19
U0035,P0198,3.6,2026-02-02 17:15:19
U0138,P0046,5.0,2025-06-25 17:15:19
U0064,P0200,2.2,2025-08-01 17:15:19
U0284,P0195,1.0,2025-09-18 17:15:19
U0371,P0046,2.6,2026-01-06 17:15:19
U0274,P0048,3.6,2025-11-20 17:15:19
U0403,P0003,2.5,2025-10-10 17:15:19
U0438,P0044,4.9,2025-11-06 17:15:19
U0263,P0006,1.9,2025-07-12 17:15:19
U0259,P0015,1.0,2025-09-05 17:15:19
U0070,P0043,4.5,2026-03-01 17:15:19
U0241,P0040,3.0,2026-01-17 17:15:19
U0124,P0156,1.4,2025-09-18 17:15:19
U0294,P0072,3.6,2025-08-01 17:15:19
U0090,P0182,3.6,2026-01-28 17:15:19
U0366,P0064,3.9,2026-01-02 17:15:19
U0328,P0156,3.0,2026-03-04 17:15:19
U0035,P0097,5.0,2026-01-15 17:15:19
U0001,P0074,3.7,2025-08-02 17:15:19
U0347,P0194,4.0,2025-09-04 17:15:19
U0282,P0139,1.9,2025-08-31 17:15:19
U0456,P0135,4.8,2025-07-30 17:15:19
U0493,P0166,3.2,2025-07-02 17:15:19
U0182,P0156,5.0,2025-06-03 17:15:19
U0368,P0192,4.1,2025-08-30 17:15:19
U0385,P0065,1.8,2025-06-30 17:15:19
U0480,P0105,4.7,2025-12-30 17:15:19
U0258,P0128,3.4,2026-01-20 17:15:19
U0413,P0010,4.6,2025-12-10 17:15:19
U0038,P0154,1.5,2025-09-18 17:15:19
U0432,P0077,2.0,2026-01-25 17:15:19
U0310,P0106,4.0,2025-09-11 17:15:19
U0193,P0077,4.0,2025-09-15 17:15:19
U0013,P0081,4.7,2025-07-19 17:15:19
U0102,P0193,2.0,2026-03-17 17:15:19
U0111,P0112,2.8,2025-05-03 17:15:19
U0385,P0038,3.7,2025-08-07 17:15:19
U0443,P0152,1.7,2026-01-13 17:15:19
U0333,P0078,3.3,2025-09-04 17:15:19
U0126,P0037,3.8,2026-03-17 17:15:19
U0462,P0059,1.0,2025-08-13 17:15:19
U0130,P0125,1.8,2025-09-02 17:15:19
U0239,P0183,3.1,2025-07-30 17:15:19
U0191,P0053,3.0,2025-07-31 17:15:19
U0067,P0107,1.7,2026-02-27 17:15:19
U0126,P0038,2.3,2025-05-02 17:15:19
U0473,P0026,5.0,2025-10-25 17:15:19
U0192,P0014,5.0,2025-09-27 17:15:19
U0239,P0099,4.9,2025-04-25 17:15:19
U0447,P0111,3.5,2026-02-14 17:15:19
U0307,P0076,4.5,2025-09-25 17:15:19
U0421,P0132,3.8,2025-06-16 17:15:19
U0245,P0011,2.3,2025-07-23 17:15:19
U0035,P0091,4.4,2025-10-07 17:15:19
U0100,P0080,1.9,2025-07-09 17:15:19
U0085,P0003,4.0,2026-02-02 17:15:19
U0075,P0191,3.8,2025-03-26 17:15:19
U0288,P0070,4.6,2026-02-23 17:15:19
U0013,P0131,5.0,2025-12-04 17:15:19
U0323,P0134,5.0,2025-09-16 17:15:19
U0013,P0115,2.6,2025-08-31 17:15:19
U0172,P0157,2.9,2025-08-02 17:15:19
U0178,P0160,3.4,2025-10-09 17:15:19
U0146,P0095,3.4,2026-02-27 17:15:19
U0411,P0133,2.9,2025-05-30 17:15:19
U0064,P0113,3.3,2025-07-19 17:15:19
U0222,P0196,3.5,2025-07-05 17:15:19
U0019,P0171,1.7,2025-06-18 17:15:19
U0374,P0192,3.7,2025-06-09 17:15:19
U0260,P0018,5.0,2026-01-06 17:15:19
U0478,P0097,2.5,2025-10-07 17:15:19
U0339,P0183,3.3,2025-08-12 17:15:19
U0375,P0185,1.6,2025-05-04 17:15:19
U0137,P0037,4.3,2026-01-12 17:15:19
U0391,P0051,1.2,2026-02-06 17:15:19
U0316,P0099,2.3,2025-11-04 17:15:19
U0202,P0057,2.8,2026-03-04 17:15:19
U0007,P0035,3.8,2025-12-16 17:15:19
U0215,P0146,4.7,2025-12-16 17:15:19
U0214,P0039,3.3,2025-08-19 17:15:19
U0281,P0146,5.0,2025-11-15 17:15:19
U0470,P0054,3.7,2026-03-25 17:15:19
U0034,P0042,1.3,2026-03-06 17:15:19
U0136,P0187,2.3,2025-07-21 17:15:19
U0403,P0017,5.0,2025-12-03 17:15:19
U0240,P0043,2.7,2025-04-15 17:15:19
U0253,P0030,2.5,2026-02-13 17:15:19
U0343,P0118,4.1,2025-10-01 17:15:19
U0316,P0187,2.6,2025-09-16 17:15:19
U0436,P0121,2.7,2025-11-13 17:15:19
U0296,P0143,1.0,2025-06-18 17:15:19
U0456,P0190,2.9,2025-10-07 17:15:19
U0324,P0171,2.7,2025-10-09 17:15:19
U0270,P0040,5.0,2025-04-18 17:15:19
U0350,P0184,4.2,2025-05-28 17:15:19
U0267,P0175,3.6,2025-11-03 17:15:19
U0413,P0153,2.5,2025-11-20 17:15:19
U0116,P0006,4.1,2025-08-15 17:15:19
U0248,P0070,1.0,2025-10-08 17:15:19
U0482,P0131,5.0,2025-10-23 17:15:19
U0256,P0186,3.0,2025-08-30 17:15:19
U0027,P0152,4.2,2025-10-23 17:15:19
U0411,P0066,4.6,2026-01-30 17:15:19
U0422,P0038,4.7,2025-06-14 17:15:19
U0115,P0057,3.9,2025-11-18 17:15:19
U0238,P0040,1.9,2026-02-03 17:15:19
U0259,P0093,4.6,2025-08-26 17:15:19
U0381,P0103,4.4,2025-08-23 17:15:19
U0291,P0085,1.7,2025-10-23 17:15:19
U0042,P0063,5.0,2026-01-01 17:15:19
U0320,P0124,4.3,2025-04-20 17:15:19
U0034,P0199,3.2,2025-10-16 17:15:19
U0475,P0015,5.0,2025-08-14 17:15:19
U0079,P0107,2.5,2025-07-26 17:15:19
U0016,P0086,2.8,2025-09-17 17:15:19
U0061,P0079,3.3,2025-11-25 17:15:19
U0250,P0126,3.3,2025-09-04 17:15:19
U0302,P0055,2.6,2025-08-30 17:15:19
U0221,P0061,4.1,2025-10-30 17:15:19
U0125,P0157,3.0,2025-12-31 17:15:19
U0173,P0041,5.0,2025-05-23 17:15:19
U0193,P0022,2.6,2026-02-02 17:15:19
U0043,P0022,2.7,2026-03-21 17:15:19
U0077,P0139,3.8,2025-08-18 17:15:19
U0253,P0024,4.7,2025-04-02 17:15:19
U0332,P0039,3.0,2026-02-27 17:15:19
U0002,P0121,3.1,2025-12-25 17:15:19
U0017,P0035,4.0,2025-10-27 17:15:19
U0432,P0094,4.0,2025-04-12 17:15:19
U0352,P0180,5.0,2025-09-24 17:15:19
U0342,P0147,1.0,2026-02-09 17:15:19
U0021,P0043,3.2,2025-10-18 17:15:19
U0170,P0026,3.7,2026-03-06 17:15:19
U0299,P0022,3.4,2026-03-05 17:15:19
U0315,P0001,2.3,2025-12-17 17:15:19
U0405,P0044,3.7,2025-09-06 17:15:19
U0422,P0126,4.4,2026-01-29 17:15:19
U0137,P0152,4.8,2025-10-27 17:15:19
U0316,P0135,3.1,2026-02-17 17:15:19
U0426,P0157,3.5,2025-10-31 17:15:19
U0071,P0017,3.0,2025-08-01 17:15:19
U0311,P0067,2.3,2026-01-04 17:15:19
U0330,P0199,1.6,2025-04-01 17:15:19
U0264,P0025,2.1,2025-07-14 17:15:19
U0311,P0058,3.5,2025-04-07 17:15:19
U0146,P0009,2.6,2025-09-05 17:15:19
U0437,P0087,5.0,2025-04-19 17:15:19
U0084,P0178,2.7,2025-07-26 17:15:19
U0415,P0116,2.6,2025-09-23 17:15:19
U0488,P0131,4.1,2025-10-20 17:15:19
U0151,P0168,1.9,2025-03-29 17:15:19
U0418,P0103,2.4,2025-08-23 17:15:19
U0414,P0061,5.0,2025-10-18 17:15:19
U0342,P0084,2.6,2025-12-08 17:15:19
U0124,P0119,3.2,2026-01-08 17:15:19
U0361,P0040,1.6,2026-03-07 17:15:19
U0076,P0028,2.0,2025-08-08 17:15:19
U0065,P0039,4.1,2026-02-16 17:15:19
U0145,P0198,5.0,2025-10-06 17:15:19
U0353,P0082,2.7,2025-06-02 17:15:19
U0123,P0184,2.2,2025-07-22 17:15:19
U0223,P0105,2.6,2026-01-22 17:15:19
U0477,P0165,1.0,2025-04-17 17:15:19
U0483,P0172,3.2,2025-06-16 17:15:19
U0374,P0151,3.3,2025-10-22 17:15:19
U0480,P0182,3.2,2025-12-08 17:15:19
U0459,P0122,4.2,2025-04-24 17:15:19
U0018,P0094,2.3,2026-01-04 17:15:19
U0201,P0050,3.4,2025-09-30 17:15:19
U0034,P0013,4.4,2026-03-09 17:15:19
U0200,P0048,4.2,2025-07-14 17:15:19
U0238,P0169,5.0,2025-09-03 17:15:19
U0402,P0182,1.0,2025-10-11 17:15:19
U0231,P0035,3.1,2025-10-09 17:15:19
U0382,P0182,2.3,2025-08-21 17:15:19
U0338,P0081,4.2,2025-06-08 17:15:19
U0445,P0180,2.1,2025-12-21 17:15:19
U0004,P0043,2.6,2025-11-17 17:15:19
U0213,P0024,2.7,2025-07-19 17:15:19
U0449,P0086,3.4,2026-01-09 17:15:19
U0022,P0036,1.6,2025-11-23 17:15:19
U0263,P0155,2.1,2025-07-15 17:15:19
U0491,P0072,4.2,2025-12-12 17:15:19
U0370,P0047,4.6,2025-08-24 17:15:19
U0020,P0198,3.4,2026-03-21 17:15:19
U0324,P0093,2.0,2025-03-26 17:15:19
U0176,P0158,4.3,2025-09-16 17:15:19
U0173,P0001,5.0,2026-01-31 17:15:19
U0423,P0129,5.0,2025-12-12 17:15:19
U0109,P0038,3.9,2025-10-06 17:15:19
U0349,P0169,2.3,2025-07-10 17:15:19
U0141,P0136,2.7,2025-09-06 17:15:19
U0456,P0136,2.9,2025-05-27 17:15:19
U0314,P0157,2.3,2025-12-15 17:15:19
U0487,P0188,3.2,2026-03-05 17:15:19
U0233,P0185,3.1,2025-05-27 17:15:19
U0281,P0075,3.7,2025-06-23 17:15:19
U0023,P0073,2.7,2025-10-06 17:15:19
U0010,P0105,1.7,2025-05-28 17:15:19
U0322,P0017,3.2,2025-07-26 17:15:19
U0425,P0107,3.9,2025-07-31 17:15:19
U0469,P0156,2.2,2025-06-06 17:15:19
U0119,P0081,2.1,2025-05-27 17:15:19
U0115,P0116,2.4,2025-11-10 17:15:19
U0154,P0167,2.1,2026-03-06 17:15:19
U0419,P0059,3.2,2025-04-17 17:15:19
U0464,P0149,2.1,2025-11-15 17:15:19
U0203,P0068,4.1,2026-03-23 17:15:19
U0272,P0059,5.0,2026-03-05 17:15:19
U0114,P0116,3.1,2025-11-23 17:15:19
U0204,P0001,2.6,2025-08-17 17:15:19
U0025,P0020,1.8,2025-11-05 17:15:19
U0275,P0140,2.2,2025-08-24 17:15:19
U0009,P0129,4.5,2025-05-02 17:15:19
U0404,P0079,2.2,2025-05-22 17:15:19
U0340,P0014,4.4,2025-07-14 17:15:19
U0298,P0055,3.0,2025-06-25 17:15:19
U0339,P0142,1.5,2025-10-29 17:15:19
U0400,P0030,3.1,2025-11-25 17:15:19
U0474,P0100,1.3,2025-06-11 17:15:19
U0372,P0085,1.6,2025-12-25 17:15:19
U0280,P0168,1.1,2025-12-13 17:15:19
U0008,P0176,3.0,2025-08-18 17:15:19
U0041,P0085,4.6,2025-04-28 17:15:19
U0126,P0123,2.6,2026-03-15 17:15:19
U0051,P0034,2.6,2025-11-13 17:15:19
U0087,P0169,1.9,2025-10-27 17:15:19
U0344,P0066,2.0,2025-08-25 17:15:19
U0083,P0110,1.5,2025-12-11 17:15:19
U0374,P0042,4.9,2025-09-21 17:15:19
U0050,P0196,4.8,2025-10-29 17:15:19
U0159,P0139,2.8,2025-04-05 17:15:19
U0281,P0164,3.2,2026-02-18 17:15:19
U0040,P0040,5.0,2026-01-22 17:15:19
U0437,P0001,5.0,2025-11-23 17:15:19
U0034,P0200,5.0,2025-11-07 17:15:19
U0495,P0046,1.6,2026-01-26 17:15:19
U0392,P0116,5.0,2025-10-04 17:15:19
U0063,P0129,3.6,2025-06-25 17:15:19
U0239,P0131,1.9,2026-01-22 17:15:19
U0247,P0172,4.3,2025-05-15 17:15:19
U0143,P0022,3.4,2025-09-24 17:15:19
U0404,P0024,2.9,2025-09-26 17:15:19
U0091,P0100,2.7,2025-12-19 17:15:19
U0280,P0065,3.8,2026-03-16 17:15:19
U0412,P0197,3.8,2026-02-09 17:15:19
U0033,P0042,2.4,2026-01-10 17:15:19
U0176,P0042,4.1,2025-07-01 17:15:19
U0418,P0177,4.5,2025-06-25 17:15:19
U0100,P0123,5.0,2025-05-06 17:15:19
U0180,P0008,2.3,2025-10-02 17:15:19
U0437,P0100,4.6,2025-08-16 17:15:19
U0054,P0132,2.2,2025-08-31 17:15:19
U0109,P0043,4.2,2025-12-18 17:15:19
U0318,P0164,3.6,2025-07-21 17:15:19
U0397,P0151,2.8,2025-04-02 17:15:19
U0035,P0191,1.5,2025-11-29 17:15:19
U0428,P0169,2.1,2025-07-15 17:15:19
U0286,P0198,2.0,2025-08-03 17:15:19
U0199,P0083,3.8,2025-05-01 17:15:19
U0189,P0051,2.4,2026-03-04 17:15:19
U0019,P0116,1.2,2025-12-19 17:15:19
U0002,P0147,3.5,2025-09-25 17:15:19
U0009,P0171,2.5,2025-09-16 17:15:19
U0333,P0087,1.4,2025-08-25 17:15:19
U0384,P0002,4.4,2025-10-15 17:15:19
U0442,P0119,2.8,2026-02-10 17:15:19
U0069,P0025,5.0,2025-05-25 17:15:19
U0267,P0144,3.9,2026-01-25 17:15:19
U0304,P0035,2.6,2025-07-26 17:15:19
U0254,P0142,3.7,2025-06-16 17:15:19
U0372,P0195,4.8,2025-10-02 17:15:19
U0062,P0160,3.3,2026-03-09 17:15:19
U0403,P0164,4.3,2025-10-14 17:15:19
U0126,P0080,3.1,2025-06-24 17:15:19
U0421,P0109,3.8,2025-10-26 17:15:19
U0020,P0028,4.5,2026-02-25 17:15:19
U0481,P0077,2.2,2025-04-19 17:15:19
U0494,P0036,2.5,2025-04-03 17:15:19
U0133,P0098,3.7,2026-01-06 17:15:19
U0144,P0088,3.5,2025-08-27 17:15:19
U0039,P0136,1.8,2025-09-20 17:15:19
U0039,P0128,4.5,2025-10-19 17:15:19
U0379,P0077,5.0,2025-08-29 17:15:19
U0012,P0007,3.7,2025-10-31 17:15:19
U0168,P0048,1.2,2025-03-26 17:15:19
U0048,P0036,3.8,2025-06-30 17:15:19
U0309,P0154,3.7,2026-02-02 17:15:19
U0186,P0030,4.6,2026-02-05 17:15:19
U0500,P0068,1.6,2025-10-06 17:15:19
U0163,P0032,4.1,2025-12-22 17:15:19
U0296,P0055,2.8,2025-05-31 17:15:19
U0410,P0021,1.0,2025-11-27 17:15:19
U0026,P0071,4.6,2025-10-17 17:15:19
U0431,P0195,3.8,2025-06-17 17:15:19
U0387,P0139,3.8,2026-02-13 17:15:19
U0416,P0183,3.9,2025-06-17 17:15:19
U0479,P0148,2.3,2025-04-06 17:15:19
U0280,P0077,3.3,2025-06-16 17:15:19
U0337,P0077,1.0,2026-02-02 17:15:19
U0459,P0104,5.0,2026-03-05 17:15:19
U0160,P0108,4.0,2026-02-06 17:15:19
U0337,P0086,2.2,2025-11-08 17:15:19
U0380,P0014,1.0,2026-01-14 17:15:19
U0036,P0025,4.3,2025-05-28 17:15:19
U0003,P0028,1.1,2025-07-24 17:15:19
U0022,P0121,2.9,2025-09-22 17:15:19
U0208,P0139,2.9,2026-01-30 17:15:19
U0136,P0041,1.6,2025-05-27 17:15:19
U0482,P0144,5.0,2025-11-19 17:15:19
U0087,P0048,4.8,2025-04-27 17:15:19
U0471,P0146,3.5,2025-04-01 17:15:19
U0323,P0005,2.5,2025-07-28 17:15:19
U0112,P0187,2.6,2025-03-28 17:15:19
U0065,P0044,5.0,2025-04-10 17:15:19
U0261,P0062,3.7,2025-08-29 17:15:19
U0003,P0175,1.1,2025-07-01 17:15:19
U0296,P0187,3.9,2025-12-19 17:15:19
U0253,P0141,4.6,2025-11-24 17:15:19
U0031,P0111,4.0,2025-12-07 17:15:19
U0314,P0171,5.0,2025-09-08 17:15:19
U0099,P0136,4.1,2025-10-27 17:15:19
U0177,P0035,2.1,2025-08-30 17:15:19
U0499,P0152,3.4,2025-08-27 17:15:19
U0467,P0149,5.0,2025-10-29 17:15:19
U0138,P0064,1.7,2025-05-14 17:15:19
U0439,P0032,3.2,2025-03-29 17:15:19
U0216,P0066,1.9,2025-04-28 17:15:19
U0310,P0128,3.5,2026-03-25 17:15:19
U0059,P0104,3.5,2025-05-27 17:15:19
U0098,P0192,2.1,2025-11-16 17:15:19
U0354,P0033,2.1,2025-06-03 17:15:19
U0095,P0165,3.6,2025-06-01 17:15:19
U0062,P0172,4.1,2025-11-18 17:15:19
U0068,P0183,4.6,2026-03-05 17:15:19
U0119,P0064,1.8,2026-03-02 17:15:19
U0375,P0019,2.0,2025-04-09 17:15:19
U0203,P0035,2.6,2025-12-04 17:15:19
U0142,P0029,4.3,2025-06-04 17:15:19
U0002,P0167,3.0,2025-12-08 17:15:19
U0368,P0029,3.2,2025-04-03 17:15:19
U0008,P0106,4.1,2026-01-30 17:15:19
U0175,P0053,1.0,2025-08-09 17:15:19
U0074,P0038,1.6,2025-04-28 17:15:19
U0403,P0032,2.0,2025-09-18 17:15:19
U0167,P0106,2.4,2025-09-13 17:15:19
U0338,P0133,4.4,2025-04-11 17:15:19
U0141,P0114,4.2,2025-04-20 17:15:19
U0104,P0163,3.2,2026-01-10 17:15:19
U0106,P0100,2.7,2025-09-26 17:15:19
U0097,P0171,2.1,2025-04-20 17:15:19
U0125,P0126,2.8,2025-07-18 17:15:19
U0486,P0071,3.1,2025-08-14 17:15:19
U0238,P0041,5.0,2026-02-22 17:15:19
U0401,P0016,2.5,2025-08-03 17:15:19
U0269,P0075,4.1,2025-12-11 17:15:19
U0212,P0029,4.9,2025-10-29 17:15:19
U0073,P0073,1.8,2025-11-02 17:15:19
U0091,P0110,4.7,2026-03-18 17:15:19
U0243,P0196,4.3,2025-06-27 17:15:19
U0034,P0151,1.7,2025-08-05 17:15:19
U0179,P0078,4.2,2025-04-30 17:15:19
U0103,P0177,5.0,2025-11-04 17:15:19
U0430,P0123,4.0,2025-09-07 17:15:19
U0139,P0042,2.0,2025-07-23 17:15:19
U0113,P0113,2.3,2026-01-16 17:15:19
U0009,P0200,4.7,2025-11-25 17:15:19
U0331,P0125,5.0,2025-09-10 17:15:19
U0113,P0142,4.6,2025-07-08 17:15:19
U0329,P0038,4.1,2026-01-28 17:15:19
U0138,P0185,5.0,2025-09-17 17:15:19
U0268,P0066,2.2,2025-04-06 17:15:19
U0051,P0070,5.0,2025-04-22 17:15:19
U0265,P0080,3.7,2025-08-31 17:15:19
U0011,P0017,4.4,2025-06-08 17:15:19
U0124,P0073,3.9,2025-11-16 17:15:19
U0415,P0063,3.9,2025-04-17 17:15:19
U0477,P0143,2.1,2025-05-15 17:15:19
U0295,P0136,3.8,2025-12-22 17:15:19
U0271,P0001,3.3,2026-01-08 17:15:19
U0491,P0006,1.8,2025-10-09 17:15:19
U0394,P0177,5.0,2025-06-15 17:15:19
U0175,P0001,3.5,2025-07-22 17:15:19
U0100,P0048,1.6,2026-01-29 17:15:19
U0376,P0079,3.4,2025-08-20 17:15:19
U0129,P0179,2.2,2025-11-06 17:15:19
U0301,P0052,1.5,2025-05-08 17:15:19
U0206,P0172,1.0,2025-05-21 17:15:19
U0290,P0145,2.4,2025-09-24 17:15:19
U0050,P0098,1.4,2025-07-27 17:15:19
U0320,P0051,4.1,2025-11-20 17:15:19
U0167,P0012,1.0,2025-10-04 17:15:19
U0183,P0121,4.1,2025-11-22 17:15:19
U0273,P0086,2.1,2025-07-16 17:15:19
U0117,P0111,5.0,2025-06-11 17:15:19
U0009,P0177,5.0,2026-02-14 17:15:19
U0053,P0145,4.8,2026-01-14 17:15:19
U0119,P0106,2.2,2026-03-03 17:15:19
U0105,P0120,5.0,2025-08-26 17:15:19
U0274,P0190,2.4,2026-02-16 17:15:19
U0053,P0175,1.1,2025-06-18 17:15:19
U0226,P0184,3.9,2026-01-15 17:15:19
U0114,P0189,5.0,2025-12-06 17:15:19
U0112,P0095,3.8,2026-02-04 17:15:19
U0019,P0066,2.3,2026-03-20 17:15:19
U0471,P0151,1.1,2025-08-28 17:15:19
U0062,P0072,3.4,2025-04-30 17:15:19
U0302,P0116,5.0,2025-12-08 17:15:19
U0048,P0088,3.3,2025-11-24 17:15:19
U0314,P0031,3.4,2026-02-06 17:15:19
U0413,P0065,1.8,2025-05-23 17:15:19
U0275,P0192,1.2,2025-05-07 17:15:19
U0481,P0195,4.1,2025-11-22 17:15:19
U0023,P0122,2.9,2025-04-07 17:15:19
U0142,P0139,1.3,2025-12-30 17:15:19
U0337,P0194,3.6,2025-04-03 17:15:19
U0374,P0002,2.0,2025-07-18 17:15:19
U0419,P0056,2.0,2025-08-27 17:15:19
U0052,P0023,3.0,2025-07-11 17:15:19
U0299,P0059,2.6,2025-06-04 17:15:19
U0143,P0001,2.2,2025-08-19 17:15:19
U0357,P0090,2.7,2025-09-24 17:15:19
U0386,P0116,3.0,2025-06-14 17:15:19
U0357,P0043,2.6,2026-03-12 17:15:19
U0379,P0025,2.7,2025-05-08 17:15:19
U0293,P0006,2.5,2025-04-18 17:15:19
U0141,P0050,5.0,2025-12-27 17:15:19
U0422,P0041,1.6,2025-11-26 17:15:19
U0378,P0012,4.1,2025-12-24 17:15:19
U0101,P0054,3.7,2025-12-14 17:15:19
U0236,P0016,4.9,2025-04-21 17:15:19
U0231,P0058,2.5,2025-05-13 17:15:19
U0069,P0009,3.6,2026-01-24 17:15:19
U0372,P0186,4.9,2025-12-11 17:15:19
U0188,P0161,4.7,2025-10-23 17:15:19
U0428,P0176,3.4,2025-08-16 17:15:19
U0079,P0177,3.2,2026-02-21 17:15:19
U0427,P0041,1.9,2025-07-26 17:15:19
U0194,P0002,2.7,2025-12-28 17:15:19
U0192,P0009,2.4,2025-06-26 17:15:19
U0090,P0176,3.6,2025-08-22 17:15:19
U0056,P0022,4.4,2026-01-04 17:15:19
U0109,P0019,3.8,2026-01-06 17:15:19
U0213,P0028,1.8,2025-08-15 17:15:19
U0417,P0043,3.6,2025-11-09 17:15:19
U0366,P0134,2.0,2025-06-14 17:15:19
U0453,P0174,3.3,2025-06-27 17:15:19
U0487,P0152,1.0,2025-05-30 17:15:19
U0169,P0116,4.2,2026-01-04 17:15:19
U0425,P0153,1.0,2025-06-26 17:15:19
U0339,P0146,2.2,2025-12-05 17:15:19
U0489,P0115,2.9,2025-08-20 17:15:19
U0089,P0157,3.5,2025-08-10 17:15:19
U0143,P0081,2.9,2025-11-12 17:15:19
U0311,P0055,4.8,2026-03-15 17:15:19
U0101,P0104,2.4,2025-10-25 17:15:19
U0193,P0198,3.5,2025-06-24 17:15:19
U0239,P0024,2.5,2025-06-01 17:15:19
U0060,P0178,5.0,2026-01-20 17:15:19
U0462,P0014,5.0,2025-11-28 17:15:19
U0378,P0180,3.7,2025-06-25 17:15:19
U0487,P0029,2.9,2025-06-12 17:15:19
U0246,P0102,2.7,2025-04-27 17:15:19
U0298,P0183,1.0,2026-01-15 17:15:19
U0028,P0133,1.8,2025-12-23 17:15:19
U0276,P0060,2.0,2026-01-20 17:15:19
U0124,P0013,1.0,2025-07-08 17:15:19
U0440,P0156,2.8,2025-06-20 17:15:19
U0453,P0019,1.0,2025-11-22 17:15:19
U0276,P0142,4.0,2026-02-11 17:15:19
U0174,P0135,3.3,2025-06-23 17:15:19
U0048,P0067,5.0,2025-11-12 17:15:19
U0171,P0141,4.4,2026-01-15 17:15:19
U0424,P0046,3.0,2026-03-03 17:15:19
U0219,P0126,2.1,2025-12-10 17:15:19
U0072,P0057,1.0,2025-04-02 17:15:19
U0266,P0038,1.2,2025-05-10 17:15:19
U0227,P0019,3.1,2025-08-21 17:15:19
U0370,P0163,2.3,2025-06-19 17:15:19
U0042,P0189,1.5,2025-10-12 17:15:19
U0236,P0043,2.8,2025-04-11 17:15:19
U0142,P0087,2.3,2026-03-10 17:15:19
U0017,P0196,2.5,2026-03-20 17:15:19
U0400,P0007,5.0,2025-04-19 17:15:19
U0354,P0007,1.3,2026-03-10 17:15:19
U0043,P0083,4.4,2025-12-31 17:15:19
U0388,P0191,4.0,2025-05-03 17:15:19
U0300,P0021,3.7,2026-02-11 17:15:19
U0353,P0049,3.4,2025-07-22 17:15:19
U0488,P0026,4.9,2025-08-13 17:15:19
U0402,P0138,1.6,2025-04-28 17:15:19
U0191,P0015,3.8,2025-05-07 17:15:19
U0384,P0155,2.8,2026-03-12 17:15:19
U0369,P0039,2.2,2025-09-26 17:15:19
U0161,P0098,3.1,2025-04-15 17:15:19
U0059,P0130,2.8,2025-04-29 17:15:19
U0149,P0193,5.0,2025-10-27 17:15:19
U0134,P0041,2.5,2026-02-10 17:15:19
U0280,P0038,2.4,2025-05-22 17:15:19
U0343,P0148,3.1,2025-06-22 17:15:19
U0245,P0074,3.1,2025-07-17 17:15:19
U0040,P0039,2.4,2025-12-26 17:15:19
U0423,P0196,4.3,2025-10-29 17:15:19
U0257,P0160,1.9,2026-03-04 17:15:19
U0241,P0011,3.3,2025-07-09 17:15:19
U0223,P0120,2.6,2026-03-12 17:15:19
U0023,P0154,2.0,2026-02-28 17:15:19
U0002,P0170,5.0,2025-11-12 17:15:19
U0454,P0063,2.5,2025-09-13 17:15:19
U0177,P0163,3.1,2025-10-02 17:15:19
U0046,P0093,5.0,2025-07-04 17:15:19
U0077,P0104,2.8,2025-09-13 17:15:19
U0289,P0032,3.4,2025-11-25 17:15:19
U0212,P0039,3.0,2025-11-08 17:15:19
U0262,P0059,2.0,2025-10-12 17:15:19
U0190,P0170,2.0,2026-02-28 17:15:19
U0188,P0080,2.5,2025-12-28 17:15:19
U0193,P0187,3.4,2026-03-04 17:15:19
U0283,P0183,3.6,2026-03-05 17:15:19
U0321,P0121,2.7,2026-02-26 17:15:19
U0124,P0106,3.0,2025-05-21 17:15:19
U0439,P0158,4.4,2025-06-13 17:15:19
U0236,P0159,3.2,2025-09-25 17:15:19
U0403,P0005,2.4,2025-05-10 17:15:19
U0399,P0163,4.9,2025-06-29 17:15:19
U0095,P0033,4.8,2026-02-20 17:15:19
U0032,P0069,4.0,2026-03-01 17:15:19
U0476,P0032,1.0,2025-09-06 17:15:19
U0130,P0136,5.0,2026-01-21 17:15:19
U0456,P0143,4.2,2025-06-28 17:15:19
U0379,P0002,4.7,2025-11-12 17:15:19
U0133,P0165,1.7,2025-12-25 17:15:19
U0281,P0122,3.9,2025-07-13 17:15:19
U0451,P0064,2.0,2025-07-04 17:15:19
U0368,P0196,3.8,2025-12-19 17:15:19
U0271,P0166,4.3,2026-02-21 17:15:19
U0205,P0069,1.7,2025-11-21 17:15:19
U0080,P0173,2.0,2026-02-20 17:15:19
U0073,P0179,5.0,2025-09-02 17:15:19
U0317,P0174,4.1,2025-10-25 17:15:19
U0372,P0044,4.0,2025-07-01 17:15:19
U0293,P0166,4.8,2025-04-17 17:15:19
U0342,P0188,2.2,2025-10-19 17:15:19
U0209,P0077,1.0,2026-01-03 17:15:19
U0011,P0063,2.8,2025-08-23 17:15:19
U0388,P0184,4.0,2026-01-18 17:15:19
U0189,P0185,4.1,2025-06-28 17:15:19
U0221,P0055,4.1,2026-01-31 17:15:19
U0159,P0200,2.7,2025-11-17 17:15:19
U0043,P0119,3.1,2026-03-05 17:15:19
U0421,P0100,4.6,2025-10-27 17:15:19
U0485,P0162,4.7,2025-09-07 17:15:19
U0081,P0091,3.4,2025-09-15 17:15:19
U0388,P0075,4.6,2026-03-04 17:15:19
U0096,P0104,2.1,2025-11-28 17:15:19
U0370,P0173,2.4,2025-09-18 17:15:19
U0175,P0140,2.6,2025-04-10 17:15:19
U0096,P0076,2.6,2025-12-17 17:15:19
U0492,P0187,3.5,2026-03-14 17:15:19
U0343,P0022,4.6,2025-07-28 17:15:19
U0194,P0079,4.6,2025-08-27 17:15:19
U0406,P0072,5.0,2025-10-28 17:15:19
U0263,P0148,4.1,2025-06-27 17:15:19
U0259,P0006,1.0,2025-11-30 17:15:19
U0375,P0028,3.7,2025-09-18 17:15:19
U0358,P0129,3.5,2025-07-03 17:15:19
U0092,P0071,3.2,2025-10-07 17:15:19
U0372,P0035,2.1,2025-07-30 17:15:19
U0313,P0179,3.6,2026-02-22 17:15:19
U0345,P0177,3.1,2025-10-02 17:15:19
U0020,P0075,2.4,2025-04-08 17:15:19
U0328,P0015,2.9,2025-10-27 17:15:19
U0123,P0053,4.3,2025-12-05 17:15:19
U0107,P0196,3.1,2025-09-25 17:15:19
U0100,P0135,3.1,2025-11-14 17:15:19
U0301,P0081,1.7,2025-03-28 17:15:19
U0063,P0102,3.0,2025-12-02 17:15:19
U0414,P0037,2.0,2026-02-01 17:15:19
U0047,P0025,4.2,2025-03-26 17:15:19
U0308,P0117,4.0,2025-06-29 17:15:19
U0239,P0185,1.0,2026-01-21 17:15:19
U0279,P0013,3.8,2025-05-19 17:15:19
U0500,P0051,1.2,2025-11-22 17:15:19
U0304,P0024,1.0,2025-05-06 17:15:19
U0348,P0051,5.0,2025-07-16 17:15:19
U0111,P0035,4.5,2025-08-30 17:15:19
U0330,P0083,4.4,2025-11-30 17:15:19
U0021,P0105,3.4,2026-03-08 17:15:19
U0371,P0020,2.0,2026-02-11 17:15:19
U0471,P0193,2.1,2025-05-16 17:15:19
U0390,P0130,4.7,2025-07-14 17:15:19
U0389,P0084,3.8,2025-09-07 17:15:19
U0049,P0119,4.7,2025-07-12 17:15:19
U0440,P0105,4.0,2025-06-16 17:15:19
U0369,P0135,1.0,2026-03-21 17:15:19
U0006,P0048,2.0,2025-12-09 17:15:19
U0421,P0007,1.9,2026-03-10 17:15:19
U0301,P0028,3.6,2025-10-05 17:15:19
U0399,P0107,3.3,2026-01-27 17:15:19
U0282,P0033,3.4,2025-05-24 17:15:19
U0269,P0004,1.5,2025-11-20 17:15:19
U0353,P0097,5.0,2025-10-06 17:15:19
U0242,P0164,1.5,2025-03-31 17:15:19
U0255,P0068,2.7,2025-10-31 17:15:19
U0422,P0153,4.0,2026-01-23 17:15:19
U0492,P0186,3.8,2025-08-25 17:15:19
U0470,P0001,3.8,2025-05-12 17:15:19
U0349,P0055,1.8,2025-09-06 17:15:19
U0189,P0157,2.7,2025-09-29 17:15:19
U0069,P0015,2.5,2026-02-14 17:15:19
U0160,P0155,3.6,2026-02-17 17:15:19
U0414,P0032,5.0,2025-06-29 17:15:19
U0328,P0198,3.2,2025-06-04 17:15:19
U0147,P0028,2.1,2025-06-22 17:15:19
U0150,P0058,2.9,2025-11-27 17:15:19
U0204,P0136,2.1,2025-07-24 17:15:19
U0176,P0007,1.5,2025-05-29 17:15:19
U0072,P0194,2.6,2025-08-29 17:15:19
U0100,P0044,5.0,2026-01-04 17:15:19
U0483,P0056,3.6,2025-05-19 17:15:19
U0309,P0130,2.7,2026-01-09 17:15:19
U0038,P0062,3.7,2025-08-06 17:15:19
U0141,P0086,4.3,2025-10-04 17:15:19
U0215,P0020,2.0,2026-02-06 17:15:19
U0131,P0010,4.2,2025-04-03 17:15:19
U0382,P0188,2.3,2025-10-26 17:15:19
U0067,P0134,3.9,2025-06-24 17:15:19
U0209,P0192,1.0,2026-03-04 17:15:19
U0425,P0094,3.8,2025-05-07 17:15:19
U0011,P0200,4.8,2025-10-04 17:15:19
U0122,P0127,1.4,2025-09-04 17:15:19
U0220,P0112,3.2,2026-03-02 17:15:19
U0266,P0178,4.8,2026-02-04 17:15:19
U0060,P0192,2.5,2026-01-19 17:15:19
U0219,P0200,3.6,2026-03-16 17:15:19
U0481,P0011,2.0,2025-12-17 17:15:19
U0448,P0015,2.1,2025-07-02 17:15:19
U0454,P0053,2.9,2025-09-22 17:15:19
U0200,P0102,2.9,2025-05-18 17:15:19
U0046,P0196,5.0,2026-03-12 17:15:19
U0198,P0040,4.8,2025-04-09 17:15:19
U0234,P0019,3.1,2025-10-12 17:15:19
U0482,P0191,5.0,2025-12-07 17:15:19
U0394,P0056,2.2,2025-11-15 17:15:19
U0460,P0088,5.0,2025-09-24 17:15:19
U0027,P0111,3.3,2025-07-08 17:15:19
U0282,P0047,1.1,2025-08-14 17:15:19
U0293,P0028,1.5,2025-07-20 17:15:19
U0321,P0125,3.4,2025-08-20 17:15:19
U0391,P0144,4.2,2025-04-30 17:15:19
U0463,P0037,1.5,2025-05-11 17:15:19
U0108,P0135,3.4,2025-11-10 17:15:19
U0149,P0192,2.1,2026-03-05 17:15:19
U0060,P0062,2.4,2025-10-21 17:15:19
U0459,P0142,4.7,2026-03-23 17:15:19
U0407,P0136,3.3,2025-08-08 17:15:19
U0400,P0050,5.0,2025-10-01 17:15:19
U0245,P0171,4.9,2025-06-17 17:15:19
U0378,P0136,3.5,2026-01-15 17:15:19
U0209,P0012,5.0,2025-12-07 17:15:19
U0120,P0166,2.9,2025-09-15 17:15:19
U0315,P0186,3.8,2026-01-21 17:15:19
U0028,P0027,5.0,2025-04-18 17:15:19
U0190,P0116,5.0,2025-04-06 17:15:19
U0356,P0005,3.5,2025-05-19 17:15:19
U0421,P0013,1.8,2025-07-09 17:15:19
U0189,P0145,2.6,2025-06-01 17:15:19
U0363,P0017,3.3,2025-10-28 17:15:19
U0147,P0147,4.8,2025-12-22 17:15:19
U0479,P0005,1.1,2025-08-06 17:15:19
U0414,P0043,4.4,2025-08-31 17:15:19
U0388,P0154,1.9,2025-03-29 17:15:19
U0294,P0160,2.2,2025-05-09 17:15:19
U0216,P0197,1.6,2025-05-10 17:15:19
U0294,P0097,5.0,2025-04-23 17:15:19
U0152,P0142,4.2,2025-05-01 17:15:19
U0310,P0195,3.1,2025-05-22 17:15:19
U0382,P0187,4.9,2025-04-13 17:15:19
U0438,P0117,3.3,2026-02-08 17:15:19
U0456,P0134,2.3,2025-10-25 17:15:19
U0075,P0138,4.8,2025-09-19 17:15:19
U0297,P0099,3.2,2025-05-03 17:15:19
U0488,P0146,3.5,2025-11-18 17:15:19
U0076,P0085,1.0,2025-06-09 17:15:19
U0053,P0076,2.7,2026-03-15 17:15:19
U0396,P0129,5.0,2025-10-18 17:15:19
U0292,P0159,4.1,2025-12-16 17:15:19
U0456,P0049,2.6,2026-01-29 17:15:19
U0095,P0200,4.2,2025-12-01 17:15:19
U0151,P0200,3.8,2026-01-12 17:15:19
U0207,P0145,2.3,2025-06-12 17:15:19
U0492,P0015,4.1,2025-08-29 17:15:19
U0319,P0180,2.4,2026-03-14 17:15:19
U0080,P0102,2.3,2025-05-02 17:15:19
U0061,P0118,3.6,2025-08-24 17:15:19
U0498,P0008,4.2,2025-05-01 17:15:19
U0227,P0045,3.2,2025-12-05 17:15:19
U0483,P0186,5.0,2025-11-29 17:15:19
U0267,P0156,2.9,2025-12-03 17:15:19
U0167,P0172,1.5,2025-04-20 17:15:19
U0309,P0093,1.1,2025-04-27 17:15:19
U0125,P0134,2.6,2026-01-14 17:15:19
U0337,P0144,2.3,2026-03-17 17:15:19
U0429,P0073,2.6,2026-03-24 17:15:19
U0460,P0089,4.0,2025-08-29 17:15:19
U0455,P0170,5.0,2026-01-24 17:15:19
U0073,P0178,1.2,2025-06-09 17:15:19
U0313,P0112,1.0,2025-10-02 17:15:19
U0016,P0141,4.3,2026-01-09 17:15:19
U0208,P0152,3.6,2025-09-23 17:15:19
U0279,P0174,4.3,2026-01-09 17:15:19
U0137,P0024,3.1,2025-06-17 17:15:19
U0196,P0147,3.8,2025-09-13 17:15:19
U0177,P0105,1.0,2025-05-07 17:15:19
U0038,P0056,1.9,2026-03-18 17:15:19
U0415,P0110,4.4,2026-02-03 17:15:19
U0345,P0176,3.3,2026-01-10 17:15:19
U0393,P0049,5.0,2025-06-28 17:15:19
U0161,P0147,3.5,2025-10-04 17:15:19
U0473,P0193,3.9,2026-01-23 17:15:19
U0398,P0069,1.6,2025-09-02 17:15:19
U0278,P0039,1.9,2025-11-22 17:15:19
U0301,P0198,1.9,2025-10-17 17:15:19
U0140,P0161,4.7,2026-03-05 17:15:19
U0438,P0008,4.3,2025-12-31 17:15:19
U0245,P0193,2.7,2025-12-01 17:15:19
U0001,P0002,2.1,2025-04-18 17:15:19
U0437,P0132,4.9,2025-08-15 17:15:19
U0308,P0101,4.4,2025-09-07 17:15:19
U0033,P0015,3.1,2026-01-25 17:15:19
U0427,P0196,2.9,2025-09-08 17:15:19
U0258,P0052,5.0,2026-02-15 17:15:19
U0042,P0172,2.7,2025-12-17 17:15:19
U0417,P0157,3.6,2025-10-05 17:15:19
U0422,P0007,1.6,2026-03-01 17:15:19
U0485,P0017,4.2,2025-09-14 17:15:19
U0271,P0015,1.0,2025-05-16 17:15:19
U0332,P0072,2.3,2026-02-12 17:15:19
U0151,P0162,2.3,2025-05-19 17:15:19
U0038,P0189,1.1,2025-10-12 17:15:19
U0028,P0117,1.6,2025-08-29 17:15:19
U0397,P0046,4.8,2025-05-07 17:15:19
U0268,P0051,2.7,2025-05-31 17:15:19
U0487,P0114,4.1,2025-05-01 17:15:19
U0211,P0161,4.3,2026-01-11 17:15:19
U0026,P0187,4.1,2025-09-18 17:15:19
U0113,P0164,3.7,2025-11-02 17:15:19
U0139,P0005,4.1,2025-07-15 17:15:19
U0226,P0114,2.5,2025-05-23 17:15:19
U0145,P0101,4.1,2026-01-01 17:15:19
U0030,P0183,4.4,2025-08-08 17:15:19
U0454,P0036,3.4,2025-08-31 17:15:19
U0391,P0106,2.7,2025-04-16 17:15:19
U0067,P0153,4.4,2026-01-14 17:15:19
U0177,P0005,3.9,2025-06-14 17:15:19
U0409,P0024,4.1,2025-07-17 17:15:19
U0372,P0161,3.7,2025-07-26 17:15:19
U0473,P0099,3.2,2026-03-01 17:15:19
U0083,P0145,3.4,2025-04-01 17:15:19
U0478,P0155,4.9,2026-02-19 17:15:19
U0394,P0200,4.2,2025-11-11 17:15:19
U0012,P0102,3.2,2025-06-30 17:15:19
U0346,P0137,4.0,2025-11-11 17:15:19
U0035,P0050,2.7,2025-12-14 17:15:19
U0104,P0117,5.0,2025-11-27 17:15:19
U0046,P0034,3.1,2025-10-16 17:15:19
U0184,P0184,3.8,2025-12-28 17:15:19
U0104,P0089,3.9,2025-09-01 17:15:19
U0056,P0120,1.0,2025-06-20 17:15:19
U0475,P0021,4.6,2025-07-31 17:15:19
U0006,P0053,2.3,2025-12-31 17:15:19
U0348,P0027,3.4,2026-02-13 17:15:19
U0309,P0042,4.0,2026-03-25 17:15:19
U0195,P0029,2.4,2025-12-03 17:15:19
U0385,P0109,5.0,2025-11-24 17:15:19
U0423,P0132,2.9,2025-04-17 17:15:19
U0163,P0034,2.8,2025-07-29 17:15:19
U0254,P0140,1.9,2025-06-05 17:15:19
U0193,P0032,2.8,2025-12-18 17:15:19
U0112,P0115,2.4,2026-02-15 17:15:19
U0457,P0171,2.6,2025-06-19 17:15:19
U0152,P0079,2.0,2025-11-10 17:15:19
U0304,P0013,2.0,2025-12-29 17:15:19
U0443,P0149,2.8,2025-10-11 17:15:19
U0025,P0037,4.9,2025-09-04 17:15:19
U0151,P0131,3.4,2026-03-03 17:15:19
U0499,P0025,3.1,2025-08-17 17:15:19
U0142,P0073,4.6,2026-02-26 17:15:19
U0122,P0116,4.0,2025-12-11 17:15:19
U0350,P0065,3.3,2026-02-01 17:15:19
U0204,P0121,3.1,2025-06-25 17:15:19
U0056,P0037,2.2,2025-07-31 17:15:19
U0380,P0128,2.0,2025-04-18 17:15:19
U0263,P0044,1.7,2025-12-20 17:15:19
U0039,P0004,3.9,2026-01-02 17:15:19
U0328,P0024,3.4,2025-07-17 17:15:19
U0458,P0151,3.2,2025-06-24 17:15:19
U0424,P0047,3.7,2026-02-01 17:15:19
U0134,P0133,4.2,2025-08-23 17:15:19
U0088,P0147,2.7,2025-06-19 17:15:19
U0175,P0189,2.7,2025-07-17 17:15:19
U0402,P0188,4.0,2025-04-08 17:15:19
U0311,P0113,3.0,2025-11-26 17:15:19
U0444,P0060,3.2,2025-06-22 17:15:19
U0125,P0030,3.9,2025-07-05 17:15:19
U0091,P0140,2.3,2025-04-11 17:15:19
U0164,P0105,2.7,2026-03-11 17:15:19
U0174,P0059,2.7,2025-06-05 17:15:19
U0385,P0116,1.6,2026-03-14 17:15:19
U0253,P0180,3.2,2025-05-28 17:15:19
U0279,P0185,4.7,2025-05-04 17:15:19
U0220,P0104,1.7,2025-04-11 17:15:19
U0475,P0031,2.8,2025-08-05 17:15:19
U0245,P0180,1.0,2026-02-22 17:15:19
U0207,P0128,3.0,2025-11-25 17:15:19
U0461,P0104,3.1,2025-07-03 17:15:19
U0400,P0038,3.4,2026-03-18 17:15:19
U0187,P0196,2.9,2026-03-24 17:15:19
U0193,P0139,4.7,2026-01-11 17:15:19
U0044,P0169,5.0,2025-12-28 17:15:19
U0093,P0058,4.0,2025-05-07 17:15:19
U0179,P0084,3.1,2025-04-14 17:15:19
U0082,P0023,4.1,2025-09-05 17:15:19
U0348,P0169,1.7,2025-09-19 17:15:19
U0008,P0199,1.0,2025-10-05 17:15:19
U0277,P0115,3.0,2026-01-31 17:15:19
U0352,P0068,1.4,2025-08-30 17:15:19
U0292,P0039,3.5,2026-02-16 17:15:19
U0268,P0167,2.1,2025-12-26 17:15:19
U0038,P0147,3.1,2026-01-13 17:15:19
U0168,P0146,3.9,2025-09-03 17:15:19
U0497,P0117,1.3,2025-05-25 17:15:19
U0489,P0011,3.4,2025-06-13 17:15:19
U0303,P0137,3.9,2025-04-10 17:15:19
U0138,P0061,5.0,2025-08-17 17:15:19
U0320,P0156,3.3,2025-06-21 17:15:19
U0148,P0140,1.9,2026-03-17 17:15:19
U0488,P0041,3.0,2026-01-20 17:15:19
U0436,P0085,3.4,2026-03-08 17:15:19
U0488,P0155,4.2,2025-04-05 17:15:19
U0374,P0059,2.4,2025-04-20 17:15:19
U0431,P0139,5.0,2025-08-16 17:15:19
U0500,P0185,1.2,2025-05-23 17:15:19
U0367,P0178,3.7,2025-11-17 17:15:19
U0260,P0075,2.5,2025-04-28 17:15:19
U0067,P0077,4.4,2025-05-19 17:15:19
U0173,P0189,1.2,2025-05-17 17:15:19
U0263,P0142,5.0,2025-05-07 17:15:19
U0034,P0166,3.3,2026-02-10 17:15:19
U0232,P0161,4.4,2025-06-19 17:15:19
U0260,P0118,1.5,2026-03-07 17:15:19
U0356,P0168,4.6,2025-08-12 17:15:19
U0047,P0092,1.8,2025-12-24 17:15:19
U0121,P0140,3.8,2025-09-01 17:15:19
U0230,P0100,1.5,2025-07-24 17:15:19
U0101,P0139,2.4,2025-04-23 17:15:19
U0096,P0007,3.4,2025-05-14 17:15:19
U0232,P0071,1.5,2025-09-12 17:15:19
U0400,P0020,3.2,2025-05-15 17:15:19
U0033,P0185,3.0,2025-05-08 17:15:19
U0340,P0119,3.7,2025-07-15 17:15:19
U0313,P0137,2.2,2025-07-16 17:15:19
U0197,P0139,3.6,2026-01-08 17:15:19
U0439,P0160,5.0,2025-06-04 17:15:19
U0469,P0112,2.0,2025-07-10 17:15:19
U0255,P0184,5.0,2026-01-06 17:15:19
U0429,P0034,3.7,2025-10-13 17:15:19
U0101,P0127,1.1,2026-03-06 17:15:19
U0405,P0165,3.7,2025-06-26 17:15:19
U0163,P0175,3.5,2025-06-30 17:15:19
U0001,P0103,1.7,2025-04-30 17:15:19
U0096,P0175,3.4,2025-05-09 17:15:19
U0406,P0061,3.1,2025-09-18 17:15:19
U0027,P0179,2.5,2025-11-08 17:15:19
U0453,P0008,3.1,2025-04-20 17:15:19
U0387,P0100,2.7,2025-09-11 17:15:19
U0373,P0159,3.0,2025-10-07 17:15:19
U0292,P0010,3.6,2026-03-10 17:15:19
U0086,P0072,2.7,2025-06-21 17:15:19
U0091,P0200,1.6,2025-10-01 17:15:19
U0437,P0096,3.8,2025-11-08 17:15:19
U0129,P0047,1.9,2025-06-30 17:15:19
U0202,P0118,3.6,2025-05-26 17:15:19
U0202,P0051,3.8,2026-01-13 17:15:19
U0181,P0157,2.7,2025-10-26 17:15:19
U0096,P0164,3.5,2025-11-19 17:15:19
U0325,P0035,1.5,2025-04-10 17:15:19
U0273,P0190,2.3,2025-06-04 17:15:19
U0434,P0069,1.4,2025-09-06 17:15:19
U0426,P0057,3.7,2025-12-16 17:15:19
U0280,P0147,2.7,2026-02-01 17:15:19
U0175,P0104,3.5,2025-12-31 17:15:19
U0134,P0021,2.1,2025-04-09 17:15:19
U0349,P0084,3.1,2025-12-20 17:15:19
U0173,P0185,1.1,2025-07-21 17:15:19
U0092,P0088,4.5,2025-09-07 17:15:19
U0086,P0148,3.9,2025-12-28 17:15:19
U0114,P0178,5.0,2025-12-02 17:15:19
U0176,P0136,3.2,2025-05-18 17:15:19
U0401,P0176,3.1,2025-09-17 17:15:19
U0053,P0058,5.0,2025-07-10 17:15:19
U0055,P0144,2.8,2025-03-27 17:15:19
U0201,P0095,4.6,2025-09-19 17:15:19
U0014,P0166,2.2,2025-07-18 17:15:19
U0266,P0068,2.6,2025-09-09 17:15:19
U0487,P0144,1.8,2025-10-10 17:15:19
U0009,P0157,2.5,2025-10-12 17:15:19
U0388,P0125,2.6,2025-04-11 17:15:19
U0148,P0067,4.4,2025-12-01 17:15:19
U0004,P0050,4.1,2025-10-20 17:15:19
U0322,P0160,3.7,2026-01-23 17:15:19
U0450,P0173,2.1,2025-07-06 17:15:19
U0423,P0148,2.2,2026-02-15 17:15:19
U0475,P0029,2.7,2025-07-22 17:15:19
U0307,P0124,1.8,2025-12-31 17:15:19
U0268,P0181,4.5,2025-10-06 17:15:19
U0298,P0061,4.0,2025-11-08 17:15:19
U0407,P0010,3.4,2026-02-09 17:15:19
U0430,P0094,2.7,2025-12-08 17:15:19
U0202,P0079,2.1,2026-02-08 17:15:19
U0167,P0076,4.6,2025-08-05 17:15:19
U0424,P0084,3.9,2025-12-12 17:15:19
U0055,P0056,3.7,2025-12-27 17:15:19
U0188,P0159,3.6,2025-12-06 17:15:19
U0419,P0108,3.2,2025-07-25 17:15:19
U0373,P0135,4.9,2026-02-04 17:15:19
U0122,P0110,4.2,2025-08-08 17:15:19
U0436,P0082,1.6,2026-03-02 17:15:19
U0137,P0039,4.0,2025-04-03 17:15:19
U0443,P0165,5.0,2026-01-29 17:15:19
U0146,P0198,3.0,2026-02-09 17:15:19
U0019,P0199,2.9,2025-09-25 17:15:19
U0091,P0117,1.0,2025-09-10 17:15:19
U0316,P0136,3.3,2026-01-22 17:15:19
U0357,P0152,2.9,2025-06-30 17:15:19
U0243,P0144,2.9,2026-02-23 17:15:19
U0310,P0188,5.0,2026-01-17 17:15:19
U0388,P0123,2.4,2026-03-22 17:15:19
U0140,P0093,2.9,2026-01-18 17:15:19
U0121,P0132,2.5,2025-06-29 17:15:19
U0286,P0197,1.5,2025-09-28 17:15:19
U0206,P0042,1.0,2026-01-14 17:15:19
U0479,P0085,4.4,2025-06-13 17:15:19
U0415,P0199,2.7,2025-08-18 17:15:19
U0214,P0015,3.4,2025-10-10 17:15:19
U0443,P0198,2.4,2025-05-31 17:15:19
U0260,P0107,3.1,2025-08-07 17:15:19
U0276,P0114,2.2,2025-11-02 17:15:19
U0153,P0043,3.1,2026-01-14 17:15:19
U0253,P0181,5.0,2025-10-04 17:15:19
U0262,P0087,1.9,2025-04-17 17:15:19
U0144,P0139,3.3,2025-05-06 17:15:19
U0174,P0188,3.8,2025-05-28 17:15:19
U0408,P0082,5.0,2025-03-26 17:15:19
U0431,P0158,2.4,2025-10-29 17:15:19
U0092,P0129,5.0,2026-01-19 17:15:19
U0156,P0158,2.6,2026-01-24 17:15:19
U0496,P0022,2.4,2025-04-05 17:15:19
U0220,P0086,3.8,2026-03-12 17:15:19
U0070,P0002,2.1,2026-03-05 17:15:19
U0022,P0040,3.5,2025-10-19 17:15:19
U0191,P0164,2.9,2025-11-28 17:15:19
U0301,P0166,4.3,2025-11-27 17:15:19
U0038,P0061,3.6,2026-01-17 17:15:19
U0330,P0030,1.7,2025-10-10 17:15:19
U0445,P0082,5.0,2026-02-18 17:15:19
U0107,P0002,2.9,2025-10-11 17:15:19
U0175,P0124,3.1,2026-03-08 17:15:19
U0268,P0053,3.6,2025-05-05 17:15:19
U0325,P0109,2.6,2025-06-14 17:15:19
U0378,P0047,4.3,2025-04-10 17:15:19
U0052,P0073,1.5,2025-10-21 17:15:19
U0146,P0134,3.2,2025-06-30 17:15:19
U0198,P0151,3.5,2025-05-12 17:15:19
U0367,P0126,4.6,2026-01-11 17:15:19
U0256,P0177,2.7,2025-12-02 17:15:19
U0217,P0115,2.3,2025-05-03 17:15:19
U0369,P0075,2.5,2025-04-30 17:15:19
U0383,P0002,1.5,2026-01-18 17:15:19
U0188,P0132,1.0,2025-03-30 17:15:19
U0086,P0095,3.2,2025-10-29 17:15:19
U0108,P0018,3.2,2025-06-29 17:15:19
U0112,P0045,4.1,2025-03-28 17:15:19
U0279,P0028,3.2,2026-01-16 17:15:19
U0098,P0017,4.7,2026-01-20 17:15:19
U0103,P0156,3.7,2026-01-11 17:15:19
U0450,P0166,3.7,2026-03-22 17:15:19
U0321,P0079,5.0,2025-05-10 17:15:19
U0048,P0016,4.2,2025-09-13 17:15:19
U0379,P0003,3.7,2026-02-07 17:15:19
U0267,P0063,5.0,2025-08-25 17:15:19
U0135,P0126,3.1,2026-01-03 17:15:19
U0105,P0184,3.3,2025-06-15 17:15:19
U0238,P0089,1.2,2026-03-13 17:15:19
U0273,P0043,2.2,2025-07-27 17:15:19
U0207,P0133,4.0,2025-03-29 17:15:19
U0045,P0171,3.6,2025-08-04 17:15:19
U0091,P0047,2.9,2025-09-27 17:15:19
U0165,P0067,2.8,2025-09-21 17:15:19
U0137,P0124,5.0,2026-01-15 17:15:19
U0195,P0040,1.4,2025-06-06 17:15:19
U0483,P0009,3.0,2025-10-10 17:15:19
U0073,P0159,3.4,2026-02-07 17:15:19
U0262,P0199,5.0,2025-04-17 17:15:19
U0380,P0117,1.7,2025-09-11 17:15:19
U0461,P0169,5.0,2025-06-15 17:15:19
U0124,P0187,4.2,2026-02-01 17:15:19
U0201,P0014,2.8,2025-06-17 17:15:19
U0445,P0047,1.0,2025-08-12 17:15:19
U0492,P0031,1.0,2025-04-29 17:15:19
U0241,P0045,2.3,2026-02-21 17:15:19
U0235,P0176,2.7,2025-12-05 17:15:19
U0102,P0114,2.9,2025-12-04 17:15:19
U0475,P0145,2.9,2025-04-24 17:15:19
U0299,P0048,3.1,2026-03-11 17:15:19
U0167,P0047,3.1,2025-12-27 17:15:19
U0080,P0148,3.9,2025-06-08 17:15:19
U0466,P0158,3.3,2025-12-06 17:15:19
U0380,P0106,2.8,2025-12-28 17:15:19
U0490,P0026,2.1,2025-08-19 17:15:19
U0410,P0084,4.1,2025-04-23 17:15:19
U0438,P0150,2.6,2026-02-15 17:15:19
U0328,P0078,2.6,2025-11-25 17:15:19
U0284,P0141,4.8,2026-01-11 17:15:19
U0122,P0043,1.1,2025-10-10 17:15:19
U0335,P0094,3.3,2025-03-31 17:15:19
U0494,P0063,4.2,2025-06-03 17:15:19
U0439,P0139,3.7,2025-12-11 17:15:19
U0164,P0143,4.9,2025-10-19 17:15:19
U0137,P0107,3.0,2026-01-22 17:15:19
U0251,P0186,3.3,2025-04-29 17:15:19
U0238,P0189,2.9,2025-07-16 17:15:19
U0113,P0042,3.3,2025-09-05 17:15:19
U0149,P0064,3.6,2026-03-15 17:15:19
U0293,P0086,5.0,2025-11-12 17:15:19
U0444,P0065,2.4,2025-06-03 17:15:19
U0416,P0199,5.0,2025-07-13 17:15:19
U0313,P0184,3.7,2026-01-25 17:15:19
U0093,P0115,3.4,2025-05-20 17:15:19
U0423,P0150,4.2,2025-08-13 17:15:19
U0002,P0048,4.4,2025-06-06 17:15:19
U0090,P0113,2.9,2026-02-18 17:15:19
U0083,P0015,1.0,2025-10-07 17:15:19
U0127,P0171,1.4,2025-05-24 17:15:19
U0240,P0195,4.1,2025-06-29 17:15:19
U0467,P0128,1.0,2026-01-27 17:15:19
U0110,P0126,3.3,2025-03-28 17:15:19
U0459,P0084,4.9,2026-01-14 17:15:19
U0297,P0143,2.8,2025-07-03 17:15:19
U0125,P0034,2.9,2026-01-08 17:15:19
U0015,P0173,3.9,2026-02-03 17:15:19
U0069,P0094,5.0,2025-09-03 17:15:19
U0442,P0014,2.6,2025-06-18 17:15:19
U0097,P0045,4.5,2026-03-06 17:15:19
U0453,P0012,4.2,2025-11-10 17:15:19
U0390,P0142,4.5,2025-07-18 17:15:19
U0311,P0176,2.4,2025-07-30 17:15:19
U0266,P0129,4.0,2025-07-09 17:15:19
U0443,P0146,3.4,2025-08-13 17:15:19
U0179,P0176,5.0,2025-12-08 17:15:19
U0355,P0190,2.6,2025-03-30 17:15:19
U0450,P0096,2.4,2025-04-18 17:15:19
U0264,P0092,2.8,2025-12-21 17:15:19
U0122,P0164,5.0,2025-06-25 17:15:19
U0202,P0016,1.9,2026-03-05 17:15:19
U0104,P0005,2.6,2025-11-03 17:15:19
U0473,P0100,4.6,2025-04-29 17:15:19
U0042,P0147,4.2,2025-06-05 17:15:19
U0236,P0018,4.7,2025-09-29 17:15:19
U0428,P0042,4.2,2025-12-08 17:15:19
U0447,P0187,2.9,2025-06-06 17:15:19
U0461,P0024,3.9,2026-03-14 17:15:19
U0399,P0039,1.6,2025-04-30 17:15:19
U0296,P0043,2.4,2025-05-29 17:15:19
U0384,P0090,3.5,2025-04-20 17:15:19
U0013,P0024,2.8,2025-10-21 17:15:19
U0102,P0123,2.2,2025-11-04 17:15:19
U0262,P0050,3.6,2026-02-24 17:15:19
U0314,P0051,3.1,2026-03-23 17:15:19
U0296,P0107,3.1,2025-07-28 17:15:19
U0043,P0054,4.1,2025-04-08 17:15:19
U0304,P0128,3.0,2026-02-06 17:15:19
U0312,P0030,3.2,2026-01-10 17:15:19
U0204,P0013,2.2,2025-05-05 17:15:19
U0078,P0188,2.7,2026-01-07 17:15:19
U0060,P0054,2.8,2026-01-04 17:15:19
U0061,P0176,2.8,2025-04-01 17:15:19
U0492,P0118,2.4,2025-08-28 17:15:19
U0239,P0193,2.1,2025-04-21 17:15:19
U0072,P0014,5.0,2026-01-26 17:15:19
U0311,P0198,3.4,2025-04-15 17:15:19
U0046,P0030,4.4,2026-01-27 17:15:19
U0196,P0104,3.8,2026-01-31 17:15:19
U0067,P0047,2.0,2026-03-04 17:15:19
U0062,P0159,3.9,2026-03-09 17:15:19
U0229,P0035,4.3,2025-10-01 17:15:19
U0474,P0136,2.1,2025-08-13 17:15:19
U0478,P0064,1.0,2025-12-14 17:15:19
U0474,P0160,1.9,2025-12-06 17:15:19
U0019,P0076,2.7,2025-06-06 17:15:19
U0099,P0111,3.8,2025-09-12 17:15:19
U0173,P0054,4.0,2025-06-24 17:15:19
U0007,P0170,1.0,2025-12-24 17:15:19
U0234,P0167,1.7,2025-04-19 17:15:19
U0416,P0078,4.0,2025-07-02 17:15:19
U0054,P0039,2.6,2025-11-01 17:15:19
U0091,P0026,4.9,2026-02-07 17:15:19
U0146,P0006,4.6,2025-06-13 17:15:19
U0350,P0102,1.8,2025-05-09 17:15:19
U0269,P0036,2.4,2025-10-04 17:15:19
U0441,P0003,2.2,2025-06-03 17:15:19
U0341,P0084,1.0,2026-01-16 17:15:19
U0077,P0153,2.2,2025-10-30 17:15:19
U0193,P0033,4.9,2026-03-17 17:15:19
U0431,P0152,4.5,2025-12-16 17:15:19
U0359,P0094,3.1,2025-09-27 17:15:19
U0370,P0098,3.6,2026-02-20 17:15:19
U0377,P0168,1.8,2026-03-25 17:15:19
U0413,P0055,5.0,2025-04-18 17:15:19
U0292,P0153,3.5,2025-09-30 17:15:19
U0066,P0200,2.8,2025-04-04 17:15:19
U0299,P0128,4.2,2026-03-17 17:15:19
U0398,P0025,5.0,2025-11-28 17:15:19
U0061,P0037,5.0,2025-11-04 17:15:19
U0098,P0109,1.2,2025-09-23 17:15:19
U0282,P0084,1.3,2025-06-22 17:15:19
U0188,P0100,4.6,2025-10-19 17:15:19
U0109,P0007,2.4,2025-11-13 17:15:19
U0483,P0020,3.5,2026-01-05 17:15:19
U0014,P0037,5.0,2025-07-22 17:15:19
U0477,P0014,2.7,2025-08-21 17:15:19
U0064,P0093,4.1,2025-05-15 17:15:19
U0083,P0123,4.8,2025-11-27 17:15:19
U0286,P0127,3.6,2025-11-03 17:15:19
U0031,P0043,4.1,2025-05-23 17:15:19
U0318,P0016,3.2,2025-08-11 17:15:19
U0369,P0185,3.2,2026-02-10 17:15:19
U0221,P0110,5.0,2025-05-27 17:15:19
U0012,P0106,1.1,2025-11-29 17:15:19
U0067,P0033,3.7,2025-11-01 17:15:19
U0272,P0167,5.0,2026-01-30 17:15:19
U0176,P0082,5.0,2025-11-12 17:15:19
U0324,P0165,2.3,2026-03-22 17:15:19
U0114,P0180,3.3,2025-03-27 17:15:19
U0444,P0074,5.0,2026-03-09 17:15:19
U0128,P0016,5.0,2026-01-21 17:15:19
U0009,P0158,2.8,2025-09-21 17:15:19
U0465,P0104,1.3,2025-07-14 17:15:19
U0328,P0116,4.2,2025-09-18 17:15:19
U0217,P0079,4.6,2025-05-11 17:15:19
U0034,P0095,3.7,2025-08-11 17:15:19
U0303,P0174,3.2,2025-09-28 17:15:19
U0191,P0073,1.8,2025-08-20 17:15:19
U0432,P0045,1.9,2025-11-19 17:15:19
U0129,P0123,2.1,2026-01-30 17:15:19
U0071,P0065,4.1,2025-08-01 17:15:19
U0223,P0001,2.2,2026-01-28 17:15:19
U0023,P0143,2.8,2026-02-23 17:15:19
U0394,P0031,1.0,2025-07-05 17:15:19
U0063,P0010,2.0,2025-12-09 17:15:19
U0014,P0189,3.4,2025-08-26 17:15:19
U0284,P0059,5.0,2026-02-02 17:15:19
U0231,P0103,5.0,2025-11-04 17:15:19
U0391,P0024,3.2,2025-07-18 17:15:19
U0083,P0109,1.3,2025-07-04 17:15:19
U0022,P0140,4.5,2026-03-19 17:15:19
U0265,P0025,3.1,2025-04-16 17:15:19
U0188,P0115,4.4,2026-01-30 17:15:19
U0076,P0152,2.0,2026-03-10 17:15:19
U0445,P0185,1.6,2026-01-29 17:15:19
U0499,P0088,4.0,2025-03-30 17:15:19
U0032,P0119,4.5,2026-02-10 17:15:19
U0101,P0131,3.3,2026-03-04 17:15:19
U0053,P0064,2.6,2026-02-26 17:15:19
U0237,P0183,4.3,2025-11-28 17:15:19
U0171,P0021,2.6,2026-03-01 17:15:19
U0185,P0136,4.7,2025-11-04 17:15:19
U0252,P0077,2.8,2025-12-13 17:15:19
U0411,P0103,4.1,2025-12-26 17:15:19
U0059,P0181,2.2,2025-12-15 17:15:19
U0290,P0112,4.1,2025-12-22 17:15:19
U0179,P0137,4.5,2025-06-28 17:15:19
U0229,P0110,2.8,2025-03-30 17:15:19
U0220,P0153,2.9,2025-11-16 17:15:19
U0105,P0031,5.0,2025-06-11 17:15:19
U0003,P0086,2.8,2025-12-14 17:15:19
U0344,P0199,1.9,2025-12-13 17:15:19
U0311,P0104,3.4,2026-01-04 17:15:19
U0422,P0113,2.6,2025-11-15 17:15:19
U0430,P0112,2.9,2025-09-05 17:15:19
U0224,P0039,2.8,2026-02-13 17:15:19
U0181,P0150,3.0,2026-02-21 17:15:19
U0269,P0062,2.8,2026-01-14 17:15:19
U0359,P0122,3.6,2026-03-16 17:15:19
U0017,P0015,1.9,2025-11-09 17:15:19
U0218,P0026,3.5,2025-10-17 17:15:19
U0495,P0085,3.4,2025-05-09 17:15:19
U0302,P0007,4.7,2026-02-19 17:15:19
U0408,P0030,2.5,2026-02-28 17:15:19
U0229,P0151,2.0,2025-07-20 17:15:19
U0342,P0120,1.2,2026-01-21 17:15:19
U0468,P0065,5.0,2026-03-06 17:15:19
U0011,P0192,3.1,2025-04-24 17:15:19
U0135,P0150,1.8,2025-11-25 17:15:19
U0279,P0197,3.2,2025-06-16 17:15:19
U0035,P0184,2.4,2025-06-10 17:15:19
U0388,P0180,3.7,2025-03-28 17:15:19
U0324,P0179,2.9,2025-11-07 17:15:19
U0294,P0001,1.8,2025-10-15 17:15:19
U0128,P0171,3.7,2025-03-28 17:15:19
U0402,P0045,4.1,2026-03-04 17:15:19
U0131,P0157,3.5,2025-05-18 17:15:19
U0257,P0010,4.7,2025-05-28 17:15:19
U0153,P0166,5.0,2025-05-23 17:15:19
U0421,P0128,3.2,2025-09-04 17:15:19
U0402,P0156,1.0,2025-06-28 17:15:19
U0253,P0164,1.0,2025-12-01 17:15:19
U0332,P0017,2.3,2025-12-14 17:15:19
U0238,P0152,3.3,2025-08-13 17:15:19
U0351,P0031,2.7,2025-08-25 17:15:19
U0150,P0027,4.1,2025-08-27 17:15:19
U0465,P0098,1.0,2026-02-03 17:15:19
U0077,P0056,1.0,2025-07-20 17:15:19
U0147,P0013,4.3,2025-07-20 17:15:19
U0246,P0147,2.6,2025-11-09 17:15:19
U0128,P0060,3.6,2025-12-26 17:15:19
U0391,P0083,1.0,2025-08-14 17:15:19
U0094,P0054,3.0,2025-04-07 17:15:19
U0496,P0132,3.8,2025-04-17 17:15:19
U0303,P0153,2.8,2025-10-28 17:15:19
U0299,P0146,1.7,2026-01-26 17:15:19
U0313,P0115,2.5,2026-03-18 17:15:19
U0035,P0183,1.1,2025-11-10 17:15:19
U0085,P0111,5.0,2025-04-21 17:15:19
U0072,P0007,4.1,2025-12-06 17:15:19
U0240,P0014,1.0,2025-07-05 17:15:19
U0236,P0139,3.7,2025-12-28 17:15:19
U0055,P0023,3.0,2025-08-27 17:15:19
U0029,P0041,3.7,2025-04-21 17:15:19
U0341,P0169,2.2,2026-03-11 17:15:19
U0323,P0170,1.3,2025-05-08 17:15:19
U0133,P0025,4.6,2025-06-19 17:15:19
U0484,P0022,3.4,2025-11-25 17:15:19
U0190,P0176,1.0,2025-03-31 17:15:19
U0385,P0158,2.1,2025-06-06 17:15:19
U0263,P0153,3.5,2025-07-10 17:15:19
U0454,P0200,3.6,2025-05-30 17:15:19
U0230,P0038,4.2,2026-01-27 17:15:19
U0043,P0114,4.4,2026-03-14 17:15:19
U0375,P0138,4.3,2025-07-11 17:15:19
U0321,P0151,2.4,2025-10-28 17:15:19
U0476,P0170,2.4,2025-07-08 17:15:19
U0016,P0019,2.2,2025-06-19 17:15:19
U0476,P0103,2.2,2025-11-12 17:15:19
U0156,P0137,4.5,2026-01-14 17:15:19
U0083,P0195,1.6,2026-01-23 17:15:19
U0232,P0092,2.9,2025-07-01 17:15:19
U0263,P0189,2.9,2025-11-26 17:15:19
U0293,P0113,5.0,2025-07-09 17:15:19
U0192,P0113,3.0,2026-03-20 17:15:19
U0277,P0045,2.8,2026-02-22 17:15:19
U0416,P0007,2.9,2025-11-13 17:15:19
U0164,P0122,4.6,2025-04-18 17:15:19
U0048,P0047,3.9,2025-12-19 17:15:19
U0195,P0145,2.7,2026-02-10 17:15:19
U0154,P0153,1.5,2025-08-31 17:15:19
U0047,P0196,2.7,2025-04-28 17:15:19
U0262,P0128,3.6,2025-04-14 17:15:19
U0419,P0152,1.7,2025-11-07 17:15:19
U0406,P0043,4.7,2025-05-22 17:15:19
U0344,P0109,2.5,2025-06-12 17:15:19
U0463,P0130,3.1,2026-01-07 17:15:19
U0238,P0186,3.2,2025-09-06 17:15:19
U0297,P0172,1.6,2025-07-24 17:15:19
U0341,P0163,1.7,2026-02-28 17:15:19
U0137,P0012,2.3,2025-05-28 17:15:19
U0182,P0059,2.8,2026-01-24 17:15:19
U0133,P0023,3.8,2025-06-01 17:15:19
U0217,P0029,2.9,2025-09-25 17:15:19
U0219,P0012,4.3,2025-07-15 17:15:19
U0461,P0142,3.5,2025-05-01 17:15:19
U0250,P0073,1.0,2025-04-14 17:15:19
U0458,P0177,3.3,2025-06-15 17:15:19
U0286,P0058,4.2,2025-10-06 17:15:19
U0371,P0097,2.9,2025-09-25 17:15:19
U0055,P0200,2.9,2025-08-02 17:15:19
U0298,P0169,2.4,2025-04-16 17:15:19
U0329,P0102,1.4,2025-12-22 17:15:19
U0150,P0164,4.6,2026-03-02 17:15:19
U0454,P0155,2.6,2025-08-22 17:15:19
U0360,P0164,2.2,2025-11-01 17:15:19
U0428,P0157,3.0,2025-09-14 17:15:19
U0197,P0140,4.1,2025-11-18 17:15:19
U0369,P0068,2.1,2025-05-16 17:15:19
U0220,P0007,2.7,2025-11-09 17:15:19
U0232,P0131,4.0,2025-10-17 17:15:19
U0078,P0017,3.0,2025-08-10 17:15:19
U0006,P0040,4.6,2025-06-11 17:15:19
U0174,P0027,2.5,2025-09-09 17:15:19
U0073,P0041,1.5,2025-09-24 17:15:19
U0297,P0195,4.7,2025-11-21 17:15:19
U0423,P0162,4.5,2025-08-29 17:15:19
U0141,P0139,2.3,2025-06-19 17:15:19
U0065,P0001,5.0,2025-07-11 17:15:19
U0496,P0147,5.0,2025-12-02 17:15:19
U0205,P0137,2.4,2025-04-03 17:15:19
U0257,P0059,4.3,2025-05-15 17:15:19
U0022,P0112,1.5,2026-01-14 17:15:19
U0133,P0102,3.9,2025-07-23 17:15:19
U0078,P0193,2.3,2025-06-29 17:15:19
U0228,P0155,4.2,2025-06-04 17:15:19
U0035,P0109,4.3,2026-03-14 17:15:19
U0320,P0017,4.6,2026-02-08 17:15:19
U0154,P0019,2.7,2025-12-06 17:15:19
U0301,P0194,1.3,2025-11-18 17:15:19
U0184,P0170,1.6,2025-05-22 17:15:19
U0328,P0042,2.0,2025-12-11 17:15:19
U0366,P0105,3.7,2026-01-29 17:15:19
U0120,P0055,5.0,2025-07-25 17:15:19
U0369,P0105,1.3,2026-03-25 17:15:19
U0128,P0012,3.6,2025-11-15 17:15:19
U0165,P0143,5.0,2025-07-07 17:15:19
U0049,P0103,3.7,2025-10-06 17:15:19
U0400,P0180,4.5,2026-03-14 17:15:19
U0466,P0043,2.4,2025-09-22 17:15:19
U0465,P0072,2.8,2025-10-22 17:15:19
U0254,P0038,2.3,2025-11-11 17:15:19
U0064,P0158,4.7,2026-02-04 17:15:19
U0220,P0082,1.0,2025-04-27 17:15:19
U0017,P0050,3.6,2025-04-03 17:15:19
U0149,P0071,2.8,2026-03-11 17:15:19
U0404,P0146,3.0,2025-08-24 17:15:19
U0206,P0017,5.0,2025-07-28 17:15:19
U0387,P0190,2.1,2025-07-21 17:15:19
U0460,P0192,4.0,2026-02-20 17:15:19
U0396,P0133,3.3,2026-01-20 17:15:19
U0294,P0193,3.8,2025-06-19 17:15:19
U0323,P0011,4.8,2025-06-19 17:15:19
U0278,P0187,1.6,2026-03-24 17:15:19
U0444,P0103,4.3,2025-08-01 17:15:19
U0427,P0142,2.4,2026-01-10 17:15:19
U0050,P0070,3.1,2026-02-13 17:15:19
U0227,P0070,2.3,2025-08-26 17:15:19
U0265,P0027,3.7,2025-11-30 17:15:19
U0430,P0084,5.0,2025-05-11 17:15:19
U0095,P0101,3.9,2025-05-09 17:15:19
U0193,P0068,4.8,2025-06-19 17:15:19
U0217,P0158,2.3,2025-04-20 17:15:19
U0276,P0159,5.0,2025-11-18 17:15:19
U0358,P0149,3.3,2025-09-04 17:15:19
U0357,P0159,3.4,2025-06-17 17:15:19
U0226,P0080,5.0,2025-07-09 17:15:19
U0196,P0146,2.1,2025-10-17 17:15:19
U0353,P0024,4.1,2025-10-09 17:15:19
U0175,P0151,3.4,2025-11-12 17:15:19
U0161,P0169,3.8,2026-02-28 17:15:19
U0057,P0032,2.2,2025-05-15 17:15:19
U0070,P0185,2.5,2025-05-23 17:15:19
U0348,P0047,4.1,2026-02-24 17:15:19
U0433,P0176,3.7,2025-07-24 17:15:19
U0185,P0064,5.0,2025-04-03 17:15:19
U0476,P0098,1.8,2025-04-04 17:15:19
U0023,P0090,3.3,2026-01-26 17:15:19
U0037,P0122,3.3,2026-02-13 17:15:19
U0217,P0175,3.6,2026-02-22 17:15:19
U0117,P0153,3.0,2025-06-23 17:15:19
U0386,P0198,1.0,2025-06-14 17:15:19
U0414,P0102,3.8,2025-12-09 17:15:19
U0216,P0081,1.3,2025-11-18 17:15:19
U0211,P0182,3.8,2025-04-28 17:15:19
U0065,P0026,5.0,2025-07-05 17:15:19
U0297,P0067,4.3,2025-10-09 17:15:19
U0191,P0154,3.6,2026-02-25 17:15:19
U0195,P0125,2.8,2026-03-22 17:15:19
U0026,P0007,1.2,2025-05-25 17:15:19
U0336,P0167,1.0,2025-06-05 17:15:19
U0155,P0035,2.6,2025-10-24 17:15:19
U0272,P0149,3.8,2025-11-17 17:15:19
U0092,P0013,1.5,2025-10-26 17:15:19
U0472,P0097,1.0,2025-09-14 17:15:19
U0350,P0071,3.3,2025-06-13 17:15:19
U0315,P0112,2.3,2025-08-17 17:15:19
U0255,P0106,4.7,2026-02-28 17:15:19
U0135,P0042,2.7,2026-03-18 17:15:19
U0420,P0080,4.1,2025-10-15 17:15:19
U0251,P0194,1.5,2025-08-11 17:15:19
U0175,P0138,3.4,2026-03-11 17:15:19
U0293,P0116,4.0,2025-10-19 17:15:19
U0394,P0082,4.7,2025-12-02 17:15:19
U0099,P0130,3.6,2025-05-18 17:15:19
U0015,P0109,3.6,2026-01-18 17:15:19
U0125,P0095,4.3,2025-11-13 17:15:19
U0410,P0104,1.8,2025-09-11 17:15:19
U0402,P0034,4.0,2025-05-05 17:15:19
U0095,P0198,3.8,2025-08-23 17:15:19
U0173,P0180,3.0,2025-10-28 17:15:19
U0028,P0028,1.3,2025-09-03 17:15:19
U0324,P0086,4.0,2025-05-20 17:15:19
U0312,P0089,2.9,2025-11-28 17:15:19
U0474,P0014,2.5,2026-03-21 17:15:19
U0356,P0173,5.0,2025-08-20 17:15:19
U0061,P0045,3.3,2026-01-07 17:15:19
U0151,P0047,4.0,2025-08-06 17:15:19
U0356,P0169,4.2,2025-07-26 17:15:19
U0160,P0103,2.8,2026-01-16 17:15:19
U0392,P0081,2.9,2025-05-16 17:15:19
U0035,P0100,2.2,2026-03-11 17:15:19
U0054,P0021,2.2,2025-12-25 17:15:19
U0144,P0182,2.5,2026-02-02 17:15:19
U0048,P0096,5.0,2025-07-11 17:15:19
U0418,P0065,2.4,2025-06-25 17:15:19
U0409,P0133,2.3,2025-05-02 17:15:19
U0199,P0016,3.4,2026-03-22 17:15:19
U0390,P0138,4.4,2026-03-18 17:15:19
U0302,P0133,1.4,2025-09-04 17:15:19
U0247,P0183,3.9,2025-07-15 17:15:19
U0287,P0033,2.2,2025-12-15 17:15:19
U0448,P0021,2.3,2025-12-27 17:15:19
U0296,P0153,1.8,2025-09-23 17:15:19
U0228,P0004,2.3,2025-11-06 17:15:19
U0368,P0105,2.4,2025-11-11 17:15:19
U0437,P0043,2.5,2025-05-03 17:15:19
U0416,P0109,5.0,2026-02-15 17:15:19
U0057,P0043,3.9,2026-02-26 17:15:19
U0105,P0136,2.5,2025-11-17 17:15:19
U0118,P0189,4.4,2025-07-23 17:15:19
U0176,P0059,1.7,2025-08-17 17:15:19
U0178,P0179,4.5,2025-05-28 17:15:19
U0374,P0099,2.1,2025-06-26 17:15:19
U0025,P0119,3.1,2025-06-15 17:15:19
U0087,P0095,4.6,2025-11-10 17:15:19
U0486,P0132,4.0,2025-12-26 17:15:19
U0159,P0033,4.7,2026-01-21 17:15:19
U0344,P0143,3.4,2025-04-04 17:15:19
U0385,P0060,2.0,2025-07-11 17:15:19
U0167,P0065,1.0,2025-09-21 17:15:19
U0409,P0193,4.0,2025-11-08 17:15:19
U0025,P0009,4.6,2025-04-13 17:15:19
U0484,P0110,4.0,2025-11-15 17:15:19
U0157,P0168,2.2,2025-09-18 17:15:19
U0147,P0167,1.3,2025-07-29 17:15:19
U0174,P0190,1.4,2026-01-10 17:15:19
U0446,P0051,2.3,2026-02-14 17:15:19
U0058,P0036,2.4,2025-12-16 17:15:19
U0079,P0183,4.1,2025-08-08 17:15:19
U0147,P0198,3.9,2025-06-23 17:15:19
U0315,P0196,2.8,2025-07-17 17:15:19
U0350,P0159,3.9,2026-02-10 17:15:19
U0231,P0113,3.6,2025-09-03 17:15:19
U0392,P0053,5.0,2025-11-21 17:15:19
U0341,P0076,5.0,2025-04-29 17:15:19
U0329,P0174,2.4,2025-12-30 17:15:19
U0251,P0044,3.4,2026-03-10 17:15:19
U0099,P0143,3.2,2025-06-23 17:15:19
U0195,P0176,3.7,2025-12-29 17:15:19
U0420,P0019,1.3,2025-07-25 17:15:19
U0182,P0183,3.8,2026-03-19 17:15:19
U0336,P0139,3.7,2026-02-22 17:15:19
U0493,P0064,2.7,2026-03-04 17:15:19
U0131,P0085,1.2,2025-05-04 17:15:19
U0198,P0156,2.8,2025-11-28 17:15:19
U0167,P0185,4.1,2025-06-19 17:15:19
U0258,P0038,3.5,2025-11-09 17:15:19
U0320,P0059,2.2,2025-10-07 17:15:19
U0435,P0059,3.5,2025-10-20 17:15:19
U0007,P0010,3.2,2025-04-01 17:15:19
U0404,P0163,3.9,2026-01-31 17:15:19
U0264,P0018,1.5,2025-09-04 17:15:19
U0226,P0122,3.7,2025-07-10 17:15:19
U0147,P0132,3.3,2026-02-19 17:15:19
U0432,P0109,2.9,2025-09-30 17:15:19
U0089,P0072,5.0,2025-11-15 17:15:19
U0131,P0172,4.4,2025-09-22 17:15:19
U0134,P0068,4.3,2025-08-19 17:15:19
U0028,P0137,3.0,2025-12-08 17:15:19
U0420,P0137,5.0,2025-09-21 17:15:19
U0353,P0017,3.7,2025-07-25 17:15:19
U0309,P0159,4.0,2025-12-04 17:15:19
U0231,P0181,3.4,2025-06-16 17:15:19
U0055,P0004,4.1,2025-05-01 17:15:19
U0352,P0167,3.2,2025-04-17 17:15:19
U0165,P0062,2.4,2025-04-30 17:15:19
U0306,P0032,5.0,2026-01-09 17:15:19
U0275,P0117,1.0,2025-07-11 17:15:19
U0263,P0170,1.1,2025-11-15 17:15:19
U0448,P0138,4.7,2025-09-09 17:15:19
U0412,P0160,4.0,2025-06-08 17:15:19
U0297,P0109,4.6,2025-05-29 17:15:19
U0398,P0040,4.1,2025-04-06 17:15:19
U0307,P0016,4.6,2025-10-20 17:15:19
U0162,P0124,1.7,2025-06-02 17:15:19
U0360,P0035,4.6,2025-07-23 17:15:19
U0054,P0071,3.5,2025-08-07 17:15:19
U0349,P0036,3.7,2025-11-16 17:15:19
U0193,P0060,5.0,2026-03-07 17:15:19
U0415,P0023,4.2,2025-05-23 17:15:19
U0277,P0192,4.3,2025-09-11 17:15:19
U0364,P0065,1.0,2025-12-26 17:15:19
U0138,P0034,3.5,2025-12-11 17:15:19
U0426,P0143,2.3,2025-04-27 17:15:19
U0116,P0152,5.0,2025-08-07 17:15:19
U0084,P0134,1.9,2025-11-25 17:15:19
U0122,P0146,3.3,2026-02-01 17:15:19
U0078,P0029,2.5,2025-04-29 17:15:19
U0338,P0141,2.3,2025-07-13 17:15:19
U0016,P0101,4.2,2026-01-04 17:15:19
U0484,P0146,3.6,2025-12-08 17:15:19
U0089,P0133,2.1,2025-07-05 17:15:19
U0474,P0013,1.0,2025-03-26 17:15:19
U0086,P0038,3.8,2026-01-22 17:15:19
U0023,P0030,2.0,2026-03-18 17:15:19
U0095,P0059,2.0,2025-12-26 17:15:19
U0456,P0001,2.9,2026-03-17 17:15:19
U0033,P0178,3.2,2025-07-01 17:15:19
U0198,P0119,2.7,2025-08-15 17:15:19
U0195,P0030,5.0,2026-03-02 17:15:19
U0466,P0008,3.1,2025-07-08 17:15:19
U0431,P0162,2.2,2025-05-24 17:15:19
U0471,P0174,3.5,2025-07-22 17:15:19
U0367,P0099,4.3,2026-01-22 17:15:19
U0006,P0141,4.6,2026-02-11 17:15:19
U0419,P0076,5.0,2025-12-19 17:15:19
U0191,P0099,3.7,2026-02-06 17:15:19
U0148,P0016,2.0,2025-11-25 17:15:19
U0460,P0142,3.9,2025-10-28 17:15:19
U0476,P0082,3.2,2025-04-27 17:15:19
U0125,P0165,3.6,2026-02-10 17:15:19
U0302,P0131,4.9,2026-03-01 17:15:19
U0403,P0124,2.4,2025-11-04 17:15:19
U0216,P0193,1.2,2025-06-17 17:15:19
U0329,P0036,3.0,2025-12-16 17:15:19
U0162,P0080,2.8,2025-08-28 17:15:19
U0444,P0151,2.8,2025-10-15 17:15:19
U0427,P0174,2.9,2026-02-03 17:15:19
U0018,P0001,2.5,2025-12-14 17:15:19
U0376,P0198,3.1,2026-03-17 17:15:19
U0235,P0193,2.8,2025-08-31 17:15:19
U0469,P0047,3.6,2026-03-24 17:15:19
U0484,P0085,3.6,2025-05-28 17:15:19
U0195,P0113,5.0,2026-02-15 17:15:19
U0170,P0006,3.5,2025-04-07 17:15:19
U0024,P0112,3.0,2025-08-16 17:15:19
U0498,P0172,2.0,2025-09-07 17:15:19
U0217,P0069,3.9,2026-02-06 17:15:19
U0038,P0004,2.1,2025-04-28 17:15:19
U0202,P0095,2.3,2025-10-23 17:15:19
U0363,P0024,2.8,2025-03-30 17:15:19
U0431,P0058,3.8,2025-11-01 17:15:19
U0001,P0115,2.4,2025-06-21 17:15:19
U0166,P0026,1.0,2025-09-02 17:15:19
U0138,P0198,4.4,2025-05-13 17:15:19
U0268,P0158,2.4,2026-03-18 17:15:19
U0189,P0198,4.1,2025-06-11 17:15:19
U0390,P0050,3.1,2025-08-17 17:15:19
U0215,P0141,1.0,2025-12-12 17:15:19
U0151,P0142,4.6,2026-01-12 17:15:19
U0194,P0137,2.8,2025-06-08 17:15:19
U0290,P0160,1.5,2025-08-30 17:15:19
U0082,P0100,2.5,2025-05-19 17:15:19
U0236,P0004,5.0,2025-06-28 17:15:19
U0120,P0139,3.9,2025-08-16 17:15:19
U0286,P0143,1.5,2025-07-02 17:15:19
U0460,P0163,2.0,2025-06-09 17:15:19
U0061,P0121,4.2,2025-06-28 17:15:19
U0350,P0170,2.0,2025-05-01 17:15:19
U0249,P0158,3.5,2026-02-16 17:15:19
U0187,P0008,3.7,2025-09-17 17:15:19
U0412,P0152,1.4,2025-08-18 17:15:19
U0093,P0093,2.3,2025-08-05 17:15:19
U0433,P0020,5.0,2025-06-07 17:15:19
U0233,P0097,1.0,2026-03-14 17:15:19
U0355,P0153,4.2,2025-11-24 17:15:19
U0065,P0006,3.4,2026-02-09 17:15:19
U0068,P0111,1.0,2025-03-31 17:15:19
U0392,P0092,1.6,2025-08-05 17:15:19
U0435,P0162,3.7,2025-07-01 17:15:19
U0296,P0144,4.5,2025-12-20 17:15:19
U0195,P0004,1.9,2025-10-22 17:15:19
U0041,P0142,3.7,2026-03-23 17:15:19
U0390,P0147,5.0,2025-09-18 17:15:19
U0479,P0036,4.3,2026-02-16 17:15:19
U0402,P0119,1.6,2025-09-22 17:15:19
U0172,P0131,3.6,2025-10-16 17:15:19
U0498,P0031,4.3,2025-08-02 17:15:19
U0250,P0117,3.8,2025-10-28 17:15:19
U0362,P0024,4.9,2025-04-16 17:15:19
U0383,P0036,1.0,2025-07-19 17:15:19
U0152,P0099,2.5,2025-05-21 17:15:19
U0095,P0020,2.7,2026-02-04 17:15:19
U0278,P0173,2.0,2025-04-29 17:15:19
U0283,P0038,1.9,2025-11-02 17:15:19
U0048,P0156,1.0,2025-03-26 17:15:19
U0304,P0104,2.5,2026-01-14 17:15:19
U0224,P0069,2.4,2025-12-25 17:15:19
U0084,P0037,3.2,2025-05-21 17:15:19
U0483,P0123,2.6,2025-10-05 17:15:19
U0263,P0151,3.9,2026-02-15 17:15:19
U0231,P0014,3.7,2025-03-28 17:15:19
U0452,P0068,1.2,2025-09-19 17:15:19
U0137,P0034,4.5,2026-01-31 17:15:19
U0422,P0142,2.3,2025-09-29 17:15:19
U0349,P0076,1.7,2025-09-16 17:15:19
U0249,P0012,1.3,2025-10-13 17:15:19
U0223,P0200,3.3,2025-07-10 17:15:19
U0433,P0148,2.4,2026-01-12 17:15:19
U0065,P0094,4.0,2025-07-14 17:15:19
U0426,P0001,2.9,2025-03-27 17:15:19
U0295,P0005,2.2,2026-02-28 17:15:19
U0033,P0162,1.7,2025-09-02 17:15:19
U0113,P0181,4.4,2025-10-01 17:15:19
U0210,P0071,1.5,2026-02-26 17:15:19
U0236,P0044,5.0,2025-12-07 17:15:19
U0424,P0035,1.0,2025-11-03 17:15:19
U0434,P0121,1.7,2025-12-25 17:15:19
U0471,P0144,5.0,2025-05-17 17:15:19
U0168,P0185,2.1,2025-11-02 17:15:19
U0003,P0015,1.2,2026-02-08 17:15:19
U0249,P0134,2.7,2025-04-26 17:15:19
U0485,P0133,2.0,2025-12-22 17:15:19
U0083,P0177,3.2,2025-11-11 17:15:19
U0368,P0116,2.9,2025-11-22 17:15:19
U0047,P0035,5.0,2025-08-23 17:15:19
U0038,P0100,2.2,2025-06-21 17:15:19
U0474,P0198,1.0,2025-09-15 17:15:19
U0004,P0124,4.0,2026-02-20 17:15:19
U0031,P0090,3.1,2025-06-11 17:15:19
U0329,P0179,3.2,2026-02-23 17:15:19
U0295,P0096,1.6,2026-03-25 17:15:19
U0313,P0046,3.2,2025-07-31 17:15:19
U0454,P0028,3.8,2025-04-23 17:15:19
U0045,P0081,1.0,2025-12-20 17:15:19
U0219,P0021,5.0,2026-03-03 17:15:19
U0381,P0093,2.1,2025-11-29 17:15:19
U0485,P0113,5.0,2026-02-26 17:15:19
U0421,P0146,5.0,2026-01-15 17:15:19
U0103,P0012,3.0,2026-03-09 17:15:19
U0237,P0019,5.0,2025-08-17 17:15:19
U0304,P0081,1.8,2025-04-11 17:15:19
U0008,P0002,2.1,2025-07-21 17:15:19
U0132,P0180,2.1,2025-04-25 17:15:19
U0045,P0130,2.9,2025-06-05 17:15:19
U0403,P0080,3.5,2025-06-11 17:15:19
U0365,P0084,2.2,2025-04-02 17:15:19
U0151,P0059,3.6,2025-04-29 17:15:19
U0073,P0146,2.6,2025-07-01 17:15:19
U0240,P0106,3.2,2025-05-26 17:15:19
U0110,P0106,4.7,2025-09-30 17:15:19
U0068,P0153,4.2,2025-11-14 17:15:19
U0143,P0121,1.0,2026-01-25 17:15:19
U0212,P0188,4.4,2026-02-08 17:15:19
U0492,P0160,2.9,2025-07-05 17:15:19
U0474,P0037,4.0,2025-07-26 17:15:19
U0104,P0080,3.4,2025-06-23 17:15:19
U0043,P0055,3.3,2026-02-17 17:15:19
U0019,P0067,2.8,2025-10-06 17:15:19
U0024,P0040,2.4,2025-09-26 17:15:19
U0397,P0144,4.4,2025-04-20 17:15:19
U0313,P0104,5.0,2025-12-02 17:15:19
U0351,P0047,1.5,2026-02-18 17:15:19
U0240,P0076,3.2,2025-12-06 17:15:19
U0498,P0187,1.8,2025-09-22 17:15:19
U0225,P0066,4.1,2025-06-30 17:15:19
U0173,P0039,2.9,2025-08-22 17:15:19
U0272,P0016,4.4,2025-08-30 17:15:19
U0442,P0070,3.3,2025-06-19 17:15:19
U0223,P0010,3.0,2025-08-18 17:15:19
U0230,P0050,1.0,2025-05-28 17:15:19
U0281,P0057,5.0,2025-11-17 17:15:19
U0457,P0077,3.4,2025-06-21 17:15:19
U0258,P0050,4.8,2025-06-18 17:15:19
U0156,P0046,4.4,2025-10-14 17:15:19
U0410,P0059,2.7,2025-09-11 17:15:19
U0472,P0162,3.5,2025-10-24 17:15:19
U0208,P0036,4.4,2025-06-22 17:15:19
U0025,P0085,3.0,2025-10-05 17:15:19
U0028,P0115,5.0,2025-08-10 17:15:19
U0475,P0071,2.4,2025-03-30 17:15:19
U0185,P0115,3.9,2025-05-12 17:15:19
U0172,P0091,1.0,2026-02-13 17:15:19
U0187,P0102,3.7,2026-01-03 17:15:19
U0106,P0145,3.0,2025-12-22 17:15:19
U0374,P0003,3.5,2025-05-25 17:15:19
U0018,P0139,2.9,2025-10-06 17:15:19
U0462,P0197,2.1,2025-10-10 17:15:19
U0055,P0011,2.1,2025-07-16 17:15:19
U0323,P0180,2.6,2025-10-18 17:15:19
U0375,P0008,2.4,2025-04-18 17:15:19
U0308,P0027,1.1,2025-11-26 17:15:19
U0052,P0022,4.4,2026-02-02 17:15:19
U0237,P0200,1.7,2025-07-09 17:15:19
U0482,P0100,3.6,2026-02-05 17:15:19
U0308,P0176,4.2,2026-03-16 17:15:19
U0073,P0085,3.1,2025-10-25 17:15:19
U0361,P0114,3.9,2025-04-10 17:15:19
U0200,P0014,2.2,2025-04-08 17:15:19
U0360,P0046,1.9,2025-12-29 17:15:19
U0325,P0007,3.4,2025-08-30 17:15:19
U0368,P0159,3.0,2025-09-17 17:15:19
U0471,P0060,2.3,2025-10-15 17:15:19
U0419,P0069,5.0,2025-04-02 17:15:19
U0482,P0022,3.8,2025-04-10 17:15:19
U0091,P0001,2.5,2026-02-11 17:15:19
U0342,P0035,2.5,2025-12-22 17:15:19
U0225,P0081,1.6,2025-06-09 17:15:19
U0183,P0016,2.6,2026-03-20 17:15:19
U0081,P0107,5.0,2025-04-01 17:15:19
U0471,P0013,2.9,2026-02-13 17:15:19
U0164,P0029,2.5,2025-10-04 17:15:19
U0110,P0185,3.8,2025-12-22 17:15:19
U0465,P0089,4.3,2025-04-24 17:15:19
U0352,P0176,4.7,2025-05-28 17:15:19
U0133,P0113,4.6,2025-05-05 17:15:19
U0456,P0159,2.2,2025-10-03 17:15:19
U0017,P0113,2.8,2025-11-01 17:15:19
U0023,P0127,4.5,2026-02-02 17:15:19
U0392,P0114,1.5,2025-03-30 17:15:19
U0098,P0034,2.7,2025-07-31 17:15:19
U0305,P0141,1.8,2026-02-28 17:15:19
U0477,P0091,3.0,2025-03-28 17:15:19
U0381,P0152,4.7,2025-04-14 17:15:19
U0188,P0165,3.2,2026-03-11 17:15:19
U0468,P0060,3.6,2025-04-18 17:15:19
U0385,P0017,2.8,2026-03-01 17:15:19
U0005,P0101,3.9,2025-10-29 17:15:19
U0491,P0174,5.0,2025-05-11 17:15:19
U0111,P0078,2.5,2026-03-19 17:15:19
U0105,P0177,4.1,2025-06-02 17:15:19
U0061,P0001,5.0,2025-11-03 17:15:19
U0179,P0033,1.0,2026-03-09 17:15:19
U0450,P0055,3.7,2025-08-18 17:15:19
U0024,P0130,3.8,2025-05-16 17:15:19
U0358,P0195,5.0,2025-10-31 17:15:19
U0033,P0019,2.9,2025-06-21 17:15:19
U0154,P0161,2.5,2025-05-15 17:15:19
U0466,P0025,2.5,2025-12-02 17:15:19
U0335,P0087,1.9,2025-05-14 17:15:19
U0316,P0045,4.3,2025-06-19 17:15:19
U0184,P0089,3.2,2025-11-21 17:15:19
U0466,P0096,3.0,2025-04-08 17:15:19
U0291,P0088,1.0,2026-01-09 17:15:19
U0024,P0093,5.0,2025-09-08 17:15:19
U0037,P0009,2.1,2026-02-23 17:15:19
U0209,P0125,4.2,2025-06-07 17:15:19
U0482,P0148,2.5,2026-03-19 17:15:19
U0330,P0005,1.4,2025-09-03 17:15:19
U0293,P0110,1.2,2025-06-18 17:15:19
U0031,P0019,1.5,2025-06-19 17:15:19
U0199,P0184,1.8,2025-08-13 17:15:19
U0245,P0068,2.9,2026-03-03 17:15:19
U0399,P0179,3.2,2025-11-22 17:15:19
U0246,P0129,4.2,2025-11-09 17:15:19
U0356,P0175,3.5,2026-01-20 17:15:19
U0367,P0056,4.8,2025-04-20 17:15:19
U0100,P0146,3.9,2025-10-29 17:15:19
U0158,P0149,5.0,2025-04-02 17:15:19
U0494,P0096,2.3,2025-11-30 17:15:19
U0011,P0001,2.5,2025-09-05 17:15:19
U0252,P0118,4.2,2025-09-13 17:15:19
U0389,P0041,3.2,2025-10-05 17:15:19
U0168,P0003,4.6,2025-12-04 17:15:19
U0083,P0163,2.0,2025-09-28 17:15:19
U0425,P0003,2.0,2026-02-16 17:15:19
U0253,P0055,4.6,2025-09-12 17:15:19
U0161,P0066,4.7,2026-01-18 17:15:19
U0461,P0101,3.6,2025-12-21 17:15:19
U0131,P0048,2.4,2025-05-31 17:15:19
U0032,P0161,2.3,2025-12-20 17:15:19
U0360,P0200,4.6,2026-01-08 17:15:19
U0113,P0057,5.0,2025-10-19 17:15:19
U0170,P0025,2.8,2026-02-18 17:15:19
U0008,P0189,2.1,2026-03-09 17:15:19
U0293,P0011,2.1,2025-04-30 17:15:19
U0459,P0108,3.9,2025-04-13 17:15:19
U0024,P0092,2.5,2025-11-20 17:15:19
U0003,P0164,3.1,2025-06-22 17:15:19
U0285,P0106,3.1,2025-07-07 17:15:19
U0130,P0063,2.1,2026-03-18 17:15:19
U0078,P0030,2.8,2026-02-08 17:15:19
U0197,P0101,1.6,2025-08-10 17:15:19
U0316,P0002,4.2,2025-11-01 17:15:19
U0459,P0174,2.9,2025-10-05 17:15:19
U0491,P0117,2.6,2025-10-05 17:15:19
U0387,P0145,3.8,2025-06-14 17:15:19
U0405,P0140,4.3,2025-08-07 17:15:19
U0166,P0145,2.8,2025-12-20 17:15:19
U0045,P0044,2.8,2025-05-26 17:15:19
U0378,P0152,2.6,2025-08-21 17:15:19
U0203,P0012,3.4,2025-11-27 17:15:19
U0489,P0062,2.5,2025-08-23 17:15:19
U0344,P0046,3.0,2026-03-21 17:15:19
U0453,P0178,1.9,2026-01-12 17:15:19
U0182,P0134,1.0,2025-12-20 17:15:19
U0040,P0066,5.0,2025-08-01 17:15:19
U0238,P0007,3.4,2025-04-04 17:15:19
U0306,P0033,1.7,2026-03-25 17:15:19
U0465,P0114,2.2,2026-01-26 17:15:19
U0047,P0089,1.9,2026-01-02 17:15:19
U0116,P0183,5.0,2025-06-17 17:15:19
U0004,P0047,1.1,2025-12-19 17:15:19
U0221,P0180,2.6,2025-12-29 17:15:19
U0051,P0166,2.4,2025-05-18 17:15:19
U0372,P0170,4.8,2025-12-28 17:15:19
U0465,P0135,2.4,2026-01-21 17:15:19
U0268,P0147,1.0,2025-07-18 17:15:19
U0371,P0002,2.2,2025-04-08 17:15:19
U0188,P0145,3.0,2026-02-05 17:15:19
U0223,P0028,2.6,2026-01-27 17:15:19
U0258,P0112,3.9,2025-12-07 17:15:19
U0275,P0096,1.0,2025-10-06 17:15:19
U0282,P0141,3.2,2026-02-12 17:15:19
U0451,P0081,1.9,2025-06-07 17:15:19
U0384,P0119,3.6,2025-04-06 17:15:19
U0499,P0121,3.2,2025-12-30 17:15:19
U0361,P0177,2.3,2026-02-05 17:15:19
U0196,P0143,2.9,2025-07-04 17:15:19
U0023,P0182,3.4,2026-02-28 17:15:19
U0385,P0198,2.7,2025-10-03 17:15:19
U0470,P0061,3.3,2025-07-23 17:15:19
U0274,P0196,1.8,2025-04-01 17:15:19
U0310,P0056,3.3,2026-02-19 17:15:19
U0281,P0097,2.6,2025-05-18 17:15:19
U0483,P0040,3.5,2025-07-08 17:15:19
U0466,P0149,2.3,2025-07-23 17:15:19
U0461,P0045,2.9,2025-07-08 17:15:19
U0142,P0085,2.5,2025-10-17 17:15:19
U0444,P0014,3.9,2025-04-23 17:15:19
U0050,P0132,2.8,2026-01-14 17:15:19
U0087,P0185,4.5,2025-07-24 17:15:19
U0084,P0001,1.3,2026-02-26 17:15:19
U0110,P0158,5.0,2025-10-26 17:15:19
U0275,P0033,1.0,2025-05-09 17:15:19
U0475,P0059,1.8,2026-01-15 17:15:19
U0340,P0040,3.9,2026-02-23 17:15:19
U0130,P0023,2.9,2025-11-03 17:15:19
U0143,P0125,4.1,2025-11-03 17:15:19
U0336,P0055,2.1,2026-01-17 17:15:19
U0474,P0192,2.0,2025-06-30 17:15:19
U0383,P0029,1.0,2026-02-20 17:15:19
U0216,P0093,4.0,2025-06-03 17:15:19
U0309,P0182,4.3,2025-12-15 17:15:19
U0345,P0033,4.1,2025-05-08 17:15:19
U0377,P0004,4.1,2026-01-19 17:15:19
U0019,P0163,3.5,2025-12-09 17:15:19
U0480,P0183,4.6,2025-04-03 17:15:19
U0077,P0057,3.6,2026-01-17 17:15:19
U0067,P0184,1.1,2025-08-13 17:15:19
U0255,P0092,2.8,2026-01-19 17:15:19
U0357,P0027,1.0,2025-11-21 17:15:19
U0191,P0184,3.8,2025-12-16 17:15:19
U0022,P0199,3.8,2026-01-18 17:15:19
U0258,P0024,5.0,2025-08-24 17:15:19
U0172,P0013,3.5,2025-08-29 17:15:19
U0130,P0102,2.8,2025-12-15 17:15:19
U0002,P0175,4.2,2026-02-24 17:15:19
U0177,P0184,2.5,2025-05-25 17:15:19
U0119,P0113,3.6,2025-08-04 17:15:19
U0204,P0150,4.4,2026-02-04 17:15:19
U0313,P0138,1.6,2025-12-01 17:15:19
U0068,P0197,2.8,2026-02-17 17:15:19
U0351,P0006,3.7,2025-04-26 17:15:19
U0083,P0154,3.2,2026-02-08 17:15:19
U0213,P0175,4.1,2025-04-08 17:15:19
U0381,P0019,5.0,2025-07-28 17:15:19
U0153,P0097,2.2,2025-05-18 17:15:19
U0021,P0041,3.8,2025-05-31 17:15:19
U0384,P0136,4.2,2025-12-04 17:15:19
U0062,P0008,3.0,2025-11-11 17:15:19
U0127,P0190,5.0,2025-06-21 17:15:19
U0035,P0159,5.0,2025-09-08 17:15:19
U0201,P0042,3.9,2026-01-07 17:15:19
U0291,P0021,4.7,2025-12-12 17:15:19
U0481,P0031,3.6,2025-08-23 17:15:19
U0250,P0004,4.8,2025-07-12 17:15:19
U0029,P0094,1.6,2025-08-30 17:15:19
U0286,P0095,3.0,2025-08-24 17:15:19
U0431,P0101,5.0,2025-08-02 17:15:19
U0489,P0193,2.3,2026-03-05 17:15:19
U0197,P0060,2.7,2025-04-01 17:15:19
U0202,P0040,1.2,2026-02-10 17:15:19
U0293,P0132,4.3,2025-09-05 17:15:19
U0186,P0093,5.0,2026-02-23 17:15:19
U0156,P0149,2.3,2025-10-30 17:15:19
U0399,P0196,2.1,2025-11-15 17:15:19
U0154,P0168,3.5,2026-03-07 17:15:19
U0226,P0111,5.0,2025-09-06 17:15:19
U0101,P0176,3.5,2025-10-20 17:15:19
U0310,P0198,5.0,2025-12-19 17:15:19
U0368,P0058,1.6,2025-06-08 17:15:19
U0214,P0089,1.7,2026-03-21 17:15:19
U0155,P0166,1.3,2025-05-20 17:15:19
U0193,P0043,2.9,2025-08-05 17:15:19
U0434,P0044,4.2,2025-09-09 17:15:19
U0069,P0112,2.3,2026-01-24 17:15:19
U0046,P0076,3.3,2026-01-09 17:15:19
U0131,P0056,3.7,2025-08-27 17:15:19
U0341,P0036,1.0,2025-10-01 17:15:19
U0482,P0168,3.4,2025-06-14 17:15:19
U0357,P0083,3.3,2025-11-09 17:15:19
U0345,P0039,3.5,2026-02-02 17:15:19
U0348,P0132,1.7,2025-07-06 17:15:19
U0326,P0011,3.5,2025-06-25 17:15:19
U0377,P0127,1.2,2025-05-25 17:15:19
U0487,P0176,2.2,2025-05-13 17:15:19
U0051,P0190,2.8,2025-05-11 17:15:19
U0477,P0105,1.9,2026-01-09 17:15:19
U0328,P0062,4.8,2025-10-17 17:15:19
U0465,P0183,3.4,2026-02-10 17:15:19
U0337,P0154,3.9,2025-06-06 17:15:19
U0350,P0098,3.9,2025-11-11 17:15:19
U0287,P0087,3.2,2025-11-23 17:15:19
U0455,P0035,3.2,2025-11-01 17:15:19
U0485,P0118,3.4,2025-12-20 17:15:19
U0456,P0094,1.9,2025-04-18 17:15:19
U0030,P0094,4.4,2025-06-26 17:15:19
U0121,P0058,2.6,2025-11-20 17:15:19
U0134,P0052,3.1,2026-03-08 17:15:19
U0415,P0177,3.8,2025-11-22 17:15:19
U0040,P0021,3.6,2025-03-29 17:15:19
U0428,P0094,4.5,2025-04-17 17:15:19
U0208,P0008,1.0,2025-09-15 17:15:19
U0369,P0069,3.2,2025-09-17 17:15:19
U0443,P0120,3.4,2025-09-07 17:15:19
U0470,P0177,3.7,2025-06-10 17:15:19
U0346,P0069,2.2,2025-07-13 17:15:19
U0170,P0117,1.7,2025-09-01 17:15:19
U0301,P0183,4.6,2025-11-08 17:15:19
U0370,P0198,3.9,2025-05-04 17:15:19
U0172,P0052,3.0,2025-09-22 17:15:19
U0496,P0062,4.1,2025-08-14 17:15:19
U0242,P0070,1.5,2025-09-05 17:15:19
U0198,P0187,4.5,2025-05-25 17:15:19
U0398,P0129,5.0,2025-09-11 17:15:19
U0493,P0017,3.6,2025-08-17 17:15:19
U0107,P0072,3.6,2026-01-20 17:15:19
U0041,P0046,3.4,2025-10-01 17:15:19
U0147,P0095,3.5,2026-03-14 17:15:19
U0275,P0179,1.3,2026-03-21 17:15:19
U0294,P0086,4.4,2025-05-13 17:15:19
U0470,P0079,3.2,2025-07-08 17:15:19
U0045,P0088,2.4,2025-12-21 17:15:19
U0390,P0103,3.3,2025-05-24 17:15:19
U0074,P0083,1.4,2025-09-16 17:15:19
U0295,P0098,2.2,2025-09-03 17:15:19
U0155,P0115,4.0,2025-12-22 17:15:19
U0058,P0062,2.6,2026-03-19 17:15:19
U0070,P0062,1.0,2025-09-18 17:15:19
U0398,P0184,4.3,2025-05-28 17:15:19
U0061,P0069,3.6,2025-12-23 17:15:19
U0198,P0032,2.4,2025-10-30 17:15:19
U0027,P0171,2.9,2025-11-10 17:15:19
U0334,P0140,4.6,2025-05-31 17:15:19
U0101,P0064,1.0,2026-01-04 17:15:19
U0482,P0107,4.8,2026-01-25 17:15:19
U0155,P0199,3.4,2025-10-14 17:15:19
U0454,P0080,3.7,2025-12-06 17:15:19
U0368,P0015,3.8,2025-08-06 17:15:19
U0291,P0106,5.0,2025-12-03 17:15:19
U0337,P0198,2.6,2025-08-03 17:15:19
U0116,P0027,3.5,2025-04-11 17:15:19
U0463,P0005,1.5,2026-03-10 17:15:19
U0274,P0166,4.0,2025-04-08 17:15:19
U0375,P0032,3.1,2025-07-15 17:15:19
U0482,P0136,3.7,2025-09-24 17:15:19
U0471,P0043,1.0,2026-01-12 17:15:19
U0478,P0031,5.0,2026-02-13 17:15:19
U0189,P0187,4.2,2025-06-17 17:15:19
U0229,P0024,3.6,2025-06-13 17:15:19
U0144,P0082,3.4,2026-01-04 17:15:19
U0108,P0093,5.0,2025-04-23 17:15:19
U0144,P0190,1.0,2025-12-25 17:15:19
U0222,P0130,4.4,2025-08-02 17:15:19
U0133,P0069,1.1,2025-04-11 17:15:19
U0334,P0174,3.0,2025-07-13 17:15:19
U0025,P0029,4.1,2025-07-14 17:15:19
U0100,P0165,4.6,2026-01-01 17:15:19
U0446,P0166,3.5,2025-04-13 17:15:19
U0013,P0178,2.1,2025-06-28 17:15:19
U0449,P0190,2.0,2026-01-09 17:15:19
U0114,P0114,2.9,2025-08-01 17:15:19
U0232,P0034,5.0,2025-06-03 17:15:19
U0221,P0103,2.8,2025-04-10 17:15:19
U0097,P0050,3.5,2025-07-29 17:15:19
U0002,P0029,3.4,2025-11-03 17:15:19
U0467,P0016,4.4,2025-04-29 17:15:19
U0424,P0012,2.0,2025-05-07 17:15:19
U0359,P0092,2.7,2026-01-06 17:15:19
U0417,P0113,3.4,2025-06-24 17:15:19
U0033,P0007,1.3,2025-09-18 17:15:19
U0167,P0167,3.3,2025-07-03 17:15:19
U0338,P0012,2.7,2026-03-07 17:15:19
U0013,P0039,4.9,2025-07-21 17:15:19
U0439,P0175,3.1,2025-12-24 17:15:19
U0374,P0033,4.5,2026-02-20 17:15:19
U0159,P0048,4.5,2025-10-13 17:15:19
U0238,P0170,2.4,2025-12-16 17:15:19
U0062,P0109,2.2,2026-03-12 17:15:19
U0310,P0078,3.3,2025-11-29 17:15:19
U0355,P0032,2.4,2025-12-04 17:15:19
U0391,P0102,2.6,2025-06-28 17:15:19
U0413,P0161,3.9,2025-04-04 17:15:19
U0045,P0127,4.0,2025-12-31 17:15:19
U0466,P0009,1.9,2025-12-14 17:15:19
U0063,P0051,2.3,2025-09-13 17:15:19
U0319,P0089,1.0,2025-09-27 17:15:19
U0364,P0040,2.9,2025-07-03 17:15:19
U0398,P0101,2.8,2025-12-25 17:15:19
U0465,P0185,2.6,2026-03-12 17:15:19
U0308,P0166,2.3,2025-12-20 17:15:19
U0295,P0186,3.7,2025-05-06 17:15:19
U0402,P0064,4.5,2025-09-30 17:15:19
U0066,P0185,4.0,2025-09-15 17:15:19
U0495,P0158,2.8,2025-09-26 17:15:19
U0424,P0169,2.7,2025-04-10 17:15:19
U0110,P0061,5.0,2026-01-09 17:15:19
U0087,P0039,4.7,2025-05-02 17:15:19
U0355,P0198,4.2,2025-08-11 17:15:19
U0117,P0180,4.0,2025-05-14 17:15:19
U0098,P0134,2.9,2025-05-21 17:15:19
U0312,P0045,5.0,2026-03-25 17:15:19
U0148,P0094,4.6,2025-07-26 17:15:19
U0354,P0178,1.0,2025-12-02 17:15:19
U0401,P0091,3.8,2025-11-30 17:15:19
U0067,P0059,4.1,2025-08-21 17:15:19
U0260,P0090,3.9,2026-03-08 17:15:19
U0241,P0102,4.3,2026-02-07 17:15:19
U0465,P0013,2.2,2025-06-16 17:15:19
U0500,P0118,2.7,2026-03-02 17:15:19
U0262,P0048,3.4,2025-09-07 17:15:19
U0311,P0128,3.8,2026-01-23 17:15:19
U0392,P0130,3.9,2026-01-03 17:15:19
U0425,P0052,3.6,2025-09-11 17:15:19
U0020,P0026,1.6,2026-03-18 17:15:19
U0252,P0032,2.8,2026-01-05 17:15:19
U0203,P0026,2.7,2025-09-25 17:15:19
U0331,P0142,4.4,2025-12-02 17:15:19
U0458,P0143,1.5,2025-04-12 17:15:19
U0287,P0162,1.0,2025-12-22 17:15:19
U0362,P0023,3.1,2025-07-16 17:15:19
U0342,P0162,4.0,2025-08-15 17:15:19
U0473,P0182,3.0,2025-11-11 17:15:19
U0274,P0067,5.0,2025-08-31 17:15:19
U0245,P0052,2.8,2025-10-10 17:15:19
U0227,P0193,2.5,2025-11-11 17:15:19
U0068,P0038,2.1,2025-12-08 17:15:19
U0497,P0056,2.6,2025-04-06 17:15:19
U0488,P0042,5.0,2025-03-26 17:15:19
U0261,P0005,3.2,2025-05-05 17:15:19
U0055,P0194,3.2,2025-05-18 17:15:19
U0150,P0065,5.0,2026-01-06 17:15:19
U0178,P0144,2.1,2025-04-16 17:15:19
U0290,P0040,2.5,2025-04-19 17:15:19
U0351,P0162,4.0,2025-12-21 17:15:19
U0092,P0188,2.8,2025-09-25 17:15:19
U0208,P0015,3.0,2025-09-13 17:15:19
U0094,P0159,3.7,2025-10-04 17:15:19
U0109,P0096,5.0,2025-04-24 17:15:19
U0026,P0100,3.8,2025-11-21 17:15:19
U0427,P0163,3.8,2025-07-23 17:15:19
U0443,P0063,1.7,2026-02-19 17:15:19
U0438,P0166,2.6,2026-01-26 17:15:19
U0273,P0015,4.6,2025-11-06 17:15:19
U0407,P0126,5.0,2025-11-04 17:15:19
U0054,P0061,1.0,2026-03-22 17:15:19
U0249,P0172,2.3,2025-10-15 17:15:19
U0118,P0144,4.4,2025-10-20 17:15:19
U0396,P0032,4.6,2025-04-25 17:15:19
U0288,P0083,2.5,2026-01-08 17:15:19
U0007,P0169,3.0,2026-02-17 17:15:19
U0113,P0199,1.7,2025-09-09 17:15:19
U0090,P0103,5.0,2025-04-21 17:15:19
U0030,P0131,5.0,2025-10-30 17:15:19
U0340,P0103,2.7,2025-11-28 17:15:19
U0293,P0185,2.9,2025-07-26 17:15:19
U0337,P0094,1.5,2025-09-09 17:15:19
U0033,P0081,3.2,2025-11-04 17:15:19
U0405,P0122,1.2,2026-03-02 17:15:19
U0186,P0082,2.2,2025-11-17 17:15:19
U0292,P0019,3.0,2025-12-26 17:15:19
U0480,P0161,3.9,2025-04-22 17:15:19
U0035,P0095,2.8,2026-02-09 17:15:19
U0220,P0185,1.4,2025-11-08 17:15:19
U0037,P0020,4.6,2025-06-09 17:15:19
U0393,P0173,3.4,2025-10-01 17:15:19
U0169,P0110,2.2,2025-11-06 17:15:19
U0009,P0146,4.2,2025-04-16 17:15:19
U0047,P0148,2.6,2025-09-14 17:15:19
U0304,P0055,2.5,2025-05-27 17:15:19
U0165,P0116,1.7,2025-06-18 17:15:19
U0413,P0048,3.7,2026-02-23 17:15:19
U0245,P0001,2.5,2026-01-14 17:15:19
U0010,P0065,2.6,2025-12-29 17:15:19
U0223,P0041,2.0,2025-04-18 17:15:19
U0008,P0019,2.9,2025-05-11 17:15:19
U0444,P0167,2.7,2025-07-14 17:15:19
U0050,P0035,3.7,2025-04-21 17:15:19
U0046,P0039,3.8,2025-10-19 17:15:19
U0038,P0052,2.8,2025-06-06 17:15:19
U0125,P0193,5.0,2025-08-17 17:15:19
U0464,P0159,3.9,2025-08-31 17:15:19
U0237,P0137,4.4,2025-06-08 17:15:19
U0332,P0117,3.5,2025-08-30 17:15:19
U0489,P0134,4.9,2025-07-26 17:15:19
U0111,P0019,4.4,2025-12-31 17:15:19
U0458,P0124,3.2,2025-11-27 17:15:19
U0041,P0155,2.8,2025-12-21 17:15:19
U0068,P0113,2.5,2025-04-26 17:15:19
U0200,P0173,2.7,2026-03-11 17:15:19
U0236,P0087,4.6,2025-04-03 17:15:19
U0296,P0136,3.2,2025-06-25 17:15:19
U0319,P0122,3.9,2025-04-27 17:15:19
U0279,P0108,1.3,2025-09-26 17:15:19
U0480,P0054,1.8,2025-05-06 17:15:19
U0351,P0147,3.7,2025-04-02 17:15:19
U0355,P0080,3.5,2025-12-12 17:15:19
U0060,P0155,2.6,2026-02-07 17:15:19
U0323,P0198,1.4,2025-09-11 17:15:19
U0169,P0080,4.3,2025-12-19 17:15:19
U0016,P0132,3.5,2025-04-15 17:15:19
U0372,P0149,3.5,2025-05-03 17:15:19
U0172,P0047,3.3,2025-11-26 17:15:19
U0064,P0038,3.5,2026-03-02 17:15:19
U0082,P0031,3.9,2025-05-29 17:15:19
U0036,P0091,3.4,2026-03-13 17:15:19
U0397,P0090,2.6,2025-07-20 17:15:19
U0414,P0097,3.1,2025-11-06 17:15:19
U0145,P0145,2.7,2025-05-02 17:15:19
U0234,P0073,2.8,2025-07-23 17:15:19
U0004,P0183,2.6,2026-02-28 17:15:19
U0001,P0036,2.2,2025-08-22 17:15:19
U0496,P0144,4.9,2025-07-31 17:15:19
U0203,P0079,2.6,2025-10-18 17:15:19
U0279,P0171,4.7,2025-08-15 17:15:19
U0255,P0103,2.2,2025-10-24 17:15:19
U0294,P0115,1.0,2025-05-26 17:15:19
U0231,P0080,2.8,2026-02-08 17:15:19
U0198,P0089,1.1,2025-08-19 17:15:19
U0354,P0009,2.3,2025-11-14 17:15:19
U0440,P0085,3.7,2026-03-09 17:15:19
U0012,P0105,4.1,2025-11-20 17:15:19
U0181,P0081,4.4,2025-04-02 17:15:19
U0113,P0121,4.2,2025-12-14 17:15:19
U0020,P0151,4.8,2025-09-09 17:15:19
U0500,P0070,4.4,2025-06-09 17:15:19
U0219,P0158,2.0,2025-12-20 17:15:19
U0493,P0119,3.6,2025-08-12 17:15:19
U0041,P0029,2.9,2025-05-04 17:15:19
U0290,P0167,2.8,2025-09-23 17:15:19
U0071,P0146,1.0,2025-04-03 17:15:19
U0195,P0058,2.7,2025-10-12 17:15:19
U0106,P0013,4.2,2025-04-04 17:15:19
U0190,P0152,4.2,2025-07-30 17:15:19
